2025.10.16 22:53:18 INFO  Started: Metals version 1.6.3 in folders 'C:\Users\serg\j25-26\tasks\term-1\3' for client Visual Studio Code 1.105.0.
2025.10.16 22:53:19 WARN  Using H2 2.4.240 which is newer than the version Flyway has been verified with. The latest verified version of H2 is 2.3.232.
2025.10.16 22:53:23 INFO  running 'C:\Users\serg\AppData\Local\Coursier\cache\arc\https\github.com\adoptium\temurin17-binaries\releases\download\jdk-17.0.16%252B8\OpenJDK17U-jdk_x64_windows_hotspot_17.0.16_8.zip\jdk-17.0.16+8\bin\java.exe -Djline.terminal=jline.UnsupportedTerminal -Dsbt.log.noformat=true -Dfile.encoding=UTF-8 -jar C:\Users\serg\AppData\Local\Temp\metals6483726749517851764\sbt-launch.jar -Dbloop.export-jar-classifiers=sources bloopInstall'
2025.10.16 22:53:24 INFO  [info] welcome to sbt 1.11.7 (Eclipse Adoptium Java 17.0.16)
2025.10.16 22:53:26 INFO  [info] loading settings for project root-3-build-build-build from metals.sbt...
2025.10.16 22:53:26 INFO  [info] loading project definition from C:\Users\serg\j25-26\tasks\term-1\3\project\project\project
2025.10.16 22:53:28 INFO  [info] loading settings for project root-3-build-build from metals.sbt...
2025.10.16 22:53:28 INFO  [info] loading project definition from C:\Users\serg\j25-26\tasks\term-1\3\project\project
2025.10.16 22:53:30 INFO  [success] Generated .bloop\root-3-build-build.json
2025.10.16 22:53:30 INFO  [success] Total time: 2 s, completed 16 РѕРєС‚. 2025 Рі., 22:53:30
2025.10.16 22:53:30 INFO  [info] loading settings for project root-3-build from metals.sbt, plugins.sbt...
2025.10.16 22:53:30 INFO  [info] loading project definition from C:\Users\serg\j25-26\tasks\term-1\3\project
2025.10.16 22:53:32 INFO  [success] Generated .bloop\root-3-build.json
2025.10.16 22:53:32 INFO  [success] Total time: 1 s, completed 16 РѕРєС‚. 2025 Рі., 22:53:32
2025.10.16 22:53:33 ERROR C:\Users\serg\j25-26\tasks\term-1\3\build.sbt:16: warning: method in in trait ScopingSetting is deprecated (since 1.5.0): `in` is deprecated; migrate to slash syntax - https://www.scala-sbt.org/1.x/docs/Migrating-from-sbt-013x.html#slash
2025.10.16 22:53:33 ERROR parallelExecution in Test := false
2025.10.16 22:53:33 ERROR                   ^
2025.10.16 22:53:33 INFO  [info] loading settings for project root-3 from build.sbt...
2025.10.16 22:53:33 INFO  [info] set current project to funsets (in build file:/C:/Users/serg/j25-26/tasks/term-1/3/)
2025.10.16 22:53:33 INFO  [success] Generated .bloop\root-3-test.json
2025.10.16 22:53:33 INFO  [success] Generated .bloop\root-3.json
2025.10.16 22:53:33 INFO  [success] Total time: 1 s, completed 16 РѕРєС‚. 2025 Рі., 22:53:34
2025.10.16 22:53:34 INFO  time: ran 'sbt bloopInstall' in 11s
2025.10.16 22:53:34 INFO  Attempting to connect to the build server...
2025.10.16 22:53:34 INFO  Found a Bloop server running
2025.10.16 22:53:35 INFO  tracing is disabled for protocol BSP, to enable tracing of incoming and outgoing JSON messages create an empty file at C:\Users\serg\j25-26\tasks\term-1\3\.metals\bsp.trace.json or C:\Users\serg\AppData\Local\scalameta\metals\cache\bsp.trace.json
2025.10.16 22:53:38 INFO  Attempting to connect to the build server...
2025.10.16 22:53:38 INFO  Found a Bloop server running
2025.10.16 22:53:38 INFO  Attempting to connect to the build server...
2025.10.16 22:53:38 INFO  Found a Bloop server running
2025.10.16 22:53:38 INFO  tracing is disabled for protocol BSP, to enable tracing of incoming and outgoing JSON messages create an empty file at C:\Users\serg\j25-26\tasks\term-1\3\project\project\.metals\bsp.trace.json or C:\Users\serg\AppData\Local\scalameta\metals\cache\bsp.trace.json
2025.10.16 22:53:38 INFO  tracing is disabled for protocol BSP, to enable tracing of incoming and outgoing JSON messages create an empty file at C:\Users\serg\j25-26\tasks\term-1\3\project\.metals\bsp.trace.json or C:\Users\serg\AppData\Local\scalameta\metals\cache\bsp.trace.json
2025.10.16 22:53:41 INFO  time: Connected to build server in 6.96s
2025.10.16 22:53:41 INFO  Connected to Build server: Bloop v2.0.13
2025.10.16 22:53:43 ERROR Error downloading Dependency{module=Module(org.scalameta, mtags_2.12.7), version='1.6.3', exclusions=[], configuration='', publication=null, transitive=true, overrides={}}
coursierapi.error.SimpleResolutionError$1: Error downloading org.scalameta:mtags_2.12.7:1.6.3
  not found: C:\Users\serg\.ivy2\local\org.scalameta\mtags_2.12.7\1.6.3\ivys\ivy.xml
  not found: https://repo1.maven.org/maven2/org/scalameta/mtags_2.12.7/1.6.3/mtags_2.12.7-1.6.3.pom
  not found: C:\Users\serg\.m2\repository\org\scalameta\mtags_2.12.7\1.6.3\mtags_2.12.7-1.6.3.pom
  not found: https://central.sonatype.com/repository/maven-snapshots/org/scalameta/mtags_2.12.7/1.6.3/mtags_2.12.7-1.6.3.pom
	at coursierapi.error.SimpleResolutionError.of(SimpleResolutionError.java:11)
	at coursierapi.shaded.coursier.internal.api.ApiHelper$.simpleResError(ApiHelper.scala:451)
	at coursierapi.shaded.coursier.internal.api.ApiHelper$.doFetch(ApiHelper.scala:495)
	at coursierapi.shaded.coursier.internal.api.ApiHelper.doFetch(ApiHelper.scala)
	at coursierapi.Fetch.fetchResult(Fetch.java:239)
	at coursierapi.Fetch.fetch(Fetch.java:234)
	at scala.meta.internal.metals.Embedded$.downloadDependency(Embedded.scala:432)
	at scala.meta.internal.metals.Embedded$.downloadMtags(Embedded.scala:482)
	at scala.meta.internal.metals.MtagsResolver$Default.$anonfun$resolve$3(MtagsResolver.scala:168)
	at scala.concurrent.Future$.$anonfun$apply$1(Future.scala:691)
	at scala.concurrent.impl.Promise$Transformation.run(Promise.scala:500)
	at java.util.concurrent.ThreadPoolExecutor.runWorker(ThreadPoolExecutor.java:1136)
	at java.util.concurrent.ThreadPoolExecutor$Worker.run(ThreadPoolExecutor.java:635)
	at java.lang.Thread.run(Thread.java:840)

2025.10.16 22:53:43 INFO  Found coursier in path under C:\Users\serg\.metals\cs.exe, using it to fetch dependency
2025.10.16 22:53:43 ERROR Downloading https://repo1.maven.org/maven2/org/scalameta/mtags_2.12.7/1.6.3/mtags_2.12.7-1.6.3.pom
2025.10.16 22:53:43 ERROR Downloaded https://repo1.maven.org/maven2/org/scalameta/mtags_2.12.7/1.6.3/mtags_2.12.7-1.6.3.pom
2025.10.16 22:53:43 ERROR Downloading https://repo1.maven.org/maven2/org/scalameta/mtags_2.12.7/1.6.3/mtags_2.12.7-1.6.3.pom.sha1
2025.10.16 22:53:43 ERROR Downloaded https://repo1.maven.org/maven2/org/scalameta/mtags_2.12.7/1.6.3/mtags_2.12.7-1.6.3.pom.sha1
2025.10.16 22:53:43 ERROR Resolution error: Error downloading org.scalameta:mtags_2.12.7:1.6.3
2025.10.16 22:53:43 ERROR   not found: C:\Users\serg\.ivy2\local\org.scalameta\mtags_2.12.7\1.6.3\ivys\ivy.xml
2025.10.16 22:53:43 ERROR   not found: https://repo1.maven.org/maven2/org/scalameta/mtags_2.12.7/1.6.3/mtags_2.12.7-1.6.3.pom
2025.10.16 22:53:45 ERROR Error downloading Dependency{module=Module(org.scalameta, mtags_2.12.7), version='1.6.3', exclusions=[], configuration='', publication=null, transitive=true, overrides={}}
coursierapi.error.SimpleResolutionError$1: Error downloading org.scalameta:mtags_2.12.7:1.6.3
  not found: C:\Users\serg\.ivy2\local\org.scalameta\mtags_2.12.7\1.6.3\ivys\ivy.xml
  not found: https://repo1.maven.org/maven2/org/scalameta/mtags_2.12.7/1.6.3/mtags_2.12.7-1.6.3.pom
  not found: C:\Users\serg\.m2\repository\org\scalameta\mtags_2.12.7\1.6.3\mtags_2.12.7-1.6.3.pom
  not found: https://central.sonatype.com/repository/maven-snapshots/org/scalameta/mtags_2.12.7/1.6.3/mtags_2.12.7-1.6.3.pom
	at coursierapi.error.SimpleResolutionError.of(SimpleResolutionError.java:11)
	at coursierapi.shaded.coursier.internal.api.ApiHelper$.simpleResError(ApiHelper.scala:451)
	at coursierapi.shaded.coursier.internal.api.ApiHelper$.doFetch(ApiHelper.scala:495)
	at coursierapi.shaded.coursier.internal.api.ApiHelper.doFetch(ApiHelper.scala)
	at coursierapi.Fetch.fetchResult(Fetch.java:239)
	at coursierapi.Fetch.fetch(Fetch.java:234)
	at scala.meta.internal.metals.Embedded$.downloadDependency(Embedded.scala:432)
	at scala.meta.internal.metals.Embedded$.downloadMtags(Embedded.scala:482)
	at scala.meta.internal.metals.MtagsResolver$Default.$anonfun$resolve$3(MtagsResolver.scala:168)
	at scala.concurrent.Future$.$anonfun$apply$1(Future.scala:691)
	at scala.concurrent.impl.Promise$Transformation.run(Promise.scala:500)
	at java.util.concurrent.ThreadPoolExecutor.runWorker(ThreadPoolExecutor.java:1136)
	at java.util.concurrent.ThreadPoolExecutor$Worker.run(ThreadPoolExecutor.java:635)
	at java.lang.Thread.run(Thread.java:840)

2025.10.16 22:53:45 INFO  Found coursier in path under C:\Users\serg\.metals\cs.exe, using it to fetch dependency
2025.10.16 22:53:45 ERROR Downloading https://repo1.maven.org/maven2/org/scalameta/mtags_2.12.7/1.6.3/mtags_2.12.7-1.6.3.pom
2025.10.16 22:53:45 ERROR Downloaded https://repo1.maven.org/maven2/org/scalameta/mtags_2.12.7/1.6.3/mtags_2.12.7-1.6.3.pom
2025.10.16 22:53:45 ERROR Downloading https://repo1.maven.org/maven2/org/scalameta/mtags_2.12.7/1.6.3/mtags_2.12.7-1.6.3.pom.sha1
2025.10.16 22:53:45 ERROR Downloaded https://repo1.maven.org/maven2/org/scalameta/mtags_2.12.7/1.6.3/mtags_2.12.7-1.6.3.pom.sha1
2025.10.16 22:53:45 ERROR Resolution error: Error downloading org.scalameta:mtags_2.12.7:1.6.3
2025.10.16 22:53:45 ERROR   not found: C:\Users\serg\.ivy2\local\org.scalameta\mtags_2.12.7\1.6.3\ivys\ivy.xml
2025.10.16 22:53:45 ERROR   not found: https://repo1.maven.org/maven2/org/scalameta/mtags_2.12.7/1.6.3/mtags_2.12.7-1.6.3.pom
2025.10.16 22:53:46 ERROR Error downloading Dependency{module=Module(org.scalameta, mtags_2.12.7), version='1.6.3', exclusions=[], configuration='', publication=null, transitive=true, overrides={}}
coursierapi.error.SimpleResolutionError$1: Error downloading org.scalameta:mtags_2.12.7:1.6.3
  not found: C:\Users\serg\.ivy2\local\org.scalameta\mtags_2.12.7\1.6.3\ivys\ivy.xml
  not found: https://repo1.maven.org/maven2/org/scalameta/mtags_2.12.7/1.6.3/mtags_2.12.7-1.6.3.pom
  not found: C:\Users\serg\.m2\repository\org\scalameta\mtags_2.12.7\1.6.3\mtags_2.12.7-1.6.3.pom
  not found: https://central.sonatype.com/repository/maven-snapshots/org/scalameta/mtags_2.12.7/1.6.3/mtags_2.12.7-1.6.3.pom
	at coursierapi.error.SimpleResolutionError.of(SimpleResolutionError.java:11)
	at coursierapi.shaded.coursier.internal.api.ApiHelper$.simpleResError(ApiHelper.scala:451)
	at coursierapi.shaded.coursier.internal.api.ApiHelper$.doFetch(ApiHelper.scala:495)
	at coursierapi.shaded.coursier.internal.api.ApiHelper.doFetch(ApiHelper.scala)
	at coursierapi.Fetch.fetchResult(Fetch.java:239)
	at coursierapi.Fetch.fetch(Fetch.java:234)
	at scala.meta.internal.metals.Embedded$.downloadDependency(Embedded.scala:432)
	at scala.meta.internal.metals.Embedded$.downloadMtags(Embedded.scala:482)
	at scala.meta.internal.metals.MtagsResolver$Default.$anonfun$resolve$3(MtagsResolver.scala:168)
	at scala.concurrent.Future$.$anonfun$apply$1(Future.scala:691)
	at scala.concurrent.impl.Promise$Transformation.run(Promise.scala:500)
	at java.util.concurrent.ThreadPoolExecutor.runWorker(ThreadPoolExecutor.java:1136)
	at java.util.concurrent.ThreadPoolExecutor$Worker.run(ThreadPoolExecutor.java:635)
	at java.lang.Thread.run(Thread.java:840)

2025.10.16 22:53:46 INFO  Found coursier in path under C:\Users\serg\.metals\cs.exe, using it to fetch dependency
2025.10.16 22:53:46 ERROR Downloading https://repo1.maven.org/maven2/org/scalameta/mtags_2.12.7/1.6.3/mtags_2.12.7-1.6.3.pom
2025.10.16 22:53:46 ERROR Downloaded https://repo1.maven.org/maven2/org/scalameta/mtags_2.12.7/1.6.3/mtags_2.12.7-1.6.3.pom
2025.10.16 22:53:46 ERROR Downloading https://repo1.maven.org/maven2/org/scalameta/mtags_2.12.7/1.6.3/mtags_2.12.7-1.6.3.pom.sha1
2025.10.16 22:53:46 ERROR Downloaded https://repo1.maven.org/maven2/org/scalameta/mtags_2.12.7/1.6.3/mtags_2.12.7-1.6.3.pom.sha1
2025.10.16 22:53:46 ERROR Resolution error: Error downloading org.scalameta:mtags_2.12.7:1.6.3
2025.10.16 22:53:46 ERROR   not found: C:\Users\serg\.ivy2\local\org.scalameta\mtags_2.12.7\1.6.3\ivys\ivy.xml
2025.10.16 22:53:46 ERROR   not found: https://repo1.maven.org/maven2/org/scalameta/mtags_2.12.7/1.6.3/mtags_2.12.7-1.6.3.pom
2025.10.16 22:53:47 ERROR Error downloading Dependency{module=Module(org.scalameta, mtags_2.12.7), version='1.6.3', exclusions=[], configuration='', publication=null, transitive=true, overrides={}}
coursierapi.error.SimpleResolutionError$1: Error downloading org.scalameta:mtags_2.12.7:1.6.3
  not found: C:\Users\serg\.ivy2\local\org.scalameta\mtags_2.12.7\1.6.3\ivys\ivy.xml
  not found: https://repo1.maven.org/maven2/org/scalameta/mtags_2.12.7/1.6.3/mtags_2.12.7-1.6.3.pom
  not found: C:\Users\serg\.m2\repository\org\scalameta\mtags_2.12.7\1.6.3\mtags_2.12.7-1.6.3.pom
  not found: https://central.sonatype.com/repository/maven-snapshots/org/scalameta/mtags_2.12.7/1.6.3/mtags_2.12.7-1.6.3.pom
	at coursierapi.error.SimpleResolutionError.of(SimpleResolutionError.java:11)
	at coursierapi.shaded.coursier.internal.api.ApiHelper$.simpleResError(ApiHelper.scala:451)
	at coursierapi.shaded.coursier.internal.api.ApiHelper$.doFetch(ApiHelper.scala:495)
	at coursierapi.shaded.coursier.internal.api.ApiHelper.doFetch(ApiHelper.scala)
	at coursierapi.Fetch.fetchResult(Fetch.java:239)
	at coursierapi.Fetch.fetch(Fetch.java:234)
	at scala.meta.internal.metals.Embedded$.downloadDependency(Embedded.scala:432)
	at scala.meta.internal.metals.Embedded$.downloadMtags(Embedded.scala:482)
	at scala.meta.internal.metals.MtagsResolver$Default.$anonfun$resolve$3(MtagsResolver.scala:168)
	at scala.concurrent.Future$.$anonfun$apply$1(Future.scala:691)
	at scala.concurrent.impl.Promise$Transformation.run(Promise.scala:500)
	at java.util.concurrent.ThreadPoolExecutor.runWorker(ThreadPoolExecutor.java:1136)
	at java.util.concurrent.ThreadPoolExecutor$Worker.run(ThreadPoolExecutor.java:635)
	at java.lang.Thread.run(Thread.java:840)

2025.10.16 22:53:47 INFO  Found coursier in path under C:\Users\serg\.metals\cs.exe, using it to fetch dependency
2025.10.16 22:53:47 ERROR Downloading https://repo1.maven.org/maven2/org/scalameta/mtags_2.12.7/1.6.3/mtags_2.12.7-1.6.3.pom
2025.10.16 22:53:47 ERROR Downloaded https://repo1.maven.org/maven2/org/scalameta/mtags_2.12.7/1.6.3/mtags_2.12.7-1.6.3.pom
2025.10.16 22:53:47 ERROR Downloading https://repo1.maven.org/maven2/org/scalameta/mtags_2.12.7/1.6.3/mtags_2.12.7-1.6.3.pom.sha1
2025.10.16 22:53:47 ERROR Downloaded https://repo1.maven.org/maven2/org/scalameta/mtags_2.12.7/1.6.3/mtags_2.12.7-1.6.3.pom.sha1
2025.10.16 22:53:47 ERROR Resolution error: Error downloading org.scalameta:mtags_2.12.7:1.6.3
2025.10.16 22:53:47 ERROR   not found: C:\Users\serg\.ivy2\local\org.scalameta\mtags_2.12.7\1.6.3\ivys\ivy.xml
2025.10.16 22:53:47 ERROR   not found: https://repo1.maven.org/maven2/org/scalameta/mtags_2.12.7/1.6.3/mtags_2.12.7-1.6.3.pom
2025.10.16 22:53:49 ERROR Error downloading Dependency{module=Module(org.scalameta, mtags_2.12.7), version='1.6.3', exclusions=[], configuration='', publication=null, transitive=true, overrides={}}
coursierapi.error.SimpleResolutionError$1: Error downloading org.scalameta:mtags_2.12.7:1.6.3
  not found: C:\Users\serg\.ivy2\local\org.scalameta\mtags_2.12.7\1.6.3\ivys\ivy.xml
  not found: https://repo1.maven.org/maven2/org/scalameta/mtags_2.12.7/1.6.3/mtags_2.12.7-1.6.3.pom
  not found: C:\Users\serg\.m2\repository\org\scalameta\mtags_2.12.7\1.6.3\mtags_2.12.7-1.6.3.pom
  not found: https://central.sonatype.com/repository/maven-snapshots/org/scalameta/mtags_2.12.7/1.6.3/mtags_2.12.7-1.6.3.pom
	at coursierapi.error.SimpleResolutionError.of(SimpleResolutionError.java:11)
	at coursierapi.shaded.coursier.internal.api.ApiHelper$.simpleResError(ApiHelper.scala:451)
	at coursierapi.shaded.coursier.internal.api.ApiHelper$.doFetch(ApiHelper.scala:495)
	at coursierapi.shaded.coursier.internal.api.ApiHelper.doFetch(ApiHelper.scala)
	at coursierapi.Fetch.fetchResult(Fetch.java:239)
	at coursierapi.Fetch.fetch(Fetch.java:234)
	at scala.meta.internal.metals.Embedded$.downloadDependency(Embedded.scala:432)
	at scala.meta.internal.metals.Embedded$.downloadMtags(Embedded.scala:482)
	at scala.meta.internal.metals.MtagsResolver$Default.$anonfun$resolve$3(MtagsResolver.scala:168)
	at scala.concurrent.Future$.$anonfun$apply$1(Future.scala:691)
	at scala.concurrent.impl.Promise$Transformation.run(Promise.scala:500)
	at java.util.concurrent.ThreadPoolExecutor.runWorker(ThreadPoolExecutor.java:1136)
	at java.util.concurrent.ThreadPoolExecutor$Worker.run(ThreadPoolExecutor.java:635)
	at java.lang.Thread.run(Thread.java:840)

2025.10.16 22:53:49 INFO  Found coursier in path under C:\Users\serg\.metals\cs.exe, using it to fetch dependency
2025.10.16 22:53:49 ERROR Downloading https://repo1.maven.org/maven2/org/scalameta/mtags_2.12.7/1.6.3/mtags_2.12.7-1.6.3.pom
2025.10.16 22:53:49 ERROR Downloaded https://repo1.maven.org/maven2/org/scalameta/mtags_2.12.7/1.6.3/mtags_2.12.7-1.6.3.pom
2025.10.16 22:53:49 ERROR Downloading https://repo1.maven.org/maven2/org/scalameta/mtags_2.12.7/1.6.3/mtags_2.12.7-1.6.3.pom.sha1
2025.10.16 22:53:49 ERROR Downloaded https://repo1.maven.org/maven2/org/scalameta/mtags_2.12.7/1.6.3/mtags_2.12.7-1.6.3.pom.sha1
2025.10.16 22:53:49 ERROR Resolution error: Error downloading org.scalameta:mtags_2.12.7:1.6.3
2025.10.16 22:53:49 ERROR   not found: C:\Users\serg\.ivy2\local\org.scalameta\mtags_2.12.7\1.6.3\ivys\ivy.xml
2025.10.16 22:53:49 ERROR   not found: https://repo1.maven.org/maven2/org/scalameta/mtags_2.12.7/1.6.3/mtags_2.12.7-1.6.3.pom
2025.10.16 22:53:50 ERROR Error downloading Dependency{module=Module(org.scalameta, mtags_2.12.7), version='1.6.3', exclusions=[], configuration='', publication=null, transitive=true, overrides={}}
coursierapi.error.SimpleResolutionError$1: Error downloading org.scalameta:mtags_2.12.7:1.6.3
  not found: C:\Users\serg\.ivy2\local\org.scalameta\mtags_2.12.7\1.6.3\ivys\ivy.xml
  not found: https://repo1.maven.org/maven2/org/scalameta/mtags_2.12.7/1.6.3/mtags_2.12.7-1.6.3.pom
  not found: C:\Users\serg\.m2\repository\org\scalameta\mtags_2.12.7\1.6.3\mtags_2.12.7-1.6.3.pom
  not found: https://central.sonatype.com/repository/maven-snapshots/org/scalameta/mtags_2.12.7/1.6.3/mtags_2.12.7-1.6.3.pom
	at coursierapi.error.SimpleResolutionError.of(SimpleResolutionError.java:11)
	at coursierapi.shaded.coursier.internal.api.ApiHelper$.simpleResError(ApiHelper.scala:451)
	at coursierapi.shaded.coursier.internal.api.ApiHelper$.doFetch(ApiHelper.scala:495)
	at coursierapi.shaded.coursier.internal.api.ApiHelper.doFetch(ApiHelper.scala)
	at coursierapi.Fetch.fetchResult(Fetch.java:239)
	at coursierapi.Fetch.fetch(Fetch.java:234)
	at scala.meta.internal.metals.Embedded$.downloadDependency(Embedded.scala:432)
	at scala.meta.internal.metals.Embedded$.downloadMtags(Embedded.scala:482)
	at scala.meta.internal.metals.MtagsResolver$Default.$anonfun$resolve$3(MtagsResolver.scala:168)
	at scala.concurrent.Future$.$anonfun$apply$1(Future.scala:691)
	at scala.concurrent.impl.Promise$Transformation.run(Promise.scala:500)
	at java.util.concurrent.ThreadPoolExecutor.runWorker(ThreadPoolExecutor.java:1136)
	at java.util.concurrent.ThreadPoolExecutor$Worker.run(ThreadPoolExecutor.java:635)
	at java.lang.Thread.run(Thread.java:840)

2025.10.16 22:53:50 INFO  Found coursier in path under C:\Users\serg\.metals\cs.exe, using it to fetch dependency
2025.10.16 22:53:50 ERROR Downloading https://repo1.maven.org/maven2/org/scalameta/mtags_2.12.7/1.6.3/mtags_2.12.7-1.6.3.pom
2025.10.16 22:53:50 ERROR Downloaded https://repo1.maven.org/maven2/org/scalameta/mtags_2.12.7/1.6.3/mtags_2.12.7-1.6.3.pom
2025.10.16 22:53:50 ERROR Downloading https://repo1.maven.org/maven2/org/scalameta/mtags_2.12.7/1.6.3/mtags_2.12.7-1.6.3.pom.sha1
2025.10.16 22:53:50 ERROR Downloaded https://repo1.maven.org/maven2/org/scalameta/mtags_2.12.7/1.6.3/mtags_2.12.7-1.6.3.pom.sha1
2025.10.16 22:53:50 ERROR Resolution error: Error downloading org.scalameta:mtags_2.12.7:1.6.3
2025.10.16 22:53:50 ERROR   not found: C:\Users\serg\.ivy2\local\org.scalameta\mtags_2.12.7\1.6.3\ivys\ivy.xml
2025.10.16 22:53:50 ERROR   not found: https://repo1.maven.org/maven2/org/scalameta/mtags_2.12.7/1.6.3/mtags_2.12.7-1.6.3.pom
2025.10.16 22:53:50 ERROR Failed to resolve mtags for 2.12.7
coursierapi.error.SimpleResolutionError$1: Error downloading org.scalameta:mtags_2.12.7:1.6.3
  not found: C:\Users\serg\.ivy2\local\org.scalameta\mtags_2.12.7\1.6.3\ivys\ivy.xml
  not found: https://repo1.maven.org/maven2/org/scalameta/mtags_2.12.7/1.6.3/mtags_2.12.7-1.6.3.pom
  not found: C:\Users\serg\.m2\repository\org\scalameta\mtags_2.12.7\1.6.3\mtags_2.12.7-1.6.3.pom
  not found: https://central.sonatype.com/repository/maven-snapshots/org/scalameta/mtags_2.12.7/1.6.3/mtags_2.12.7-1.6.3.pom
	at coursierapi.error.SimpleResolutionError.of(SimpleResolutionError.java:11)
	at coursierapi.shaded.coursier.internal.api.ApiHelper$.simpleResError(ApiHelper.scala:451)
	at coursierapi.shaded.coursier.internal.api.ApiHelper$.doFetch(ApiHelper.scala:495)
	at coursierapi.shaded.coursier.internal.api.ApiHelper.doFetch(ApiHelper.scala)
	at coursierapi.Fetch.fetchResult(Fetch.java:239)
	at coursierapi.Fetch.fetch(Fetch.java:234)
	at scala.meta.internal.metals.Embedded$.downloadDependency(Embedded.scala:432)
	at scala.meta.internal.metals.Embedded$.downloadMtags(Embedded.scala:482)
	at scala.meta.internal.metals.MtagsResolver$Default.$anonfun$resolve$3(MtagsResolver.scala:168)
	at scala.concurrent.Future$.$anonfun$apply$1(Future.scala:691)
	at scala.concurrent.impl.Promise$Transformation.run(Promise.scala:500)
	at java.util.concurrent.ThreadPoolExecutor.runWorker(ThreadPoolExecutor.java:1136)
	at java.util.concurrent.ThreadPoolExecutor$Worker.run(ThreadPoolExecutor.java:635)
	at java.lang.Thread.run(Thread.java:840)

2025.10.16 22:53:55 WARN  Using H2 2.4.240 which is newer than the version Flyway has been verified with. The latest verified version of H2 is 2.3.232.
2025.10.16 22:54:00 INFO  time: indexed workspace in 18s
окт. 16, 2025 10:54:19 PM org.eclipse.lsp4j.jsonrpc.services.GenericEndpoint notify
INFO: Unsupported notification method: $/setTrace
2025.10.16 22:54:46 WARN  unsupported Scala 2.12.7
2025.10.16 22:54:46 INFO  compiling root-3 (3 scala sources)
2025.10.16 22:54:46 INFO  Non-compiled module 'compiler-bridge_2.12' for Scala 2.12.7. Compiling...
2025.10.16 22:54:46 WARN  unsupported Scala 2.12.7
2025.10.16 22:54:46 WARN  unsupported Scala 2.12.7
2025.10.16 22:54:53 WARN  unsupported Scala 2.12.7
2025.10.16 22:54:53 WARN  unsupported Scala 2.12.7
2025.10.16 22:54:54 WARN  unsupported Scala 2.12.7
2025.10.16 22:54:56 INFO  Compilation completed in 9.099s.
2025.10.16 22:54:56 INFO  time: compiled root-3 in 9.59s
2025.10.16 22:54:56 INFO  compiling root-3 (3 scala sources)
2025.10.16 22:54:56 INFO  time: compiled root-3 in 12ms
2025.10.16 22:57:17 WARN  unsupported Scala 2.12.7
2025.10.16 22:57:26 INFO  running 'C:\Users\serg\AppData\Local\Coursier\cache\arc\https\github.com\adoptium\temurin17-binaries\releases\download\jdk-17.0.16%252B8\OpenJDK17U-jdk_x64_windows_hotspot_17.0.16_8.zip\jdk-17.0.16+8\bin\java.exe -Djline.terminal=jline.UnsupportedTerminal -Dsbt.log.noformat=true -Dfile.encoding=UTF-8 -jar C:\Users\serg\AppData\Local\Temp\metals12098752802145938817\sbt-launch.jar -Dbloop.export-jar-classifiers=sources bloopInstall'
2025.10.16 22:57:27 INFO  [info] welcome to sbt 1.11.7 (Eclipse Adoptium Java 17.0.16)
2025.10.16 22:57:27 INFO  [info] loading settings for project root-3-build-build-build from metals.sbt...
2025.10.16 22:57:29 INFO  [info] loading project definition from C:\Users\serg\j25-26\tasks\term-1\3\project\project\project
2025.10.16 22:57:29 INFO  [info] loading settings for project root-3-build-build from metals.sbt...
2025.10.16 22:57:29 INFO  [info] loading project definition from C:\Users\serg\j25-26\tasks\term-1\3\project\project
2025.10.16 22:57:31 INFO  [success] Generated .bloop\root-3-build-build.json
2025.10.16 22:57:31 INFO  [success] Total time: 2 s, completed 16 РѕРєС‚. 2025 Рі., 22:57:31
2025.10.16 22:57:31 INFO  [info] loading settings for project root-3-build from metals.sbt, plugins.sbt...
2025.10.16 22:57:31 INFO  [info] loading project definition from C:\Users\serg\j25-26\tasks\term-1\3\project
2025.10.16 22:57:32 INFO  [success] Generated .bloop\root-3-build.json
2025.10.16 22:57:32 INFO  [success] Total time: 1 s, completed 16 РѕРєС‚. 2025 Рі., 22:57:32
2025.10.16 22:57:34 INFO  [info] loading settings for project root-3 from build.sbt...
2025.10.16 22:57:34 INFO  [info] set current project to funsets (in build file:/C:/Users/serg/j25-26/tasks/term-1/3/)
2025.10.16 22:57:34 INFO  [success] Generated .bloop\root-3-test.json
2025.10.16 22:57:34 INFO  [success] Generated .bloop\root-3.json
2025.10.16 22:57:34 INFO  [success] Total time: 0 s, completed 16 РѕРєС‚. 2025 Рі., 22:57:34
2025.10.16 22:57:34 INFO  time: ran 'sbt bloopInstall' in 8s
2025.10.16 22:57:34 INFO  Disconnecting from Bloop session...
2025.10.16 22:57:34 INFO  Shut down connection with build server.
2025.10.16 22:57:34 INFO  Shut down connection with build server.
2025.10.16 22:57:34 INFO  Shut down connection with build server.
2025.10.16 22:57:34 INFO  Attempting to connect to the build server...
2025.10.16 22:57:34 INFO  Found a Bloop server running
2025.10.16 22:57:34 INFO  tracing is disabled for protocol BSP, to enable tracing of incoming and outgoing JSON messages create an empty file at C:\Users\serg\j25-26\tasks\term-1\3\.metals\bsp.trace.json or C:\Users\serg\AppData\Local\scalameta\metals\cache\bsp.trace.json
2025.10.16 22:57:34 INFO  Attempting to connect to the build server...
2025.10.16 22:57:34 INFO  Found a Bloop server running
2025.10.16 22:57:34 INFO  Attempting to connect to the build server...
2025.10.16 22:57:34 INFO  Found a Bloop server running
2025.10.16 22:57:35 INFO  tracing is disabled for protocol BSP, to enable tracing of incoming and outgoing JSON messages create an empty file at C:\Users\serg\j25-26\tasks\term-1\3\project\project\.metals\bsp.trace.json or C:\Users\serg\AppData\Local\scalameta\metals\cache\bsp.trace.json
2025.10.16 22:57:34 INFO  tracing is disabled for protocol BSP, to enable tracing of incoming and outgoing JSON messages create an empty file at C:\Users\serg\j25-26\tasks\term-1\3\project\.metals\bsp.trace.json or C:\Users\serg\AppData\Local\scalameta\metals\cache\bsp.trace.json
2025.10.16 22:57:35 INFO  time: Connected to build server in 0.59s
2025.10.16 22:57:35 INFO  Connected to Build server: Bloop v2.0.13
2025.10.16 22:57:36 INFO  time: indexed workspace in 1.46s
2025.10.16 22:57:36 WARN  unsupported Scala 2.12.7
2025.10.16 22:57:36 INFO  compiling root-3 (3 scala sources)
2025.10.16 22:57:36 WARN  -optimise is deprecated: In 2.12, -optimise enables -opt:l:inline -opt-inline-from:**. Check -opt:help for using the Scala 2.12 optimizer.
2025.10.16 22:57:39 INFO  Created report: Optional.empty
2025.10.16 22:57:39 INFO  Error while emitting package.scala
Unsupported class file major version 61 (full report at: "C:\Users\serg\j25-26\tasks\term-1\3\.metals\.reports\bloop\2025-10-16\r_Error while emitting..._22-57-39-300.md")
2025.10.16 22:57:39 INFO  Created report: Optional.empty
2025.10.16 22:57:39 INFO  Error while emitting FunSets.scala
Unsupported class file major version 61 (full report at: "C:\Users\serg\j25-26\tasks\term-1\3\.metals\.reports\bloop\2025-10-16\r_Error while emitting..._22-57-39-321.md")
2025.10.16 22:57:39 INFO  Created report: Optional.empty
2025.10.16 22:57:39 INFO  Error while emitting Main.scala
Unsupported class file major version 61 (full report at: "C:\Users\serg\j25-26\tasks\term-1\3\.metals\.reports\bloop\2025-10-16\r_Error while emitting..._22-57-39-347.md")
2025.10.16 22:57:39 INFO  Created report: Optional.empty
2025.10.16 22:57:39 INFO  Error while emitting Main.scala
assertion failed: ClassBType.info not yet assigned: Lfunsets/Main$; (full report at: "C:\Users\serg\j25-26\tasks\term-1\3\.metals\.reports\bloop\2025-10-16\r_Error while emitting..._22-57-39-358.md")
2025.10.16 22:57:39 INFO  time: compiled root-3 in 2.42s
2025.10.16 22:58:10 WARN  unsupported Scala 2.12.7
2025.10.16 22:58:21 INFO  compiling root-3 (3 scala sources)
2025.10.16 22:58:21 WARN  -optimise is deprecated: In 2.12, -optimise enables -opt:l:inline -opt-inline-from:**. Check -opt:help for using the Scala 2.12 optimizer.
2025.10.16 22:58:21 INFO  Error while emitting package.scala
Unsupported class file major version 61 (full report at: "C:\Users\serg\j25-26\tasks\term-1\3\.metals\.reports\bloop\2025-10-16\r_Error while emitting..._22-57-39-300.md")
2025.10.16 22:58:21 INFO  Error while emitting FunSets.scala
Unsupported class file major version 61 (full report at: "C:\Users\serg\j25-26\tasks\term-1\3\.metals\.reports\bloop\2025-10-16\r_Error while emitting..._22-57-39-321.md")
2025.10.16 22:58:21 INFO  Error while emitting Main.scala
Unsupported class file major version 61 (full report at: "C:\Users\serg\j25-26\tasks\term-1\3\.metals\.reports\bloop\2025-10-16\r_Error while emitting..._22-57-39-347.md")
2025.10.16 22:58:21 INFO  Error while emitting Main.scala
assertion failed: ClassBType.info not yet assigned: Lfunsets/Main$; (full report at: "C:\Users\serg\j25-26\tasks\term-1\3\.metals\.reports\bloop\2025-10-16\r_Error while emitting..._22-57-39-358.md")
2025.10.16 22:58:21 INFO  time: compiled root-3 in 0.74s
2025.10.16 22:58:22 ERROR scala.meta.internal.metals.debug.DiscoveryFailures$WorkspaceErrorsException$: Cannot run class, since the workspace has errors.
	at scala.meta.internal.metals.debug.DiscoveryFailures$WorkspaceErrorsException$.<clinit>(DiscoveryFailures.scala:57)
	at scala.meta.internal.metals.debug.DebugDiscovery.validate(DebugDiscovery.scala:86)
	at scala.meta.internal.metals.debug.DebugDiscovery.debugDiscovery(DebugDiscovery.scala:164)
	at scala.meta.internal.metals.debug.DebugDiscovery.runCommandDiscovery(DebugDiscovery.scala:66)
	at scala.meta.internal.metals.MetalsLspService.$anonfun$discoverMainClasses$1(MetalsLspService.scala:1586)
	at scala.meta.internal.metals.MetalsLspService.$anonfun$afterCompilationFinished$6(MetalsLspService.scala:1541)
	at scala.concurrent.impl.Promise$Transformation.run(Promise.scala:503)
	at java.util.concurrent.ThreadPoolExecutor.runWorker(ThreadPoolExecutor.java:1136)
	at java.util.concurrent.ThreadPoolExecutor$Worker.run(ThreadPoolExecutor.java:635)
	at java.lang.Thread.run(Thread.java:840)

2025.10.16 22:58:21 INFO  compiling root-3 (3 scala sources)
2025.10.16 22:58:21 WARN  -optimise is deprecated: In 2.12, -optimise enables -opt:l:inline -opt-inline-from:**. Check -opt:help for using the Scala 2.12 optimizer.
2025.10.16 22:58:23 INFO  Error while emitting package.scala
Unsupported class file major version 61 (full report at: "C:\Users\serg\j25-26\tasks\term-1\3\.metals\.reports\bloop\2025-10-16\r_Error while emitting..._22-57-39-300.md")
2025.10.16 22:58:23 INFO  Error while emitting FunSets.scala
Unsupported class file major version 61 (full report at: "C:\Users\serg\j25-26\tasks\term-1\3\.metals\.reports\bloop\2025-10-16\r_Error while emitting..._22-57-39-321.md")
2025.10.16 22:58:23 INFO  Error while emitting Main.scala
Unsupported class file major version 61 (full report at: "C:\Users\serg\j25-26\tasks\term-1\3\.metals\.reports\bloop\2025-10-16\r_Error while emitting..._22-57-39-347.md")
2025.10.16 22:58:23 INFO  Error while emitting Main.scala
assertion failed: ClassBType.info not yet assigned: Lfunsets/Main$; (full report at: "C:\Users\serg\j25-26\tasks\term-1\3\.metals\.reports\bloop\2025-10-16\r_Error while emitting..._22-57-39-358.md")
2025.10.16 22:58:23 INFO  time: compiled root-3 in 0.62s
2025.10.16 22:58:23 ERROR scala.meta.internal.metals.debug.DiscoveryFailures$WorkspaceErrorsException$: Cannot run class, since the workspace has errors.
	at scala.meta.internal.metals.debug.DiscoveryFailures$WorkspaceErrorsException$.<clinit>(DiscoveryFailures.scala:57)
	at scala.meta.internal.metals.debug.DebugDiscovery.validate(DebugDiscovery.scala:86)
	at scala.meta.internal.metals.debug.DebugDiscovery.debugDiscovery(DebugDiscovery.scala:164)
	at scala.meta.internal.metals.debug.DebugDiscovery.runCommandDiscovery(DebugDiscovery.scala:66)
	at scala.meta.internal.metals.MetalsLspService.$anonfun$discoverMainClasses$1(MetalsLspService.scala:1586)
	at scala.meta.internal.metals.MetalsLspService.$anonfun$afterCompilationFinished$6(MetalsLspService.scala:1541)
	at scala.concurrent.impl.Promise$Transformation.run(Promise.scala:503)
	at java.util.concurrent.ThreadPoolExecutor.runWorker(ThreadPoolExecutor.java:1136)
	at java.util.concurrent.ThreadPoolExecutor$Worker.run(ThreadPoolExecutor.java:635)
	at java.lang.Thread.run(Thread.java:840)

2025.10.16 22:58:27 WARN  unsupported Scala 2.12.7
2025.10.16 22:58:27 WARN  unsupported Scala 2.12.7
2025.10.16 22:58:28 INFO  compiling root-3 (3 scala sources)
2025.10.16 22:58:28 WARN  -optimise is deprecated: In 2.12, -optimise enables -opt:l:inline -opt-inline-from:**. Check -opt:help for using the Scala 2.12 optimizer.
2025.10.16 22:58:28 INFO  Error while emitting package.scala
Unsupported class file major version 61 (full report at: "C:\Users\serg\j25-26\tasks\term-1\3\.metals\.reports\bloop\2025-10-16\r_Error while emitting..._22-57-39-300.md")
2025.10.16 22:58:28 INFO  Error while emitting FunSets.scala
Unsupported class file major version 61 (full report at: "C:\Users\serg\j25-26\tasks\term-1\3\.metals\.reports\bloop\2025-10-16\r_Error while emitting..._22-57-39-321.md")
2025.10.16 22:58:28 INFO  Error while emitting Main.scala
Unsupported class file major version 61 (full report at: "C:\Users\serg\j25-26\tasks\term-1\3\.metals\.reports\bloop\2025-10-16\r_Error while emitting..._22-57-39-347.md")
2025.10.16 22:58:28 INFO  Error while emitting Main.scala
assertion failed: ClassBType.info not yet assigned: Lfunsets/Main$; (full report at: "C:\Users\serg\j25-26\tasks\term-1\3\.metals\.reports\bloop\2025-10-16\r_Error while emitting..._22-57-39-358.md")
2025.10.16 22:58:28 INFO  time: compiled root-3 in 0.36s
2025.10.16 23:00:55 ERROR Error downloading Dependency{module=Module(org.scalameta, mtags_2.12.7), version='1.6.3', exclusions=[], configuration='', publication=null, transitive=true, overrides={}}
coursierapi.error.SimpleResolutionError$1: Error downloading org.scalameta:mtags_2.12.7:1.6.3
  not found: C:\Users\serg\.ivy2\local\org.scalameta\mtags_2.12.7\1.6.3\ivys\ivy.xml
  not found: https://repo1.maven.org/maven2/org/scalameta/mtags_2.12.7/1.6.3/mtags_2.12.7-1.6.3.pom
  not found: C:\Users\serg\.m2\repository\org\scalameta\mtags_2.12.7\1.6.3\mtags_2.12.7-1.6.3.pom
  not found: https://central.sonatype.com/repository/maven-snapshots/org/scalameta/mtags_2.12.7/1.6.3/mtags_2.12.7-1.6.3.pom
	at coursierapi.error.SimpleResolutionError.of(SimpleResolutionError.java:11)
	at coursierapi.shaded.coursier.internal.api.ApiHelper$.simpleResError(ApiHelper.scala:451)
	at coursierapi.shaded.coursier.internal.api.ApiHelper$.doFetch(ApiHelper.scala:495)
	at coursierapi.shaded.coursier.internal.api.ApiHelper.doFetch(ApiHelper.scala)
	at coursierapi.Fetch.fetchResult(Fetch.java:239)
	at coursierapi.Fetch.fetch(Fetch.java:234)
	at scala.meta.internal.metals.Embedded$.downloadDependency(Embedded.scala:432)
	at scala.meta.internal.metals.Embedded$.downloadMtags(Embedded.scala:482)
	at scala.meta.internal.metals.MtagsResolver$Default.$anonfun$resolve$3(MtagsResolver.scala:168)
	at scala.concurrent.Future$.$anonfun$apply$1(Future.scala:691)
	at scala.concurrent.impl.Promise$Transformation.run(Promise.scala:500)
	at java.util.concurrent.ThreadPoolExecutor.runWorker(ThreadPoolExecutor.java:1136)
	at java.util.concurrent.ThreadPoolExecutor$Worker.run(ThreadPoolExecutor.java:635)
	at java.lang.Thread.run(Thread.java:840)

2025.10.16 23:00:55 INFO  Found coursier in path under C:\Users\serg\.metals\cs.exe, using it to fetch dependency
2025.10.16 23:00:55 ERROR Downloading https://repo1.maven.org/maven2/org/scalameta/mtags_2.12.7/1.6.3/mtags_2.12.7-1.6.3.pom
2025.10.16 23:00:55 ERROR Downloaded https://repo1.maven.org/maven2/org/scalameta/mtags_2.12.7/1.6.3/mtags_2.12.7-1.6.3.pom
2025.10.16 23:00:55 ERROR Downloading https://repo1.maven.org/maven2/org/scalameta/mtags_2.12.7/1.6.3/mtags_2.12.7-1.6.3.pom.sha1
2025.10.16 23:00:55 ERROR Downloaded https://repo1.maven.org/maven2/org/scalameta/mtags_2.12.7/1.6.3/mtags_2.12.7-1.6.3.pom.sha1
2025.10.16 23:00:55 ERROR Resolution error: Error downloading org.scalameta:mtags_2.12.7:1.6.3
2025.10.16 23:00:55 ERROR   not found: C:\Users\serg\.ivy2\local\org.scalameta\mtags_2.12.7\1.6.3\ivys\ivy.xml
2025.10.16 23:00:55 ERROR   not found: https://repo1.maven.org/maven2/org/scalameta/mtags_2.12.7/1.6.3/mtags_2.12.7-1.6.3.pom
2025.10.16 23:00:56 ERROR Error downloading Dependency{module=Module(org.scalameta, mtags_2.12.7), version='1.6.3', exclusions=[], configuration='', publication=null, transitive=true, overrides={}}
coursierapi.error.SimpleResolutionError$1: Error downloading org.scalameta:mtags_2.12.7:1.6.3
  not found: C:\Users\serg\.ivy2\local\org.scalameta\mtags_2.12.7\1.6.3\ivys\ivy.xml
  not found: https://repo1.maven.org/maven2/org/scalameta/mtags_2.12.7/1.6.3/mtags_2.12.7-1.6.3.pom
  not found: C:\Users\serg\.m2\repository\org\scalameta\mtags_2.12.7\1.6.3\mtags_2.12.7-1.6.3.pom
  not found: https://central.sonatype.com/repository/maven-snapshots/org/scalameta/mtags_2.12.7/1.6.3/mtags_2.12.7-1.6.3.pom
	at coursierapi.error.SimpleResolutionError.of(SimpleResolutionError.java:11)
	at coursierapi.shaded.coursier.internal.api.ApiHelper$.simpleResError(ApiHelper.scala:451)
	at coursierapi.shaded.coursier.internal.api.ApiHelper$.doFetch(ApiHelper.scala:495)
	at coursierapi.shaded.coursier.internal.api.ApiHelper.doFetch(ApiHelper.scala)
	at coursierapi.Fetch.fetchResult(Fetch.java:239)
	at coursierapi.Fetch.fetch(Fetch.java:234)
	at scala.meta.internal.metals.Embedded$.downloadDependency(Embedded.scala:432)
	at scala.meta.internal.metals.Embedded$.downloadMtags(Embedded.scala:482)
	at scala.meta.internal.metals.MtagsResolver$Default.$anonfun$resolve$3(MtagsResolver.scala:168)
	at scala.concurrent.Future$.$anonfun$apply$1(Future.scala:691)
	at scala.concurrent.impl.Promise$Transformation.run(Promise.scala:500)
	at java.util.concurrent.ThreadPoolExecutor.runWorker(ThreadPoolExecutor.java:1136)
	at java.util.concurrent.ThreadPoolExecutor$Worker.run(ThreadPoolExecutor.java:635)
	at java.lang.Thread.run(Thread.java:840)

2025.10.16 23:00:56 INFO  Found coursier in path under C:\Users\serg\.metals\cs.exe, using it to fetch dependency
2025.10.16 23:00:56 ERROR Downloading https://repo1.maven.org/maven2/org/scalameta/mtags_2.12.7/1.6.3/mtags_2.12.7-1.6.3.pom
2025.10.16 23:00:56 ERROR Downloaded https://repo1.maven.org/maven2/org/scalameta/mtags_2.12.7/1.6.3/mtags_2.12.7-1.6.3.pom
2025.10.16 23:00:56 ERROR Downloading https://repo1.maven.org/maven2/org/scalameta/mtags_2.12.7/1.6.3/mtags_2.12.7-1.6.3.pom.sha1
2025.10.16 23:00:56 ERROR Downloaded https://repo1.maven.org/maven2/org/scalameta/mtags_2.12.7/1.6.3/mtags_2.12.7-1.6.3.pom.sha1
2025.10.16 23:00:56 ERROR Resolution error: Error downloading org.scalameta:mtags_2.12.7:1.6.3
2025.10.16 23:00:56 ERROR   not found: C:\Users\serg\.ivy2\local\org.scalameta\mtags_2.12.7\1.6.3\ivys\ivy.xml
2025.10.16 23:00:56 ERROR   not found: https://repo1.maven.org/maven2/org/scalameta/mtags_2.12.7/1.6.3/mtags_2.12.7-1.6.3.pom
2025.10.16 23:00:57 ERROR Error downloading Dependency{module=Module(org.scalameta, mtags_2.12.7), version='1.6.3', exclusions=[], configuration='', publication=null, transitive=true, overrides={}}
coursierapi.error.SimpleResolutionError$1: Error downloading org.scalameta:mtags_2.12.7:1.6.3
  not found: C:\Users\serg\.ivy2\local\org.scalameta\mtags_2.12.7\1.6.3\ivys\ivy.xml
  not found: https://repo1.maven.org/maven2/org/scalameta/mtags_2.12.7/1.6.3/mtags_2.12.7-1.6.3.pom
  not found: C:\Users\serg\.m2\repository\org\scalameta\mtags_2.12.7\1.6.3\mtags_2.12.7-1.6.3.pom
  not found: https://central.sonatype.com/repository/maven-snapshots/org/scalameta/mtags_2.12.7/1.6.3/mtags_2.12.7-1.6.3.pom
	at coursierapi.error.SimpleResolutionError.of(SimpleResolutionError.java:11)
	at coursierapi.shaded.coursier.internal.api.ApiHelper$.simpleResError(ApiHelper.scala:451)
	at coursierapi.shaded.coursier.internal.api.ApiHelper$.doFetch(ApiHelper.scala:495)
	at coursierapi.shaded.coursier.internal.api.ApiHelper.doFetch(ApiHelper.scala)
	at coursierapi.Fetch.fetchResult(Fetch.java:239)
	at coursierapi.Fetch.fetch(Fetch.java:234)
	at scala.meta.internal.metals.Embedded$.downloadDependency(Embedded.scala:432)
	at scala.meta.internal.metals.Embedded$.downloadMtags(Embedded.scala:482)
	at scala.meta.internal.metals.MtagsResolver$Default.$anonfun$resolve$3(MtagsResolver.scala:168)
	at scala.concurrent.Future$.$anonfun$apply$1(Future.scala:691)
	at scala.concurrent.impl.Promise$Transformation.run(Promise.scala:500)
	at java.util.concurrent.ThreadPoolExecutor.runWorker(ThreadPoolExecutor.java:1136)
	at java.util.concurrent.ThreadPoolExecutor$Worker.run(ThreadPoolExecutor.java:635)
	at java.lang.Thread.run(Thread.java:840)

2025.10.16 23:00:57 INFO  Found coursier in path under C:\Users\serg\.metals\cs.exe, using it to fetch dependency
2025.10.16 23:00:58 ERROR Downloading https://repo1.maven.org/maven2/org/scalameta/mtags_2.12.7/1.6.3/mtags_2.12.7-1.6.3.pom
2025.10.16 23:00:58 ERROR Downloaded https://repo1.maven.org/maven2/org/scalameta/mtags_2.12.7/1.6.3/mtags_2.12.7-1.6.3.pom
2025.10.16 23:00:58 ERROR Downloading https://repo1.maven.org/maven2/org/scalameta/mtags_2.12.7/1.6.3/mtags_2.12.7-1.6.3.pom.sha1
2025.10.16 23:00:58 ERROR Downloaded https://repo1.maven.org/maven2/org/scalameta/mtags_2.12.7/1.6.3/mtags_2.12.7-1.6.3.pom.sha1
2025.10.16 23:00:58 ERROR Resolution error: Error downloading org.scalameta:mtags_2.12.7:1.6.3
2025.10.16 23:00:58 ERROR   not found: C:\Users\serg\.ivy2\local\org.scalameta\mtags_2.12.7\1.6.3\ivys\ivy.xml
2025.10.16 23:00:58 ERROR   not found: https://repo1.maven.org/maven2/org/scalameta/mtags_2.12.7/1.6.3/mtags_2.12.7-1.6.3.pom
2025.10.16 23:00:59 ERROR Error downloading Dependency{module=Module(org.scalameta, mtags_2.12.7), version='1.6.3', exclusions=[], configuration='', publication=null, transitive=true, overrides={}}
coursierapi.error.SimpleResolutionError$1: Error downloading org.scalameta:mtags_2.12.7:1.6.3
  not found: C:\Users\serg\.ivy2\local\org.scalameta\mtags_2.12.7\1.6.3\ivys\ivy.xml
  not found: https://repo1.maven.org/maven2/org/scalameta/mtags_2.12.7/1.6.3/mtags_2.12.7-1.6.3.pom
  not found: C:\Users\serg\.m2\repository\org\scalameta\mtags_2.12.7\1.6.3\mtags_2.12.7-1.6.3.pom
  not found: https://central.sonatype.com/repository/maven-snapshots/org/scalameta/mtags_2.12.7/1.6.3/mtags_2.12.7-1.6.3.pom
	at coursierapi.error.SimpleResolutionError.of(SimpleResolutionError.java:11)
	at coursierapi.shaded.coursier.internal.api.ApiHelper$.simpleResError(ApiHelper.scala:451)
	at coursierapi.shaded.coursier.internal.api.ApiHelper$.doFetch(ApiHelper.scala:495)
	at coursierapi.shaded.coursier.internal.api.ApiHelper.doFetch(ApiHelper.scala)
	at coursierapi.Fetch.fetchResult(Fetch.java:239)
	at coursierapi.Fetch.fetch(Fetch.java:234)
	at scala.meta.internal.metals.Embedded$.downloadDependency(Embedded.scala:432)
	at scala.meta.internal.metals.Embedded$.downloadMtags(Embedded.scala:482)
	at scala.meta.internal.metals.MtagsResolver$Default.$anonfun$resolve$3(MtagsResolver.scala:168)
	at scala.concurrent.Future$.$anonfun$apply$1(Future.scala:691)
	at scala.concurrent.impl.Promise$Transformation.run(Promise.scala:500)
	at java.util.concurrent.ThreadPoolExecutor.runWorker(ThreadPoolExecutor.java:1136)
	at java.util.concurrent.ThreadPoolExecutor$Worker.run(ThreadPoolExecutor.java:635)
	at java.lang.Thread.run(Thread.java:840)

2025.10.16 23:00:59 INFO  Found coursier in path under C:\Users\serg\.metals\cs.exe, using it to fetch dependency
2025.10.16 23:00:59 ERROR Downloading https://repo1.maven.org/maven2/org/scalameta/mtags_2.12.7/1.6.3/mtags_2.12.7-1.6.3.pom
2025.10.16 23:00:59 ERROR Downloaded https://repo1.maven.org/maven2/org/scalameta/mtags_2.12.7/1.6.3/mtags_2.12.7-1.6.3.pom
2025.10.16 23:00:59 ERROR Downloading https://repo1.maven.org/maven2/org/scalameta/mtags_2.12.7/1.6.3/mtags_2.12.7-1.6.3.pom.sha1
2025.10.16 23:00:59 ERROR Downloaded https://repo1.maven.org/maven2/org/scalameta/mtags_2.12.7/1.6.3/mtags_2.12.7-1.6.3.pom.sha1
2025.10.16 23:00:59 ERROR Resolution error: Error downloading org.scalameta:mtags_2.12.7:1.6.3
2025.10.16 23:00:59 ERROR   not found: C:\Users\serg\.ivy2\local\org.scalameta\mtags_2.12.7\1.6.3\ivys\ivy.xml
2025.10.16 23:00:59 ERROR   not found: https://repo1.maven.org/maven2/org/scalameta/mtags_2.12.7/1.6.3/mtags_2.12.7-1.6.3.pom
2025.10.16 23:01:00 ERROR Error downloading Dependency{module=Module(org.scalameta, mtags_2.12.7), version='1.6.3', exclusions=[], configuration='', publication=null, transitive=true, overrides={}}
coursierapi.error.SimpleResolutionError$1: Error downloading org.scalameta:mtags_2.12.7:1.6.3
  not found: C:\Users\serg\.ivy2\local\org.scalameta\mtags_2.12.7\1.6.3\ivys\ivy.xml
  not found: https://repo1.maven.org/maven2/org/scalameta/mtags_2.12.7/1.6.3/mtags_2.12.7-1.6.3.pom
  not found: C:\Users\serg\.m2\repository\org\scalameta\mtags_2.12.7\1.6.3\mtags_2.12.7-1.6.3.pom
  not found: https://central.sonatype.com/repository/maven-snapshots/org/scalameta/mtags_2.12.7/1.6.3/mtags_2.12.7-1.6.3.pom
	at coursierapi.error.SimpleResolutionError.of(SimpleResolutionError.java:11)
	at coursierapi.shaded.coursier.internal.api.ApiHelper$.simpleResError(ApiHelper.scala:451)
	at coursierapi.shaded.coursier.internal.api.ApiHelper$.doFetch(ApiHelper.scala:495)
	at coursierapi.shaded.coursier.internal.api.ApiHelper.doFetch(ApiHelper.scala)
	at coursierapi.Fetch.fetchResult(Fetch.java:239)
	at coursierapi.Fetch.fetch(Fetch.java:234)
	at scala.meta.internal.metals.Embedded$.downloadDependency(Embedded.scala:432)
	at scala.meta.internal.metals.Embedded$.downloadMtags(Embedded.scala:482)
	at scala.meta.internal.metals.MtagsResolver$Default.$anonfun$resolve$3(MtagsResolver.scala:168)
	at scala.concurrent.Future$.$anonfun$apply$1(Future.scala:691)
	at scala.concurrent.impl.Promise$Transformation.run(Promise.scala:500)
	at java.util.concurrent.ThreadPoolExecutor.runWorker(ThreadPoolExecutor.java:1136)
	at java.util.concurrent.ThreadPoolExecutor$Worker.run(ThreadPoolExecutor.java:635)
	at java.lang.Thread.run(Thread.java:840)

2025.10.16 23:01:00 INFO  Found coursier in path under C:\Users\serg\.metals\cs.exe, using it to fetch dependency
2025.10.16 23:01:00 ERROR Downloading https://repo1.maven.org/maven2/org/scalameta/mtags_2.12.7/1.6.3/mtags_2.12.7-1.6.3.pom
2025.10.16 23:01:00 ERROR Downloaded https://repo1.maven.org/maven2/org/scalameta/mtags_2.12.7/1.6.3/mtags_2.12.7-1.6.3.pom
2025.10.16 23:01:00 ERROR Downloading https://repo1.maven.org/maven2/org/scalameta/mtags_2.12.7/1.6.3/mtags_2.12.7-1.6.3.pom.sha1
2025.10.16 23:01:00 ERROR Downloaded https://repo1.maven.org/maven2/org/scalameta/mtags_2.12.7/1.6.3/mtags_2.12.7-1.6.3.pom.sha1
2025.10.16 23:01:00 ERROR Resolution error: Error downloading org.scalameta:mtags_2.12.7:1.6.3
2025.10.16 23:01:00 ERROR   not found: C:\Users\serg\.ivy2\local\org.scalameta\mtags_2.12.7\1.6.3\ivys\ivy.xml
2025.10.16 23:01:00 ERROR   not found: https://repo1.maven.org/maven2/org/scalameta/mtags_2.12.7/1.6.3/mtags_2.12.7-1.6.3.pom
2025.10.16 23:01:01 ERROR Error downloading Dependency{module=Module(org.scalameta, mtags_2.12.7), version='1.6.3', exclusions=[], configuration='', publication=null, transitive=true, overrides={}}
coursierapi.error.SimpleResolutionError$1: Error downloading org.scalameta:mtags_2.12.7:1.6.3
  not found: C:\Users\serg\.ivy2\local\org.scalameta\mtags_2.12.7\1.6.3\ivys\ivy.xml
  not found: https://repo1.maven.org/maven2/org/scalameta/mtags_2.12.7/1.6.3/mtags_2.12.7-1.6.3.pom
  not found: C:\Users\serg\.m2\repository\org\scalameta\mtags_2.12.7\1.6.3\mtags_2.12.7-1.6.3.pom
  not found: https://central.sonatype.com/repository/maven-snapshots/org/scalameta/mtags_2.12.7/1.6.3/mtags_2.12.7-1.6.3.pom
	at coursierapi.error.SimpleResolutionError.of(SimpleResolutionError.java:11)
	at coursierapi.shaded.coursier.internal.api.ApiHelper$.simpleResError(ApiHelper.scala:451)
	at coursierapi.shaded.coursier.internal.api.ApiHelper$.doFetch(ApiHelper.scala:495)
	at coursierapi.shaded.coursier.internal.api.ApiHelper.doFetch(ApiHelper.scala)
	at coursierapi.Fetch.fetchResult(Fetch.java:239)
	at coursierapi.Fetch.fetch(Fetch.java:234)
	at scala.meta.internal.metals.Embedded$.downloadDependency(Embedded.scala:432)
	at scala.meta.internal.metals.Embedded$.downloadMtags(Embedded.scala:482)
	at scala.meta.internal.metals.MtagsResolver$Default.$anonfun$resolve$3(MtagsResolver.scala:168)
	at scala.concurrent.Future$.$anonfun$apply$1(Future.scala:691)
	at scala.concurrent.impl.Promise$Transformation.run(Promise.scala:500)
	at java.util.concurrent.ThreadPoolExecutor.runWorker(ThreadPoolExecutor.java:1136)
	at java.util.concurrent.ThreadPoolExecutor$Worker.run(ThreadPoolExecutor.java:635)
	at java.lang.Thread.run(Thread.java:840)

2025.10.16 23:01:01 INFO  Found coursier in path under C:\Users\serg\.metals\cs.exe, using it to fetch dependency
2025.10.16 23:01:02 ERROR Downloading https://repo1.maven.org/maven2/org/scalameta/mtags_2.12.7/1.6.3/mtags_2.12.7-1.6.3.pom
2025.10.16 23:01:02 ERROR Downloaded https://repo1.maven.org/maven2/org/scalameta/mtags_2.12.7/1.6.3/mtags_2.12.7-1.6.3.pom
2025.10.16 23:01:02 ERROR Downloading https://repo1.maven.org/maven2/org/scalameta/mtags_2.12.7/1.6.3/mtags_2.12.7-1.6.3.pom.sha1
2025.10.16 23:01:02 ERROR Downloaded https://repo1.maven.org/maven2/org/scalameta/mtags_2.12.7/1.6.3/mtags_2.12.7-1.6.3.pom.sha1
2025.10.16 23:01:02 ERROR Resolution error: Error downloading org.scalameta:mtags_2.12.7:1.6.3
2025.10.16 23:01:02 ERROR   not found: C:\Users\serg\.ivy2\local\org.scalameta\mtags_2.12.7\1.6.3\ivys\ivy.xml
2025.10.16 23:01:02 ERROR   not found: https://repo1.maven.org/maven2/org/scalameta/mtags_2.12.7/1.6.3/mtags_2.12.7-1.6.3.pom
2025.10.16 23:01:02 ERROR Failed to resolve mtags for 2.12.7
coursierapi.error.SimpleResolutionError$1: Error downloading org.scalameta:mtags_2.12.7:1.6.3
  not found: C:\Users\serg\.ivy2\local\org.scalameta\mtags_2.12.7\1.6.3\ivys\ivy.xml
  not found: https://repo1.maven.org/maven2/org/scalameta/mtags_2.12.7/1.6.3/mtags_2.12.7-1.6.3.pom
  not found: C:\Users\serg\.m2\repository\org\scalameta\mtags_2.12.7\1.6.3\mtags_2.12.7-1.6.3.pom
  not found: https://central.sonatype.com/repository/maven-snapshots/org/scalameta/mtags_2.12.7/1.6.3/mtags_2.12.7-1.6.3.pom
	at coursierapi.error.SimpleResolutionError.of(SimpleResolutionError.java:11)
	at coursierapi.shaded.coursier.internal.api.ApiHelper$.simpleResError(ApiHelper.scala:451)
	at coursierapi.shaded.coursier.internal.api.ApiHelper$.doFetch(ApiHelper.scala:495)
	at coursierapi.shaded.coursier.internal.api.ApiHelper.doFetch(ApiHelper.scala)
	at coursierapi.Fetch.fetchResult(Fetch.java:239)
	at coursierapi.Fetch.fetch(Fetch.java:234)
	at scala.meta.internal.metals.Embedded$.downloadDependency(Embedded.scala:432)
	at scala.meta.internal.metals.Embedded$.downloadMtags(Embedded.scala:482)
	at scala.meta.internal.metals.MtagsResolver$Default.$anonfun$resolve$3(MtagsResolver.scala:168)
	at scala.concurrent.Future$.$anonfun$apply$1(Future.scala:691)
	at scala.concurrent.impl.Promise$Transformation.run(Promise.scala:500)
	at java.util.concurrent.ThreadPoolExecutor.runWorker(ThreadPoolExecutor.java:1136)
	at java.util.concurrent.ThreadPoolExecutor$Worker.run(ThreadPoolExecutor.java:635)
	at java.lang.Thread.run(Thread.java:840)

2025.10.16 23:01:02 WARN  unsupported Scala 2.12.7
2025.10.16 23:01:02 WARN  unsupported Scala 2.12.7
2025.10.16 23:01:02 WARN  unsupported Scala 2.12.7
2025.10.16 23:01:02 WARN  unsupported Scala 2.12.7
окт. 16, 2025 11:01:02 PM org.eclipse.lsp4j.jsonrpc.RemoteEndpoint handleCancellation
WARNING: Unmatched cancel notification for request id 83
окт. 16, 2025 11:01:02 PM org.eclipse.lsp4j.jsonrpc.RemoteEndpoint handleCancellation
WARNING: Unmatched cancel notification for request id 85
2025.10.16 23:01:02 WARN  unsupported Scala 2.12.7
2025.10.16 23:01:02 WARN  unsupported Scala 2.12.7
2025.10.16 23:01:24 WARN  unsupported Scala 2.12.7
2025.10.16 23:01:24 WARN  unsupported Scala 2.12.7
2025.10.16 23:01:24 WARN  unsupported Scala 2.12.7
2025.10.16 23:01:24 WARN  unsupported Scala 2.12.7
2025.10.16 23:01:26 WARN  unsupported Scala 2.12.7
2025.10.16 23:03:16 WARN  unsupported Scala 2.12.7
2025.10.16 23:03:16 WARN  unsupported Scala 2.12.7
2025.10.16 23:03:16 WARN  unsupported Scala 2.12.7
2025.10.16 23:03:17 WARN  unsupported Scala 2.12.7
2025.10.16 23:03:17 WARN  unsupported Scala 2.12.7
2025.10.16 23:03:17 WARN  unsupported Scala 2.12.7
2025.10.16 23:03:18 WARN  unsupported Scala 2.12.7
2025.10.16 23:03:18 WARN  unsupported Scala 2.12.7
2025.10.16 23:03:22 WARN  unsupported Scala 2.12.7
2025.10.16 23:03:23 WARN  unsupported Scala 2.12.7
2025.10.16 23:03:23 WARN  unsupported Scala 2.12.7
2025.10.16 23:03:23 WARN  unsupported Scala 2.12.7
2025.10.16 23:03:24 WARN  unsupported Scala 2.12.7
2025.10.16 23:03:23 WARN  unsupported Scala 2.12.7
2025.10.16 23:03:25 INFO  compiling root-3 (3 scala sources)
2025.10.16 23:03:25 WARN  -optimise is deprecated: In 2.12, -optimise enables -opt:l:inline -opt-inline-from:**. Check -opt:help for using the Scala 2.12 optimizer.
2025.10.16 23:03:25 WARN  unsupported Scala 2.12.7
2025.10.16 23:03:25 INFO  Error while emitting package.scala
Unsupported class file major version 61 (full report at: "C:\Users\serg\j25-26\tasks\term-1\3\.metals\.reports\bloop\2025-10-16\r_Error while emitting..._22-57-39-300.md")
2025.10.16 23:03:25 INFO  Error while emitting FunSets.scala
Unsupported class file major version 61 (full report at: "C:\Users\serg\j25-26\tasks\term-1\3\.metals\.reports\bloop\2025-10-16\r_Error while emitting..._22-57-39-321.md")
2025.10.16 23:03:25 INFO  Error while emitting Main.scala
Unsupported class file major version 61 (full report at: "C:\Users\serg\j25-26\tasks\term-1\3\.metals\.reports\bloop\2025-10-16\r_Error while emitting..._22-57-39-347.md")
2025.10.16 23:03:25 INFO  Error while emitting Main.scala
assertion failed: ClassBType.info not yet assigned: Lfunsets/Main$; (full report at: "C:\Users\serg\j25-26\tasks\term-1\3\.metals\.reports\bloop\2025-10-16\r_Error while emitting..._22-57-39-358.md")
2025.10.16 23:03:25 INFO  time: compiled root-3 in 0.42s
2025.10.16 23:06:26 ERROR Error downloading Dependency{module=Module(org.scalameta, mtags_2.12.7), version='1.6.3', exclusions=[], configuration='', publication=null, transitive=true, overrides={}}
coursierapi.error.SimpleResolutionError$1: Error downloading org.scalameta:mtags_2.12.7:1.6.3
  not found: C:\Users\serg\.ivy2\local\org.scalameta\mtags_2.12.7\1.6.3\ivys\ivy.xml
  not found: https://repo1.maven.org/maven2/org/scalameta/mtags_2.12.7/1.6.3/mtags_2.12.7-1.6.3.pom
  not found: C:\Users\serg\.m2\repository\org\scalameta\mtags_2.12.7\1.6.3\mtags_2.12.7-1.6.3.pom
  not found: https://central.sonatype.com/repository/maven-snapshots/org/scalameta/mtags_2.12.7/1.6.3/mtags_2.12.7-1.6.3.pom
	at coursierapi.error.SimpleResolutionError.of(SimpleResolutionError.java:11)
	at coursierapi.shaded.coursier.internal.api.ApiHelper$.simpleResError(ApiHelper.scala:451)
	at coursierapi.shaded.coursier.internal.api.ApiHelper$.doFetch(ApiHelper.scala:495)
	at coursierapi.shaded.coursier.internal.api.ApiHelper.doFetch(ApiHelper.scala)
	at coursierapi.Fetch.fetchResult(Fetch.java:239)
	at coursierapi.Fetch.fetch(Fetch.java:234)
	at scala.meta.internal.metals.Embedded$.downloadDependency(Embedded.scala:432)
	at scala.meta.internal.metals.Embedded$.downloadMtags(Embedded.scala:482)
	at scala.meta.internal.metals.MtagsResolver$Default.$anonfun$resolve$3(MtagsResolver.scala:168)
	at scala.concurrent.Future$.$anonfun$apply$1(Future.scala:691)
	at scala.concurrent.impl.Promise$Transformation.run(Promise.scala:500)
	at java.util.concurrent.ThreadPoolExecutor.runWorker(ThreadPoolExecutor.java:1136)
	at java.util.concurrent.ThreadPoolExecutor$Worker.run(ThreadPoolExecutor.java:635)
	at java.lang.Thread.run(Thread.java:840)

2025.10.16 23:06:26 INFO  Found coursier in path under C:\Users\serg\.metals\cs.exe, using it to fetch dependency
2025.10.16 23:06:26 ERROR Downloading https://repo1.maven.org/maven2/org/scalameta/mtags_2.12.7/1.6.3/mtags_2.12.7-1.6.3.pom
2025.10.16 23:06:26 ERROR Downloaded https://repo1.maven.org/maven2/org/scalameta/mtags_2.12.7/1.6.3/mtags_2.12.7-1.6.3.pom
2025.10.16 23:06:26 ERROR Downloading https://repo1.maven.org/maven2/org/scalameta/mtags_2.12.7/1.6.3/mtags_2.12.7-1.6.3.pom.sha1
2025.10.16 23:06:26 ERROR Downloaded https://repo1.maven.org/maven2/org/scalameta/mtags_2.12.7/1.6.3/mtags_2.12.7-1.6.3.pom.sha1
2025.10.16 23:06:26 ERROR Resolution error: Error downloading org.scalameta:mtags_2.12.7:1.6.3
2025.10.16 23:06:26 ERROR   not found: C:\Users\serg\.ivy2\local\org.scalameta\mtags_2.12.7\1.6.3\ivys\ivy.xml
2025.10.16 23:06:26 ERROR   not found: https://repo1.maven.org/maven2/org/scalameta/mtags_2.12.7/1.6.3/mtags_2.12.7-1.6.3.pom
2025.10.16 23:06:27 ERROR Error downloading Dependency{module=Module(org.scalameta, mtags_2.12.7), version='1.6.3', exclusions=[], configuration='', publication=null, transitive=true, overrides={}}
coursierapi.error.SimpleResolutionError$1: Error downloading org.scalameta:mtags_2.12.7:1.6.3
  not found: C:\Users\serg\.ivy2\local\org.scalameta\mtags_2.12.7\1.6.3\ivys\ivy.xml
  not found: https://repo1.maven.org/maven2/org/scalameta/mtags_2.12.7/1.6.3/mtags_2.12.7-1.6.3.pom
  not found: C:\Users\serg\.m2\repository\org\scalameta\mtags_2.12.7\1.6.3\mtags_2.12.7-1.6.3.pom
  not found: https://central.sonatype.com/repository/maven-snapshots/org/scalameta/mtags_2.12.7/1.6.3/mtags_2.12.7-1.6.3.pom
	at coursierapi.error.SimpleResolutionError.of(SimpleResolutionError.java:11)
	at coursierapi.shaded.coursier.internal.api.ApiHelper$.simpleResError(ApiHelper.scala:451)
	at coursierapi.shaded.coursier.internal.api.ApiHelper$.doFetch(ApiHelper.scala:495)
	at coursierapi.shaded.coursier.internal.api.ApiHelper.doFetch(ApiHelper.scala)
	at coursierapi.Fetch.fetchResult(Fetch.java:239)
	at coursierapi.Fetch.fetch(Fetch.java:234)
	at scala.meta.internal.metals.Embedded$.downloadDependency(Embedded.scala:432)
	at scala.meta.internal.metals.Embedded$.downloadMtags(Embedded.scala:482)
	at scala.meta.internal.metals.MtagsResolver$Default.$anonfun$resolve$3(MtagsResolver.scala:168)
	at scala.concurrent.Future$.$anonfun$apply$1(Future.scala:691)
	at scala.concurrent.impl.Promise$Transformation.run(Promise.scala:500)
	at java.util.concurrent.ThreadPoolExecutor.runWorker(ThreadPoolExecutor.java:1136)
	at java.util.concurrent.ThreadPoolExecutor$Worker.run(ThreadPoolExecutor.java:635)
	at java.lang.Thread.run(Thread.java:840)

2025.10.16 23:06:27 INFO  Found coursier in path under C:\Users\serg\.metals\cs.exe, using it to fetch dependency
2025.10.16 23:06:27 ERROR Downloading https://repo1.maven.org/maven2/org/scalameta/mtags_2.12.7/1.6.3/mtags_2.12.7-1.6.3.pom
2025.10.16 23:06:27 ERROR Downloaded https://repo1.maven.org/maven2/org/scalameta/mtags_2.12.7/1.6.3/mtags_2.12.7-1.6.3.pom
2025.10.16 23:06:27 ERROR Downloading https://repo1.maven.org/maven2/org/scalameta/mtags_2.12.7/1.6.3/mtags_2.12.7-1.6.3.pom.sha1
2025.10.16 23:06:27 ERROR Downloaded https://repo1.maven.org/maven2/org/scalameta/mtags_2.12.7/1.6.3/mtags_2.12.7-1.6.3.pom.sha1
2025.10.16 23:06:27 ERROR Resolution error: Error downloading org.scalameta:mtags_2.12.7:1.6.3
2025.10.16 23:06:27 ERROR   not found: C:\Users\serg\.ivy2\local\org.scalameta\mtags_2.12.7\1.6.3\ivys\ivy.xml
2025.10.16 23:06:27 ERROR   not found: https://repo1.maven.org/maven2/org/scalameta/mtags_2.12.7/1.6.3/mtags_2.12.7-1.6.3.pom
2025.10.16 23:06:29 ERROR Error downloading Dependency{module=Module(org.scalameta, mtags_2.12.7), version='1.6.3', exclusions=[], configuration='', publication=null, transitive=true, overrides={}}
coursierapi.error.SimpleResolutionError$1: Error downloading org.scalameta:mtags_2.12.7:1.6.3
  not found: C:\Users\serg\.ivy2\local\org.scalameta\mtags_2.12.7\1.6.3\ivys\ivy.xml
  not found: https://repo1.maven.org/maven2/org/scalameta/mtags_2.12.7/1.6.3/mtags_2.12.7-1.6.3.pom
  not found: C:\Users\serg\.m2\repository\org\scalameta\mtags_2.12.7\1.6.3\mtags_2.12.7-1.6.3.pom
  not found: https://central.sonatype.com/repository/maven-snapshots/org/scalameta/mtags_2.12.7/1.6.3/mtags_2.12.7-1.6.3.pom
	at coursierapi.error.SimpleResolutionError.of(SimpleResolutionError.java:11)
	at coursierapi.shaded.coursier.internal.api.ApiHelper$.simpleResError(ApiHelper.scala:451)
	at coursierapi.shaded.coursier.internal.api.ApiHelper$.doFetch(ApiHelper.scala:495)
	at coursierapi.shaded.coursier.internal.api.ApiHelper.doFetch(ApiHelper.scala)
	at coursierapi.Fetch.fetchResult(Fetch.java:239)
	at coursierapi.Fetch.fetch(Fetch.java:234)
	at scala.meta.internal.metals.Embedded$.downloadDependency(Embedded.scala:432)
	at scala.meta.internal.metals.Embedded$.downloadMtags(Embedded.scala:482)
	at scala.meta.internal.metals.MtagsResolver$Default.$anonfun$resolve$3(MtagsResolver.scala:168)
	at scala.concurrent.Future$.$anonfun$apply$1(Future.scala:691)
	at scala.concurrent.impl.Promise$Transformation.run(Promise.scala:500)
	at java.util.concurrent.ThreadPoolExecutor.runWorker(ThreadPoolExecutor.java:1136)
	at java.util.concurrent.ThreadPoolExecutor$Worker.run(ThreadPoolExecutor.java:635)
	at java.lang.Thread.run(Thread.java:840)

2025.10.16 23:06:29 INFO  Found coursier in path under C:\Users\serg\.metals\cs.exe, using it to fetch dependency
2025.10.16 23:06:29 ERROR Downloading https://repo1.maven.org/maven2/org/scalameta/mtags_2.12.7/1.6.3/mtags_2.12.7-1.6.3.pom
2025.10.16 23:06:29 ERROR Downloaded https://repo1.maven.org/maven2/org/scalameta/mtags_2.12.7/1.6.3/mtags_2.12.7-1.6.3.pom
2025.10.16 23:06:29 ERROR Downloading https://repo1.maven.org/maven2/org/scalameta/mtags_2.12.7/1.6.3/mtags_2.12.7-1.6.3.pom.sha1
2025.10.16 23:06:29 ERROR Downloaded https://repo1.maven.org/maven2/org/scalameta/mtags_2.12.7/1.6.3/mtags_2.12.7-1.6.3.pom.sha1
2025.10.16 23:06:29 ERROR Resolution error: Error downloading org.scalameta:mtags_2.12.7:1.6.3
2025.10.16 23:06:29 ERROR   not found: C:\Users\serg\.ivy2\local\org.scalameta\mtags_2.12.7\1.6.3\ivys\ivy.xml
2025.10.16 23:06:29 ERROR   not found: https://repo1.maven.org/maven2/org/scalameta/mtags_2.12.7/1.6.3/mtags_2.12.7-1.6.3.pom
2025.10.16 23:06:30 ERROR Error downloading Dependency{module=Module(org.scalameta, mtags_2.12.7), version='1.6.3', exclusions=[], configuration='', publication=null, transitive=true, overrides={}}
coursierapi.error.SimpleResolutionError$1: Error downloading org.scalameta:mtags_2.12.7:1.6.3
  not found: C:\Users\serg\.ivy2\local\org.scalameta\mtags_2.12.7\1.6.3\ivys\ivy.xml
  not found: https://repo1.maven.org/maven2/org/scalameta/mtags_2.12.7/1.6.3/mtags_2.12.7-1.6.3.pom
  not found: C:\Users\serg\.m2\repository\org\scalameta\mtags_2.12.7\1.6.3\mtags_2.12.7-1.6.3.pom
  not found: https://central.sonatype.com/repository/maven-snapshots/org/scalameta/mtags_2.12.7/1.6.3/mtags_2.12.7-1.6.3.pom
	at coursierapi.error.SimpleResolutionError.of(SimpleResolutionError.java:11)
	at coursierapi.shaded.coursier.internal.api.ApiHelper$.simpleResError(ApiHelper.scala:451)
	at coursierapi.shaded.coursier.internal.api.ApiHelper$.doFetch(ApiHelper.scala:495)
	at coursierapi.shaded.coursier.internal.api.ApiHelper.doFetch(ApiHelper.scala)
	at coursierapi.Fetch.fetchResult(Fetch.java:239)
	at coursierapi.Fetch.fetch(Fetch.java:234)
	at scala.meta.internal.metals.Embedded$.downloadDependency(Embedded.scala:432)
	at scala.meta.internal.metals.Embedded$.downloadMtags(Embedded.scala:482)
	at scala.meta.internal.metals.MtagsResolver$Default.$anonfun$resolve$3(MtagsResolver.scala:168)
	at scala.concurrent.Future$.$anonfun$apply$1(Future.scala:691)
	at scala.concurrent.impl.Promise$Transformation.run(Promise.scala:500)
	at java.util.concurrent.ThreadPoolExecutor.runWorker(ThreadPoolExecutor.java:1136)
	at java.util.concurrent.ThreadPoolExecutor$Worker.run(ThreadPoolExecutor.java:635)
	at java.lang.Thread.run(Thread.java:840)

2025.10.16 23:06:30 INFO  Found coursier in path under C:\Users\serg\.metals\cs.exe, using it to fetch dependency
2025.10.16 23:06:30 ERROR Downloading https://repo1.maven.org/maven2/org/scalameta/mtags_2.12.7/1.6.3/mtags_2.12.7-1.6.3.pom
2025.10.16 23:06:30 ERROR Downloaded https://repo1.maven.org/maven2/org/scalameta/mtags_2.12.7/1.6.3/mtags_2.12.7-1.6.3.pom
2025.10.16 23:06:30 ERROR Downloading https://repo1.maven.org/maven2/org/scalameta/mtags_2.12.7/1.6.3/mtags_2.12.7-1.6.3.pom.sha1
2025.10.16 23:06:30 ERROR Downloaded https://repo1.maven.org/maven2/org/scalameta/mtags_2.12.7/1.6.3/mtags_2.12.7-1.6.3.pom.sha1
2025.10.16 23:06:30 ERROR Resolution error: Error downloading org.scalameta:mtags_2.12.7:1.6.3
2025.10.16 23:06:30 ERROR   not found: C:\Users\serg\.ivy2\local\org.scalameta\mtags_2.12.7\1.6.3\ivys\ivy.xml
2025.10.16 23:06:30 ERROR   not found: https://repo1.maven.org/maven2/org/scalameta/mtags_2.12.7/1.6.3/mtags_2.12.7-1.6.3.pom
2025.10.16 23:06:31 ERROR Error downloading Dependency{module=Module(org.scalameta, mtags_2.12.7), version='1.6.3', exclusions=[], configuration='', publication=null, transitive=true, overrides={}}
coursierapi.error.SimpleResolutionError$1: Error downloading org.scalameta:mtags_2.12.7:1.6.3
  not found: C:\Users\serg\.ivy2\local\org.scalameta\mtags_2.12.7\1.6.3\ivys\ivy.xml
  not found: https://repo1.maven.org/maven2/org/scalameta/mtags_2.12.7/1.6.3/mtags_2.12.7-1.6.3.pom
  not found: C:\Users\serg\.m2\repository\org\scalameta\mtags_2.12.7\1.6.3\mtags_2.12.7-1.6.3.pom
  not found: https://central.sonatype.com/repository/maven-snapshots/org/scalameta/mtags_2.12.7/1.6.3/mtags_2.12.7-1.6.3.pom
	at coursierapi.error.SimpleResolutionError.of(SimpleResolutionError.java:11)
	at coursierapi.shaded.coursier.internal.api.ApiHelper$.simpleResError(ApiHelper.scala:451)
	at coursierapi.shaded.coursier.internal.api.ApiHelper$.doFetch(ApiHelper.scala:495)
	at coursierapi.shaded.coursier.internal.api.ApiHelper.doFetch(ApiHelper.scala)
	at coursierapi.Fetch.fetchResult(Fetch.java:239)
	at coursierapi.Fetch.fetch(Fetch.java:234)
	at scala.meta.internal.metals.Embedded$.downloadDependency(Embedded.scala:432)
	at scala.meta.internal.metals.Embedded$.downloadMtags(Embedded.scala:482)
	at scala.meta.internal.metals.MtagsResolver$Default.$anonfun$resolve$3(MtagsResolver.scala:168)
	at scala.concurrent.Future$.$anonfun$apply$1(Future.scala:691)
	at scala.concurrent.impl.Promise$Transformation.run(Promise.scala:500)
	at java.util.concurrent.ThreadPoolExecutor.runWorker(ThreadPoolExecutor.java:1136)
	at java.util.concurrent.ThreadPoolExecutor$Worker.run(ThreadPoolExecutor.java:635)
	at java.lang.Thread.run(Thread.java:840)

2025.10.16 23:06:31 INFO  Found coursier in path under C:\Users\serg\.metals\cs.exe, using it to fetch dependency
2025.10.16 23:06:31 ERROR Downloading https://repo1.maven.org/maven2/org/scalameta/mtags_2.12.7/1.6.3/mtags_2.12.7-1.6.3.pom
2025.10.16 23:06:31 ERROR Downloaded https://repo1.maven.org/maven2/org/scalameta/mtags_2.12.7/1.6.3/mtags_2.12.7-1.6.3.pom
2025.10.16 23:06:31 ERROR Downloading https://repo1.maven.org/maven2/org/scalameta/mtags_2.12.7/1.6.3/mtags_2.12.7-1.6.3.pom.sha1
2025.10.16 23:06:31 ERROR Downloaded https://repo1.maven.org/maven2/org/scalameta/mtags_2.12.7/1.6.3/mtags_2.12.7-1.6.3.pom.sha1
2025.10.16 23:06:31 ERROR Resolution error: Error downloading org.scalameta:mtags_2.12.7:1.6.3
2025.10.16 23:06:31 ERROR   not found: C:\Users\serg\.ivy2\local\org.scalameta\mtags_2.12.7\1.6.3\ivys\ivy.xml
2025.10.16 23:06:31 ERROR   not found: https://repo1.maven.org/maven2/org/scalameta/mtags_2.12.7/1.6.3/mtags_2.12.7-1.6.3.pom
2025.10.16 23:06:32 ERROR Error downloading Dependency{module=Module(org.scalameta, mtags_2.12.7), version='1.6.3', exclusions=[], configuration='', publication=null, transitive=true, overrides={}}
coursierapi.error.SimpleResolutionError$1: Error downloading org.scalameta:mtags_2.12.7:1.6.3
  not found: C:\Users\serg\.ivy2\local\org.scalameta\mtags_2.12.7\1.6.3\ivys\ivy.xml
  not found: https://repo1.maven.org/maven2/org/scalameta/mtags_2.12.7/1.6.3/mtags_2.12.7-1.6.3.pom
  not found: C:\Users\serg\.m2\repository\org\scalameta\mtags_2.12.7\1.6.3\mtags_2.12.7-1.6.3.pom
  not found: https://central.sonatype.com/repository/maven-snapshots/org/scalameta/mtags_2.12.7/1.6.3/mtags_2.12.7-1.6.3.pom
	at coursierapi.error.SimpleResolutionError.of(SimpleResolutionError.java:11)
	at coursierapi.shaded.coursier.internal.api.ApiHelper$.simpleResError(ApiHelper.scala:451)
	at coursierapi.shaded.coursier.internal.api.ApiHelper$.doFetch(ApiHelper.scala:495)
	at coursierapi.shaded.coursier.internal.api.ApiHelper.doFetch(ApiHelper.scala)
	at coursierapi.Fetch.fetchResult(Fetch.java:239)
	at coursierapi.Fetch.fetch(Fetch.java:234)
	at scala.meta.internal.metals.Embedded$.downloadDependency(Embedded.scala:432)
	at scala.meta.internal.metals.Embedded$.downloadMtags(Embedded.scala:482)
	at scala.meta.internal.metals.MtagsResolver$Default.$anonfun$resolve$3(MtagsResolver.scala:168)
	at scala.concurrent.Future$.$anonfun$apply$1(Future.scala:691)
	at scala.concurrent.impl.Promise$Transformation.run(Promise.scala:500)
	at java.util.concurrent.ThreadPoolExecutor.runWorker(ThreadPoolExecutor.java:1136)
	at java.util.concurrent.ThreadPoolExecutor$Worker.run(ThreadPoolExecutor.java:635)
	at java.lang.Thread.run(Thread.java:840)

2025.10.16 23:06:32 INFO  Found coursier in path under C:\Users\serg\.metals\cs.exe, using it to fetch dependency
2025.10.16 23:06:33 ERROR Downloading https://repo1.maven.org/maven2/org/scalameta/mtags_2.12.7/1.6.3/mtags_2.12.7-1.6.3.pom
2025.10.16 23:06:33 ERROR Downloaded https://repo1.maven.org/maven2/org/scalameta/mtags_2.12.7/1.6.3/mtags_2.12.7-1.6.3.pom
2025.10.16 23:06:33 ERROR Downloading https://repo1.maven.org/maven2/org/scalameta/mtags_2.12.7/1.6.3/mtags_2.12.7-1.6.3.pom.sha1
2025.10.16 23:06:33 ERROR Downloaded https://repo1.maven.org/maven2/org/scalameta/mtags_2.12.7/1.6.3/mtags_2.12.7-1.6.3.pom.sha1
2025.10.16 23:06:33 ERROR Resolution error: Error downloading org.scalameta:mtags_2.12.7:1.6.3
2025.10.16 23:06:33 ERROR   not found: C:\Users\serg\.ivy2\local\org.scalameta\mtags_2.12.7\1.6.3\ivys\ivy.xml
2025.10.16 23:06:33 ERROR   not found: https://repo1.maven.org/maven2/org/scalameta/mtags_2.12.7/1.6.3/mtags_2.12.7-1.6.3.pom
2025.10.16 23:06:33 ERROR Failed to resolve mtags for 2.12.7
coursierapi.error.SimpleResolutionError$1: Error downloading org.scalameta:mtags_2.12.7:1.6.3
  not found: C:\Users\serg\.ivy2\local\org.scalameta\mtags_2.12.7\1.6.3\ivys\ivy.xml
  not found: https://repo1.maven.org/maven2/org/scalameta/mtags_2.12.7/1.6.3/mtags_2.12.7-1.6.3.pom
  not found: C:\Users\serg\.m2\repository\org\scalameta\mtags_2.12.7\1.6.3\mtags_2.12.7-1.6.3.pom
  not found: https://central.sonatype.com/repository/maven-snapshots/org/scalameta/mtags_2.12.7/1.6.3/mtags_2.12.7-1.6.3.pom
	at coursierapi.error.SimpleResolutionError.of(SimpleResolutionError.java:11)
	at coursierapi.shaded.coursier.internal.api.ApiHelper$.simpleResError(ApiHelper.scala:451)
	at coursierapi.shaded.coursier.internal.api.ApiHelper$.doFetch(ApiHelper.scala:495)
	at coursierapi.shaded.coursier.internal.api.ApiHelper.doFetch(ApiHelper.scala)
	at coursierapi.Fetch.fetchResult(Fetch.java:239)
	at coursierapi.Fetch.fetch(Fetch.java:234)
	at scala.meta.internal.metals.Embedded$.downloadDependency(Embedded.scala:432)
	at scala.meta.internal.metals.Embedded$.downloadMtags(Embedded.scala:482)
	at scala.meta.internal.metals.MtagsResolver$Default.$anonfun$resolve$3(MtagsResolver.scala:168)
	at scala.concurrent.Future$.$anonfun$apply$1(Future.scala:691)
	at scala.concurrent.impl.Promise$Transformation.run(Promise.scala:500)
	at java.util.concurrent.ThreadPoolExecutor.runWorker(ThreadPoolExecutor.java:1136)
	at java.util.concurrent.ThreadPoolExecutor$Worker.run(ThreadPoolExecutor.java:635)
	at java.lang.Thread.run(Thread.java:840)

2025.10.16 23:06:33 WARN  unsupported Scala 2.12.7
окт. 16, 2025 11:06:33 PM org.eclipse.lsp4j.jsonrpc.RemoteEndpoint handleCancellation
WARNING: Unmatched cancel notification for request id 168
2025.10.16 23:06:33 WARN  unsupported Scala 2.12.7
окт. 16, 2025 11:06:33 PM org.eclipse.lsp4j.jsonrpc.RemoteEndpoint handleCancellation
WARNING: Unmatched cancel notification for request id 173
2025.10.16 23:08:32 WARN  unsupported Scala 2.12.7
2025.10.16 23:08:32 WARN  unsupported Scala 2.12.7
2025.10.16 23:08:32 WARN  unsupported Scala 2.12.7
2025.10.16 23:08:34 WARN  unsupported Scala 2.12.7
2025.10.16 23:08:34 WARN  unsupported Scala 2.12.7
2025.10.16 23:08:34 INFO  compiling root-3 (3 scala sources)
2025.10.16 23:08:34 WARN  -optimise is deprecated: In 2.12, -optimise enables -opt:l:inline -opt-inline-from:**. Check -opt:help for using the Scala 2.12 optimizer.
2025.10.16 23:08:34 WARN  unsupported Scala 2.12.7
2025.10.16 23:08:34 INFO  Error while emitting package.scala
Unsupported class file major version 61 (full report at: "C:\Users\serg\j25-26\tasks\term-1\3\.metals\.reports\bloop\2025-10-16\r_Error while emitting..._22-57-39-300.md")
2025.10.16 23:08:34 INFO  Error while emitting FunSets.scala
Unsupported class file major version 61 (full report at: "C:\Users\serg\j25-26\tasks\term-1\3\.metals\.reports\bloop\2025-10-16\r_Error while emitting..._22-57-39-321.md")
2025.10.16 23:08:34 INFO  Error while emitting Main.scala
Unsupported class file major version 61 (full report at: "C:\Users\serg\j25-26\tasks\term-1\3\.metals\.reports\bloop\2025-10-16\r_Error while emitting..._22-57-39-347.md")
2025.10.16 23:08:34 INFO  Error while emitting Main.scala
assertion failed: ClassBType.info not yet assigned: Lfunsets/Main$; (full report at: "C:\Users\serg\j25-26\tasks\term-1\3\.metals\.reports\bloop\2025-10-16\r_Error while emitting..._22-57-39-358.md")
2025.10.16 23:08:34 INFO  time: compiled root-3 in 0.47s
2025.10.16 23:08:35 WARN  unsupported Scala 2.12.7
2025.10.16 23:08:35 WARN  unsupported Scala 2.12.7
2025.10.16 23:08:53 WARN  unsupported Scala 2.12.7
2025.10.16 23:08:53 WARN  unsupported Scala 2.12.7
2025.10.16 23:08:53 WARN  unsupported Scala 2.12.7
2025.10.16 23:08:53 WARN  unsupported Scala 2.12.7
2025.10.16 23:08:53 WARN  unsupported Scala 2.12.7
2025.10.16 23:08:54 INFO  compiling root-3 (3 scala sources)
2025.10.16 23:08:54 WARN  -optimise is deprecated: In 2.12, -optimise enables -opt:l:inline -opt-inline-from:**. Check -opt:help for using the Scala 2.12 optimizer.
2025.10.16 23:08:55 WARN  unsupported Scala 2.12.7
2025.10.16 23:08:54 INFO  Error while emitting package.scala
Unsupported class file major version 61 (full report at: "C:\Users\serg\j25-26\tasks\term-1\3\.metals\.reports\bloop\2025-10-16\r_Error while emitting..._22-57-39-300.md")
2025.10.16 23:08:54 INFO  Error while emitting FunSets.scala
Unsupported class file major version 61 (full report at: "C:\Users\serg\j25-26\tasks\term-1\3\.metals\.reports\bloop\2025-10-16\r_Error while emitting..._22-57-39-321.md")
2025.10.16 23:08:54 INFO  Error while emitting Main.scala
Unsupported class file major version 61 (full report at: "C:\Users\serg\j25-26\tasks\term-1\3\.metals\.reports\bloop\2025-10-16\r_Error while emitting..._22-57-39-347.md")
2025.10.16 23:08:54 INFO  Error while emitting Main.scala
assertion failed: ClassBType.info not yet assigned: Lfunsets/Main$; (full report at: "C:\Users\serg\j25-26\tasks\term-1\3\.metals\.reports\bloop\2025-10-16\r_Error while emitting..._22-57-39-358.md")
2025.10.16 23:08:54 INFO  time: compiled root-3 in 0.49s
2025.10.16 23:08:56 WARN  unsupported Scala 2.12.7
2025.10.16 23:08:56 WARN  unsupported Scala 2.12.7
2025.10.16 23:08:56 WARN  unsupported Scala 2.12.7
2025.10.16 23:08:56 WARN  unsupported Scala 2.12.7
2025.10.16 23:08:56 WARN  unsupported Scala 2.12.7
2025.10.16 23:08:57 INFO  compiling root-3 (3 scala sources)
2025.10.16 23:08:57 WARN  -optimise is deprecated: In 2.12, -optimise enables -opt:l:inline -opt-inline-from:**. Check -opt:help for using the Scala 2.12 optimizer.
2025.10.16 23:08:58 WARN  unsupported Scala 2.12.7
2025.10.16 23:08:57 INFO  Error while emitting package.scala
Unsupported class file major version 61 (full report at: "C:\Users\serg\j25-26\tasks\term-1\3\.metals\.reports\bloop\2025-10-16\r_Error while emitting..._22-57-39-300.md")
2025.10.16 23:08:57 INFO  Error while emitting FunSets.scala
Unsupported class file major version 61 (full report at: "C:\Users\serg\j25-26\tasks\term-1\3\.metals\.reports\bloop\2025-10-16\r_Error while emitting..._22-57-39-321.md")
2025.10.16 23:08:57 INFO  Error while emitting Main.scala
Unsupported class file major version 61 (full report at: "C:\Users\serg\j25-26\tasks\term-1\3\.metals\.reports\bloop\2025-10-16\r_Error while emitting..._22-57-39-347.md")
2025.10.16 23:08:57 INFO  Error while emitting Main.scala
assertion failed: ClassBType.info not yet assigned: Lfunsets/Main$; (full report at: "C:\Users\serg\j25-26\tasks\term-1\3\.metals\.reports\bloop\2025-10-16\r_Error while emitting..._22-57-39-358.md")
2025.10.16 23:08:57 INFO  time: compiled root-3 in 0.43s
2025.10.16 23:09:01 WARN  unsupported Scala 2.12.7
2025.10.16 23:09:01 WARN  unsupported Scala 2.12.7
2025.10.16 23:09:01 WARN  unsupported Scala 2.12.7
2025.10.16 23:09:01 WARN  unsupported Scala 2.12.7
2025.10.16 23:09:01 WARN  unsupported Scala 2.12.7
2025.10.16 23:09:02 INFO  compiling root-3 (3 scala sources)
2025.10.16 23:09:02 WARN  -optimise is deprecated: In 2.12, -optimise enables -opt:l:inline -opt-inline-from:**. Check -opt:help for using the Scala 2.12 optimizer.
2025.10.16 23:09:02 WARN  unsupported Scala 2.12.7
2025.10.16 23:09:02 INFO  Error while emitting package.scala
Unsupported class file major version 61 (full report at: "C:\Users\serg\j25-26\tasks\term-1\3\.metals\.reports\bloop\2025-10-16\r_Error while emitting..._22-57-39-300.md")
2025.10.16 23:09:02 INFO  Error while emitting FunSets.scala
Unsupported class file major version 61 (full report at: "C:\Users\serg\j25-26\tasks\term-1\3\.metals\.reports\bloop\2025-10-16\r_Error while emitting..._22-57-39-321.md")
2025.10.16 23:09:02 INFO  Error while emitting Main.scala
Unsupported class file major version 61 (full report at: "C:\Users\serg\j25-26\tasks\term-1\3\.metals\.reports\bloop\2025-10-16\r_Error while emitting..._22-57-39-347.md")
2025.10.16 23:09:02 INFO  Error while emitting Main.scala
assertion failed: ClassBType.info not yet assigned: Lfunsets/Main$; (full report at: "C:\Users\serg\j25-26\tasks\term-1\3\.metals\.reports\bloop\2025-10-16\r_Error while emitting..._22-57-39-358.md")
2025.10.16 23:09:02 INFO  time: compiled root-3 in 0.49s
2025.10.16 23:09:03 WARN  unsupported Scala 2.12.7
2025.10.16 23:09:03 WARN  unsupported Scala 2.12.7
2025.10.16 23:09:03 WARN  unsupported Scala 2.12.7
2025.10.16 23:09:03 WARN  unsupported Scala 2.12.7
2025.10.16 23:09:03 WARN  unsupported Scala 2.12.7
2025.10.16 23:09:05 WARN  unsupported Scala 2.12.7
2025.10.16 23:09:05 INFO  compiling root-3 (3 scala sources)
2025.10.16 23:09:05 WARN  -optimise is deprecated: In 2.12, -optimise enables -opt:l:inline -opt-inline-from:**. Check -opt:help for using the Scala 2.12 optimizer.
2025.10.16 23:09:05 WARN  unsupported Scala 2.12.7
2025.10.16 23:09:05 INFO  Error while emitting package.scala
Unsupported class file major version 61 (full report at: "C:\Users\serg\j25-26\tasks\term-1\3\.metals\.reports\bloop\2025-10-16\r_Error while emitting..._22-57-39-300.md")
2025.10.16 23:09:05 INFO  Error while emitting FunSets.scala
Unsupported class file major version 61 (full report at: "C:\Users\serg\j25-26\tasks\term-1\3\.metals\.reports\bloop\2025-10-16\r_Error while emitting..._22-57-39-321.md")
2025.10.16 23:09:05 INFO  Error while emitting Main.scala
Unsupported class file major version 61 (full report at: "C:\Users\serg\j25-26\tasks\term-1\3\.metals\.reports\bloop\2025-10-16\r_Error while emitting..._22-57-39-347.md")
2025.10.16 23:09:05 INFO  Error while emitting Main.scala
assertion failed: ClassBType.info not yet assigned: Lfunsets/Main$; (full report at: "C:\Users\serg\j25-26\tasks\term-1\3\.metals\.reports\bloop\2025-10-16\r_Error while emitting..._22-57-39-358.md")
2025.10.16 23:09:05 INFO  time: compiled root-3 in 0.42s
2025.10.16 23:09:38 WARN  unsupported Scala 2.12.7
2025.10.16 23:09:38 WARN  unsupported Scala 2.12.7
2025.10.16 23:09:38 WARN  unsupported Scala 2.12.7
2025.10.16 23:09:40 WARN  unsupported Scala 2.12.7
2025.10.16 23:09:40 WARN  unsupported Scala 2.12.7
2025.10.16 23:09:41 WARN  unsupported Scala 2.12.7
2025.10.16 23:09:41 WARN  unsupported Scala 2.12.7
2025.10.16 23:09:43 WARN  unsupported Scala 2.12.7
2025.10.16 23:09:43 WARN  unsupported Scala 2.12.7
2025.10.16 23:09:50 WARN  unsupported Scala 2.12.7
2025.10.16 23:09:50 WARN  unsupported Scala 2.12.7
2025.10.16 23:10:11 WARN  unsupported Scala 2.12.7
2025.10.16 23:10:11 WARN  unsupported Scala 2.12.7
2025.10.16 23:10:30 WARN  unsupported Scala 2.12.7
2025.10.16 23:10:51 WARN  unsupported Scala 2.12.7
2025.10.16 23:10:55 WARN  unsupported Scala 2.12.7
2025.10.16 23:11:43 ERROR Error downloading Dependency{module=Module(org.scalameta, mtags_2.12.7), version='1.6.3', exclusions=[], configuration='', publication=null, transitive=true, overrides={}}
coursierapi.error.SimpleResolutionError$1: Error downloading org.scalameta:mtags_2.12.7:1.6.3
  not found: C:\Users\serg\.ivy2\local\org.scalameta\mtags_2.12.7\1.6.3\ivys\ivy.xml
  not found: https://repo1.maven.org/maven2/org/scalameta/mtags_2.12.7/1.6.3/mtags_2.12.7-1.6.3.pom
  not found: C:\Users\serg\.m2\repository\org\scalameta\mtags_2.12.7\1.6.3\mtags_2.12.7-1.6.3.pom
  not found: https://central.sonatype.com/repository/maven-snapshots/org/scalameta/mtags_2.12.7/1.6.3/mtags_2.12.7-1.6.3.pom
	at coursierapi.error.SimpleResolutionError.of(SimpleResolutionError.java:11)
	at coursierapi.shaded.coursier.internal.api.ApiHelper$.simpleResError(ApiHelper.scala:451)
	at coursierapi.shaded.coursier.internal.api.ApiHelper$.doFetch(ApiHelper.scala:495)
	at coursierapi.shaded.coursier.internal.api.ApiHelper.doFetch(ApiHelper.scala)
	at coursierapi.Fetch.fetchResult(Fetch.java:239)
	at coursierapi.Fetch.fetch(Fetch.java:234)
	at scala.meta.internal.metals.Embedded$.downloadDependency(Embedded.scala:432)
	at scala.meta.internal.metals.Embedded$.downloadMtags(Embedded.scala:482)
	at scala.meta.internal.metals.MtagsResolver$Default.$anonfun$resolve$3(MtagsResolver.scala:168)
	at scala.concurrent.Future$.$anonfun$apply$1(Future.scala:691)
	at scala.concurrent.impl.Promise$Transformation.run(Promise.scala:500)
	at java.util.concurrent.ThreadPoolExecutor.runWorker(ThreadPoolExecutor.java:1136)
	at java.util.concurrent.ThreadPoolExecutor$Worker.run(ThreadPoolExecutor.java:635)
	at java.lang.Thread.run(Thread.java:840)

2025.10.16 23:11:43 INFO  Found coursier in path under C:\Users\serg\.metals\cs.exe, using it to fetch dependency
2025.10.16 23:11:43 ERROR Downloading https://repo1.maven.org/maven2/org/scalameta/mtags_2.12.7/1.6.3/mtags_2.12.7-1.6.3.pom
2025.10.16 23:11:43 ERROR Downloaded https://repo1.maven.org/maven2/org/scalameta/mtags_2.12.7/1.6.3/mtags_2.12.7-1.6.3.pom
2025.10.16 23:11:43 ERROR Downloading https://repo1.maven.org/maven2/org/scalameta/mtags_2.12.7/1.6.3/mtags_2.12.7-1.6.3.pom.sha1
2025.10.16 23:11:43 ERROR Downloaded https://repo1.maven.org/maven2/org/scalameta/mtags_2.12.7/1.6.3/mtags_2.12.7-1.6.3.pom.sha1
2025.10.16 23:11:43 ERROR Resolution error: Error downloading org.scalameta:mtags_2.12.7:1.6.3
2025.10.16 23:11:43 ERROR   not found: C:\Users\serg\.ivy2\local\org.scalameta\mtags_2.12.7\1.6.3\ivys\ivy.xml
2025.10.16 23:11:43 ERROR   not found: https://repo1.maven.org/maven2/org/scalameta/mtags_2.12.7/1.6.3/mtags_2.12.7-1.6.3.pom
2025.10.16 23:11:44 ERROR Error downloading Dependency{module=Module(org.scalameta, mtags_2.12.7), version='1.6.3', exclusions=[], configuration='', publication=null, transitive=true, overrides={}}
coursierapi.error.SimpleResolutionError$1: Error downloading org.scalameta:mtags_2.12.7:1.6.3
  not found: C:\Users\serg\.ivy2\local\org.scalameta\mtags_2.12.7\1.6.3\ivys\ivy.xml
  not found: https://repo1.maven.org/maven2/org/scalameta/mtags_2.12.7/1.6.3/mtags_2.12.7-1.6.3.pom
  not found: C:\Users\serg\.m2\repository\org\scalameta\mtags_2.12.7\1.6.3\mtags_2.12.7-1.6.3.pom
  not found: https://central.sonatype.com/repository/maven-snapshots/org/scalameta/mtags_2.12.7/1.6.3/mtags_2.12.7-1.6.3.pom
	at coursierapi.error.SimpleResolutionError.of(SimpleResolutionError.java:11)
	at coursierapi.shaded.coursier.internal.api.ApiHelper$.simpleResError(ApiHelper.scala:451)
	at coursierapi.shaded.coursier.internal.api.ApiHelper$.doFetch(ApiHelper.scala:495)
	at coursierapi.shaded.coursier.internal.api.ApiHelper.doFetch(ApiHelper.scala)
	at coursierapi.Fetch.fetchResult(Fetch.java:239)
	at coursierapi.Fetch.fetch(Fetch.java:234)
	at scala.meta.internal.metals.Embedded$.downloadDependency(Embedded.scala:432)
	at scala.meta.internal.metals.Embedded$.downloadMtags(Embedded.scala:482)
	at scala.meta.internal.metals.MtagsResolver$Default.$anonfun$resolve$3(MtagsResolver.scala:168)
	at scala.concurrent.Future$.$anonfun$apply$1(Future.scala:691)
	at scala.concurrent.impl.Promise$Transformation.run(Promise.scala:500)
	at java.util.concurrent.ThreadPoolExecutor.runWorker(ThreadPoolExecutor.java:1136)
	at java.util.concurrent.ThreadPoolExecutor$Worker.run(ThreadPoolExecutor.java:635)
	at java.lang.Thread.run(Thread.java:840)

2025.10.16 23:11:44 INFO  Found coursier in path under C:\Users\serg\.metals\cs.exe, using it to fetch dependency
2025.10.16 23:11:44 ERROR Downloading https://repo1.maven.org/maven2/org/scalameta/mtags_2.12.7/1.6.3/mtags_2.12.7-1.6.3.pom
2025.10.16 23:11:44 ERROR Downloaded https://repo1.maven.org/maven2/org/scalameta/mtags_2.12.7/1.6.3/mtags_2.12.7-1.6.3.pom
2025.10.16 23:11:44 ERROR Downloading https://repo1.maven.org/maven2/org/scalameta/mtags_2.12.7/1.6.3/mtags_2.12.7-1.6.3.pom.sha1
2025.10.16 23:11:44 ERROR Downloaded https://repo1.maven.org/maven2/org/scalameta/mtags_2.12.7/1.6.3/mtags_2.12.7-1.6.3.pom.sha1
2025.10.16 23:11:44 ERROR Resolution error: Error downloading org.scalameta:mtags_2.12.7:1.6.3
2025.10.16 23:11:44 ERROR   not found: C:\Users\serg\.ivy2\local\org.scalameta\mtags_2.12.7\1.6.3\ivys\ivy.xml
2025.10.16 23:11:44 ERROR   not found: https://repo1.maven.org/maven2/org/scalameta/mtags_2.12.7/1.6.3/mtags_2.12.7-1.6.3.pom
2025.10.16 23:11:46 ERROR Error downloading Dependency{module=Module(org.scalameta, mtags_2.12.7), version='1.6.3', exclusions=[], configuration='', publication=null, transitive=true, overrides={}}
coursierapi.error.SimpleResolutionError$1: Error downloading org.scalameta:mtags_2.12.7:1.6.3
  not found: C:\Users\serg\.ivy2\local\org.scalameta\mtags_2.12.7\1.6.3\ivys\ivy.xml
  not found: https://repo1.maven.org/maven2/org/scalameta/mtags_2.12.7/1.6.3/mtags_2.12.7-1.6.3.pom
  not found: C:\Users\serg\.m2\repository\org\scalameta\mtags_2.12.7\1.6.3\mtags_2.12.7-1.6.3.pom
  not found: https://central.sonatype.com/repository/maven-snapshots/org/scalameta/mtags_2.12.7/1.6.3/mtags_2.12.7-1.6.3.pom
	at coursierapi.error.SimpleResolutionError.of(SimpleResolutionError.java:11)
	at coursierapi.shaded.coursier.internal.api.ApiHelper$.simpleResError(ApiHelper.scala:451)
	at coursierapi.shaded.coursier.internal.api.ApiHelper$.doFetch(ApiHelper.scala:495)
	at coursierapi.shaded.coursier.internal.api.ApiHelper.doFetch(ApiHelper.scala)
	at coursierapi.Fetch.fetchResult(Fetch.java:239)
	at coursierapi.Fetch.fetch(Fetch.java:234)
	at scala.meta.internal.metals.Embedded$.downloadDependency(Embedded.scala:432)
	at scala.meta.internal.metals.Embedded$.downloadMtags(Embedded.scala:482)
	at scala.meta.internal.metals.MtagsResolver$Default.$anonfun$resolve$3(MtagsResolver.scala:168)
	at scala.concurrent.Future$.$anonfun$apply$1(Future.scala:691)
	at scala.concurrent.impl.Promise$Transformation.run(Promise.scala:500)
	at java.util.concurrent.ThreadPoolExecutor.runWorker(ThreadPoolExecutor.java:1136)
	at java.util.concurrent.ThreadPoolExecutor$Worker.run(ThreadPoolExecutor.java:635)
	at java.lang.Thread.run(Thread.java:840)

2025.10.16 23:11:46 INFO  Found coursier in path under C:\Users\serg\.metals\cs.exe, using it to fetch dependency
2025.10.16 23:11:46 ERROR Downloading https://repo1.maven.org/maven2/org/scalameta/mtags_2.12.7/1.6.3/mtags_2.12.7-1.6.3.pom
2025.10.16 23:11:46 ERROR Downloaded https://repo1.maven.org/maven2/org/scalameta/mtags_2.12.7/1.6.3/mtags_2.12.7-1.6.3.pom
2025.10.16 23:11:46 ERROR Downloading https://repo1.maven.org/maven2/org/scalameta/mtags_2.12.7/1.6.3/mtags_2.12.7-1.6.3.pom.sha1
2025.10.16 23:11:46 ERROR Downloaded https://repo1.maven.org/maven2/org/scalameta/mtags_2.12.7/1.6.3/mtags_2.12.7-1.6.3.pom.sha1
2025.10.16 23:11:46 ERROR Resolution error: Error downloading org.scalameta:mtags_2.12.7:1.6.3
2025.10.16 23:11:46 ERROR   not found: C:\Users\serg\.ivy2\local\org.scalameta\mtags_2.12.7\1.6.3\ivys\ivy.xml
2025.10.16 23:11:46 ERROR   not found: https://repo1.maven.org/maven2/org/scalameta/mtags_2.12.7/1.6.3/mtags_2.12.7-1.6.3.pom
2025.10.16 23:11:47 ERROR Error downloading Dependency{module=Module(org.scalameta, mtags_2.12.7), version='1.6.3', exclusions=[], configuration='', publication=null, transitive=true, overrides={}}
coursierapi.error.SimpleResolutionError$1: Error downloading org.scalameta:mtags_2.12.7:1.6.3
  not found: C:\Users\serg\.ivy2\local\org.scalameta\mtags_2.12.7\1.6.3\ivys\ivy.xml
  not found: https://repo1.maven.org/maven2/org/scalameta/mtags_2.12.7/1.6.3/mtags_2.12.7-1.6.3.pom
  not found: C:\Users\serg\.m2\repository\org\scalameta\mtags_2.12.7\1.6.3\mtags_2.12.7-1.6.3.pom
  not found: https://central.sonatype.com/repository/maven-snapshots/org/scalameta/mtags_2.12.7/1.6.3/mtags_2.12.7-1.6.3.pom
	at coursierapi.error.SimpleResolutionError.of(SimpleResolutionError.java:11)
	at coursierapi.shaded.coursier.internal.api.ApiHelper$.simpleResError(ApiHelper.scala:451)
	at coursierapi.shaded.coursier.internal.api.ApiHelper$.doFetch(ApiHelper.scala:495)
	at coursierapi.shaded.coursier.internal.api.ApiHelper.doFetch(ApiHelper.scala)
	at coursierapi.Fetch.fetchResult(Fetch.java:239)
	at coursierapi.Fetch.fetch(Fetch.java:234)
	at scala.meta.internal.metals.Embedded$.downloadDependency(Embedded.scala:432)
	at scala.meta.internal.metals.Embedded$.downloadMtags(Embedded.scala:482)
	at scala.meta.internal.metals.MtagsResolver$Default.$anonfun$resolve$3(MtagsResolver.scala:168)
	at scala.concurrent.Future$.$anonfun$apply$1(Future.scala:691)
	at scala.concurrent.impl.Promise$Transformation.run(Promise.scala:500)
	at java.util.concurrent.ThreadPoolExecutor.runWorker(ThreadPoolExecutor.java:1136)
	at java.util.concurrent.ThreadPoolExecutor$Worker.run(ThreadPoolExecutor.java:635)
	at java.lang.Thread.run(Thread.java:840)

2025.10.16 23:11:47 INFO  Found coursier in path under C:\Users\serg\.metals\cs.exe, using it to fetch dependency
2025.10.16 23:11:47 ERROR Downloading https://repo1.maven.org/maven2/org/scalameta/mtags_2.12.7/1.6.3/mtags_2.12.7-1.6.3.pom
2025.10.16 23:11:47 ERROR Downloaded https://repo1.maven.org/maven2/org/scalameta/mtags_2.12.7/1.6.3/mtags_2.12.7-1.6.3.pom
2025.10.16 23:11:47 ERROR Downloading https://repo1.maven.org/maven2/org/scalameta/mtags_2.12.7/1.6.3/mtags_2.12.7-1.6.3.pom.sha1
2025.10.16 23:11:47 ERROR Downloaded https://repo1.maven.org/maven2/org/scalameta/mtags_2.12.7/1.6.3/mtags_2.12.7-1.6.3.pom.sha1
2025.10.16 23:11:47 ERROR Resolution error: Error downloading org.scalameta:mtags_2.12.7:1.6.3
2025.10.16 23:11:47 ERROR   not found: C:\Users\serg\.ivy2\local\org.scalameta\mtags_2.12.7\1.6.3\ivys\ivy.xml
2025.10.16 23:11:47 ERROR   not found: https://repo1.maven.org/maven2/org/scalameta/mtags_2.12.7/1.6.3/mtags_2.12.7-1.6.3.pom
2025.10.16 23:11:48 ERROR Error downloading Dependency{module=Module(org.scalameta, mtags_2.12.7), version='1.6.3', exclusions=[], configuration='', publication=null, transitive=true, overrides={}}
coursierapi.error.SimpleResolutionError$1: Error downloading org.scalameta:mtags_2.12.7:1.6.3
  not found: C:\Users\serg\.ivy2\local\org.scalameta\mtags_2.12.7\1.6.3\ivys\ivy.xml
  not found: https://repo1.maven.org/maven2/org/scalameta/mtags_2.12.7/1.6.3/mtags_2.12.7-1.6.3.pom
  not found: C:\Users\serg\.m2\repository\org\scalameta\mtags_2.12.7\1.6.3\mtags_2.12.7-1.6.3.pom
  not found: https://central.sonatype.com/repository/maven-snapshots/org/scalameta/mtags_2.12.7/1.6.3/mtags_2.12.7-1.6.3.pom
	at coursierapi.error.SimpleResolutionError.of(SimpleResolutionError.java:11)
	at coursierapi.shaded.coursier.internal.api.ApiHelper$.simpleResError(ApiHelper.scala:451)
	at coursierapi.shaded.coursier.internal.api.ApiHelper$.doFetch(ApiHelper.scala:495)
	at coursierapi.shaded.coursier.internal.api.ApiHelper.doFetch(ApiHelper.scala)
	at coursierapi.Fetch.fetchResult(Fetch.java:239)
	at coursierapi.Fetch.fetch(Fetch.java:234)
	at scala.meta.internal.metals.Embedded$.downloadDependency(Embedded.scala:432)
	at scala.meta.internal.metals.Embedded$.downloadMtags(Embedded.scala:482)
	at scala.meta.internal.metals.MtagsResolver$Default.$anonfun$resolve$3(MtagsResolver.scala:168)
	at scala.concurrent.Future$.$anonfun$apply$1(Future.scala:691)
	at scala.concurrent.impl.Promise$Transformation.run(Promise.scala:500)
	at java.util.concurrent.ThreadPoolExecutor.runWorker(ThreadPoolExecutor.java:1136)
	at java.util.concurrent.ThreadPoolExecutor$Worker.run(ThreadPoolExecutor.java:635)
	at java.lang.Thread.run(Thread.java:840)

2025.10.16 23:11:48 INFO  Found coursier in path under C:\Users\serg\.metals\cs.exe, using it to fetch dependency
2025.10.16 23:11:48 ERROR Downloading https://repo1.maven.org/maven2/org/scalameta/mtags_2.12.7/1.6.3/mtags_2.12.7-1.6.3.pom
2025.10.16 23:11:48 ERROR Downloaded https://repo1.maven.org/maven2/org/scalameta/mtags_2.12.7/1.6.3/mtags_2.12.7-1.6.3.pom
2025.10.16 23:11:48 ERROR Downloading https://repo1.maven.org/maven2/org/scalameta/mtags_2.12.7/1.6.3/mtags_2.12.7-1.6.3.pom.sha1
2025.10.16 23:11:48 ERROR Downloaded https://repo1.maven.org/maven2/org/scalameta/mtags_2.12.7/1.6.3/mtags_2.12.7-1.6.3.pom.sha1
2025.10.16 23:11:48 ERROR Resolution error: Error downloading org.scalameta:mtags_2.12.7:1.6.3
2025.10.16 23:11:48 ERROR   not found: C:\Users\serg\.ivy2\local\org.scalameta\mtags_2.12.7\1.6.3\ivys\ivy.xml
2025.10.16 23:11:48 ERROR   not found: https://repo1.maven.org/maven2/org/scalameta/mtags_2.12.7/1.6.3/mtags_2.12.7-1.6.3.pom
2025.10.16 23:11:50 ERROR Error downloading Dependency{module=Module(org.scalameta, mtags_2.12.7), version='1.6.3', exclusions=[], configuration='', publication=null, transitive=true, overrides={}}
coursierapi.error.SimpleResolutionError$1: Error downloading org.scalameta:mtags_2.12.7:1.6.3
  not found: C:\Users\serg\.ivy2\local\org.scalameta\mtags_2.12.7\1.6.3\ivys\ivy.xml
  not found: https://repo1.maven.org/maven2/org/scalameta/mtags_2.12.7/1.6.3/mtags_2.12.7-1.6.3.pom
  not found: C:\Users\serg\.m2\repository\org\scalameta\mtags_2.12.7\1.6.3\mtags_2.12.7-1.6.3.pom
  not found: https://central.sonatype.com/repository/maven-snapshots/org/scalameta/mtags_2.12.7/1.6.3/mtags_2.12.7-1.6.3.pom
	at coursierapi.error.SimpleResolutionError.of(SimpleResolutionError.java:11)
	at coursierapi.shaded.coursier.internal.api.ApiHelper$.simpleResError(ApiHelper.scala:451)
	at coursierapi.shaded.coursier.internal.api.ApiHelper$.doFetch(ApiHelper.scala:495)
	at coursierapi.shaded.coursier.internal.api.ApiHelper.doFetch(ApiHelper.scala)
	at coursierapi.Fetch.fetchResult(Fetch.java:239)
	at coursierapi.Fetch.fetch(Fetch.java:234)
	at scala.meta.internal.metals.Embedded$.downloadDependency(Embedded.scala:432)
	at scala.meta.internal.metals.Embedded$.downloadMtags(Embedded.scala:482)
	at scala.meta.internal.metals.MtagsResolver$Default.$anonfun$resolve$3(MtagsResolver.scala:168)
	at scala.concurrent.Future$.$anonfun$apply$1(Future.scala:691)
	at scala.concurrent.impl.Promise$Transformation.run(Promise.scala:500)
	at java.util.concurrent.ThreadPoolExecutor.runWorker(ThreadPoolExecutor.java:1136)
	at java.util.concurrent.ThreadPoolExecutor$Worker.run(ThreadPoolExecutor.java:635)
	at java.lang.Thread.run(Thread.java:840)

2025.10.16 23:11:50 INFO  Found coursier in path under C:\Users\serg\.metals\cs.exe, using it to fetch dependency
2025.10.16 23:11:50 ERROR Downloading https://repo1.maven.org/maven2/org/scalameta/mtags_2.12.7/1.6.3/mtags_2.12.7-1.6.3.pom
2025.10.16 23:11:50 ERROR Downloaded https://repo1.maven.org/maven2/org/scalameta/mtags_2.12.7/1.6.3/mtags_2.12.7-1.6.3.pom
2025.10.16 23:11:50 ERROR Downloading https://repo1.maven.org/maven2/org/scalameta/mtags_2.12.7/1.6.3/mtags_2.12.7-1.6.3.pom.sha1
2025.10.16 23:11:50 ERROR Downloaded https://repo1.maven.org/maven2/org/scalameta/mtags_2.12.7/1.6.3/mtags_2.12.7-1.6.3.pom.sha1
2025.10.16 23:11:50 ERROR Resolution error: Error downloading org.scalameta:mtags_2.12.7:1.6.3
2025.10.16 23:11:50 ERROR   not found: C:\Users\serg\.ivy2\local\org.scalameta\mtags_2.12.7\1.6.3\ivys\ivy.xml
2025.10.16 23:11:50 ERROR   not found: https://repo1.maven.org/maven2/org/scalameta/mtags_2.12.7/1.6.3/mtags_2.12.7-1.6.3.pom
2025.10.16 23:11:50 ERROR Failed to resolve mtags for 2.12.7
coursierapi.error.SimpleResolutionError$1: Error downloading org.scalameta:mtags_2.12.7:1.6.3
  not found: C:\Users\serg\.ivy2\local\org.scalameta\mtags_2.12.7\1.6.3\ivys\ivy.xml
  not found: https://repo1.maven.org/maven2/org/scalameta/mtags_2.12.7/1.6.3/mtags_2.12.7-1.6.3.pom
  not found: C:\Users\serg\.m2\repository\org\scalameta\mtags_2.12.7\1.6.3\mtags_2.12.7-1.6.3.pom
  not found: https://central.sonatype.com/repository/maven-snapshots/org/scalameta/mtags_2.12.7/1.6.3/mtags_2.12.7-1.6.3.pom
	at coursierapi.error.SimpleResolutionError.of(SimpleResolutionError.java:11)
	at coursierapi.shaded.coursier.internal.api.ApiHelper$.simpleResError(ApiHelper.scala:451)
	at coursierapi.shaded.coursier.internal.api.ApiHelper$.doFetch(ApiHelper.scala:495)
	at coursierapi.shaded.coursier.internal.api.ApiHelper.doFetch(ApiHelper.scala)
	at coursierapi.Fetch.fetchResult(Fetch.java:239)
	at coursierapi.Fetch.fetch(Fetch.java:234)
	at scala.meta.internal.metals.Embedded$.downloadDependency(Embedded.scala:432)
	at scala.meta.internal.metals.Embedded$.downloadMtags(Embedded.scala:482)
	at scala.meta.internal.metals.MtagsResolver$Default.$anonfun$resolve$3(MtagsResolver.scala:168)
	at scala.concurrent.Future$.$anonfun$apply$1(Future.scala:691)
	at scala.concurrent.impl.Promise$Transformation.run(Promise.scala:500)
	at java.util.concurrent.ThreadPoolExecutor.runWorker(ThreadPoolExecutor.java:1136)
	at java.util.concurrent.ThreadPoolExecutor$Worker.run(ThreadPoolExecutor.java:635)
	at java.lang.Thread.run(Thread.java:840)

2025.10.16 23:11:50 WARN  unsupported Scala 2.12.7
2025.10.16 23:11:50 WARN  unsupported Scala 2.12.7
2025.10.16 23:11:50 WARN  unsupported Scala 2.12.7
2025.10.16 23:11:50 WARN  unsupported Scala 2.12.7
2025.10.16 23:11:50 WARN  unsupported Scala 2.12.7
2025.10.16 23:11:50 WARN  unsupported Scala 2.12.7
окт. 16, 2025 11:11:50 PM org.eclipse.lsp4j.jsonrpc.RemoteEndpoint handleCancellation
WARNING: Unmatched cancel notification for request id 278
окт. 16, 2025 11:11:50 PM org.eclipse.lsp4j.jsonrpc.RemoteEndpoint handleCancellation
WARNING: Unmatched cancel notification for request id 283
2025.10.16 23:11:50 WARN  unsupported Scala 2.12.7
2025.10.16 23:11:50 INFO  compiling root-3 (3 scala sources)
2025.10.16 23:11:50 WARN  -optimise is deprecated: In 2.12, -optimise enables -opt:l:inline -opt-inline-from:**. Check -opt:help for using the Scala 2.12 optimizer.
2025.10.16 23:11:50 INFO  Error while emitting package.scala
Unsupported class file major version 61 (full report at: "C:\Users\serg\j25-26\tasks\term-1\3\.metals\.reports\bloop\2025-10-16\r_Error while emitting..._22-57-39-300.md")
2025.10.16 23:11:50 INFO  Error while emitting FunSets.scala
Unsupported class file major version 61 (full report at: "C:\Users\serg\j25-26\tasks\term-1\3\.metals\.reports\bloop\2025-10-16\r_Error while emitting..._22-57-39-321.md")
2025.10.16 23:11:50 INFO  Error while emitting Main.scala
Unsupported class file major version 61 (full report at: "C:\Users\serg\j25-26\tasks\term-1\3\.metals\.reports\bloop\2025-10-16\r_Error while emitting..._22-57-39-347.md")
2025.10.16 23:11:50 INFO  Error while emitting Main.scala
assertion failed: ClassBType.info not yet assigned: Lfunsets/Main$; (full report at: "C:\Users\serg\j25-26\tasks\term-1\3\.metals\.reports\bloop\2025-10-16\r_Error while emitting..._22-57-39-358.md")
2025.10.16 23:11:50 INFO  time: compiled root-3 in 0.34s
2025.10.16 23:11:51 WARN  unsupported Scala 2.12.7
2025.10.16 23:11:51 WARN  unsupported Scala 2.12.7
2025.10.16 23:11:51 WARN  unsupported Scala 2.12.7
2025.10.16 23:11:51 WARN  unsupported Scala 2.12.7
2025.10.16 23:11:51 WARN  unsupported Scala 2.12.7
2025.10.16 23:11:51 WARN  unsupported Scala 2.12.7
2025.10.16 23:11:51 WARN  unsupported Scala 2.12.7
2025.10.16 23:11:52 INFO  compiling root-3 (3 scala sources)
2025.10.16 23:11:52 WARN  -optimise is deprecated: In 2.12, -optimise enables -opt:l:inline -opt-inline-from:**. Check -opt:help for using the Scala 2.12 optimizer.
2025.10.16 23:11:53 WARN  unsupported Scala 2.12.7
2025.10.16 23:11:52 INFO  Error while emitting package.scala
Unsupported class file major version 61 (full report at: "C:\Users\serg\j25-26\tasks\term-1\3\.metals\.reports\bloop\2025-10-16\r_Error while emitting..._22-57-39-300.md")
2025.10.16 23:11:52 INFO  Error while emitting FunSets.scala
Unsupported class file major version 61 (full report at: "C:\Users\serg\j25-26\tasks\term-1\3\.metals\.reports\bloop\2025-10-16\r_Error while emitting..._22-57-39-321.md")
2025.10.16 23:11:52 INFO  Error while emitting Main.scala
Unsupported class file major version 61 (full report at: "C:\Users\serg\j25-26\tasks\term-1\3\.metals\.reports\bloop\2025-10-16\r_Error while emitting..._22-57-39-347.md")
2025.10.16 23:11:52 INFO  Error while emitting Main.scala
assertion failed: ClassBType.info not yet assigned: Lfunsets/Main$; (full report at: "C:\Users\serg\j25-26\tasks\term-1\3\.metals\.reports\bloop\2025-10-16\r_Error while emitting..._22-57-39-358.md")
2025.10.16 23:11:52 INFO  time: compiled root-3 in 0.32s
2025.10.16 23:11:59 WARN  unsupported Scala 2.12.7
2025.10.16 23:11:59 WARN  unsupported Scala 2.12.7
2025.10.16 23:11:59 WARN  unsupported Scala 2.12.7
2025.10.16 23:11:59 WARN  unsupported Scala 2.12.7
2025.10.16 23:12:00 INFO  compiling root-3 (3 scala sources)
2025.10.16 23:12:00 WARN  -optimise is deprecated: In 2.12, -optimise enables -opt:l:inline -opt-inline-from:**. Check -opt:help for using the Scala 2.12 optimizer.
2025.10.16 23:12:00 WARN  unsupported Scala 2.12.7
2025.10.16 23:12:00 INFO  Error while emitting package.scala
Unsupported class file major version 61 (full report at: "C:\Users\serg\j25-26\tasks\term-1\3\.metals\.reports\bloop\2025-10-16\r_Error while emitting..._22-57-39-300.md")
2025.10.16 23:12:00 INFO  Error while emitting FunSets.scala
Unsupported class file major version 61 (full report at: "C:\Users\serg\j25-26\tasks\term-1\3\.metals\.reports\bloop\2025-10-16\r_Error while emitting..._22-57-39-321.md")
2025.10.16 23:12:00 INFO  Error while emitting Main.scala
Unsupported class file major version 61 (full report at: "C:\Users\serg\j25-26\tasks\term-1\3\.metals\.reports\bloop\2025-10-16\r_Error while emitting..._22-57-39-347.md")
2025.10.16 23:12:00 INFO  Error while emitting Main.scala
assertion failed: ClassBType.info not yet assigned: Lfunsets/Main$; (full report at: "C:\Users\serg\j25-26\tasks\term-1\3\.metals\.reports\bloop\2025-10-16\r_Error while emitting..._22-57-39-358.md")
2025.10.16 23:12:00 INFO  time: compiled root-3 in 0.32s
2025.10.16 23:12:03 WARN  unsupported Scala 2.12.7
2025.10.16 23:12:03 WARN  unsupported Scala 2.12.7
2025.10.16 23:12:03 WARN  unsupported Scala 2.12.7
2025.10.16 23:12:04 WARN  unsupported Scala 2.12.7
2025.10.16 23:12:04 WARN  unsupported Scala 2.12.7
2025.10.16 23:12:04 WARN  unsupported Scala 2.12.7
2025.10.16 23:12:04 WARN  unsupported Scala 2.12.7
2025.10.16 23:12:03 WARN  unsupported Scala 2.12.7
2025.10.16 23:12:04 INFO  compiling root-3 (3 scala sources)
2025.10.16 23:12:04 WARN  -optimise is deprecated: In 2.12, -optimise enables -opt:l:inline -opt-inline-from:**. Check -opt:help for using the Scala 2.12 optimizer.
2025.10.16 23:12:05 WARN  unsupported Scala 2.12.7
2025.10.16 23:12:04 INFO  Error while emitting package.scala
Unsupported class file major version 61 (full report at: "C:\Users\serg\j25-26\tasks\term-1\3\.metals\.reports\bloop\2025-10-16\r_Error while emitting..._22-57-39-300.md")
2025.10.16 23:12:04 INFO  Error while emitting FunSets.scala
Unsupported class file major version 61 (full report at: "C:\Users\serg\j25-26\tasks\term-1\3\.metals\.reports\bloop\2025-10-16\r_Error while emitting..._22-57-39-321.md")
2025.10.16 23:12:04 INFO  Error while emitting Main.scala
Unsupported class file major version 61 (full report at: "C:\Users\serg\j25-26\tasks\term-1\3\.metals\.reports\bloop\2025-10-16\r_Error while emitting..._22-57-39-347.md")
2025.10.16 23:12:04 INFO  Error while emitting Main.scala
assertion failed: ClassBType.info not yet assigned: Lfunsets/Main$; (full report at: "C:\Users\serg\j25-26\tasks\term-1\3\.metals\.reports\bloop\2025-10-16\r_Error while emitting..._22-57-39-358.md")
2025.10.16 23:12:04 INFO  time: compiled root-3 in 0.56s
2025.10.16 23:12:11 WARN  unsupported Scala 2.12.7
2025.10.16 23:12:11 WARN  unsupported Scala 2.12.7
2025.10.16 23:12:11 WARN  unsupported Scala 2.12.7
2025.10.16 23:12:11 WARN  unsupported Scala 2.12.7
2025.10.16 23:12:11 WARN  unsupported Scala 2.12.7
2025.10.16 23:12:11 WARN  unsupported Scala 2.12.7
2025.10.16 23:12:11 WARN  unsupported Scala 2.12.7
2025.10.16 23:12:11 WARN  unsupported Scala 2.12.7
2025.10.16 23:12:12 INFO  compiling root-3 (3 scala sources)
2025.10.16 23:12:12 WARN  -optimise is deprecated: In 2.12, -optimise enables -opt:l:inline -opt-inline-from:**. Check -opt:help for using the Scala 2.12 optimizer.
2025.10.16 23:12:12 WARN  unsupported Scala 2.12.7
2025.10.16 23:12:12 INFO  Error while emitting package.scala
Unsupported class file major version 61 (full report at: "C:\Users\serg\j25-26\tasks\term-1\3\.metals\.reports\bloop\2025-10-16\r_Error while emitting..._22-57-39-300.md")
2025.10.16 23:12:12 INFO  Error while emitting FunSets.scala
Unsupported class file major version 61 (full report at: "C:\Users\serg\j25-26\tasks\term-1\3\.metals\.reports\bloop\2025-10-16\r_Error while emitting..._22-57-39-321.md")
2025.10.16 23:12:12 INFO  Error while emitting Main.scala
Unsupported class file major version 61 (full report at: "C:\Users\serg\j25-26\tasks\term-1\3\.metals\.reports\bloop\2025-10-16\r_Error while emitting..._22-57-39-347.md")
2025.10.16 23:12:12 INFO  Error while emitting Main.scala
assertion failed: ClassBType.info not yet assigned: Lfunsets/Main$; (full report at: "C:\Users\serg\j25-26\tasks\term-1\3\.metals\.reports\bloop\2025-10-16\r_Error while emitting..._22-57-39-358.md")
2025.10.16 23:12:12 INFO  time: compiled root-3 in 0.31s
2025.10.16 23:12:19 WARN  unsupported Scala 2.12.7
2025.10.16 23:12:19 WARN  unsupported Scala 2.12.7
2025.10.16 23:12:19 WARN  unsupported Scala 2.12.7
2025.10.16 23:12:19 WARN  unsupported Scala 2.12.7
2025.10.16 23:12:19 WARN  unsupported Scala 2.12.7
2025.10.16 23:12:21 INFO  compiling root-3 (3 scala sources)
2025.10.16 23:12:21 WARN  -optimise is deprecated: In 2.12, -optimise enables -opt:l:inline -opt-inline-from:**. Check -opt:help for using the Scala 2.12 optimizer.
2025.10.16 23:12:21 WARN  unsupported Scala 2.12.7
2025.10.16 23:12:21 INFO  Error while emitting package.scala
Unsupported class file major version 61 (full report at: "C:\Users\serg\j25-26\tasks\term-1\3\.metals\.reports\bloop\2025-10-16\r_Error while emitting..._22-57-39-300.md")
2025.10.16 23:12:21 INFO  Error while emitting FunSets.scala
Unsupported class file major version 61 (full report at: "C:\Users\serg\j25-26\tasks\term-1\3\.metals\.reports\bloop\2025-10-16\r_Error while emitting..._22-57-39-321.md")
2025.10.16 23:12:21 INFO  Error while emitting Main.scala
Unsupported class file major version 61 (full report at: "C:\Users\serg\j25-26\tasks\term-1\3\.metals\.reports\bloop\2025-10-16\r_Error while emitting..._22-57-39-347.md")
2025.10.16 23:12:21 INFO  Error while emitting Main.scala
assertion failed: ClassBType.info not yet assigned: Lfunsets/Main$; (full report at: "C:\Users\serg\j25-26\tasks\term-1\3\.metals\.reports\bloop\2025-10-16\r_Error while emitting..._22-57-39-358.md")
2025.10.16 23:12:21 INFO  time: compiled root-3 in 0.33s
2025.10.16 23:12:23 WARN  unsupported Scala 2.12.7
2025.10.16 23:12:23 WARN  unsupported Scala 2.12.7
2025.10.16 23:12:23 WARN  unsupported Scala 2.12.7
2025.10.16 23:12:23 WARN  unsupported Scala 2.12.7
2025.10.16 23:12:23 WARN  unsupported Scala 2.12.7
2025.10.16 23:12:23 WARN  unsupported Scala 2.12.7
2025.10.16 23:12:23 WARN  unsupported Scala 2.12.7
2025.10.16 23:12:24 INFO  compiling root-3 (3 scala sources)
2025.10.16 23:12:24 WARN  -optimise is deprecated: In 2.12, -optimise enables -opt:l:inline -opt-inline-from:**. Check -opt:help for using the Scala 2.12 optimizer.
2025.10.16 23:12:24 INFO  Error while emitting package.scala
Unsupported class file major version 61 (full report at: "C:\Users\serg\j25-26\tasks\term-1\3\.metals\.reports\bloop\2025-10-16\r_Error while emitting..._22-57-39-300.md")
2025.10.16 23:12:24 INFO  Error while emitting FunSets.scala
Unsupported class file major version 61 (full report at: "C:\Users\serg\j25-26\tasks\term-1\3\.metals\.reports\bloop\2025-10-16\r_Error while emitting..._22-57-39-321.md")
2025.10.16 23:12:24 INFO  Error while emitting Main.scala
Unsupported class file major version 61 (full report at: "C:\Users\serg\j25-26\tasks\term-1\3\.metals\.reports\bloop\2025-10-16\r_Error while emitting..._22-57-39-347.md")
2025.10.16 23:12:24 INFO  Error while emitting Main.scala
assertion failed: ClassBType.info not yet assigned: Lfunsets/Main$; (full report at: "C:\Users\serg\j25-26\tasks\term-1\3\.metals\.reports\bloop\2025-10-16\r_Error while emitting..._22-57-39-358.md")
2025.10.16 23:12:24 WARN  unsupported Scala 2.12.7
2025.10.16 23:12:24 INFO  time: compiled root-3 in 0.26s
2025.10.16 23:12:28 WARN  unsupported Scala 2.12.7
2025.10.16 23:12:28 WARN  unsupported Scala 2.12.7
2025.10.16 23:12:28 WARN  unsupported Scala 2.12.7
2025.10.16 23:12:28 WARN  unsupported Scala 2.12.7
2025.10.16 23:12:29 WARN  unsupported Scala 2.12.7
2025.10.16 23:12:28 WARN  unsupported Scala 2.12.7
2025.10.16 23:12:28 WARN  unsupported Scala 2.12.7
2025.10.16 23:12:28 WARN  unsupported Scala 2.12.7
2025.10.16 23:12:28 WARN  unsupported Scala 2.12.7
2025.10.16 23:12:28 WARN  unsupported Scala 2.12.7
2025.10.16 23:12:28 WARN  unsupported Scala 2.12.7
2025.10.16 23:12:29 WARN  unsupported Scala 2.12.7
2025.10.16 23:12:29 WARN  unsupported Scala 2.12.7
2025.10.16 23:12:29 WARN  unsupported Scala 2.12.7
2025.10.16 23:12:29 WARN  unsupported Scala 2.12.7
2025.10.16 23:12:29 WARN  unsupported Scala 2.12.7
2025.10.16 23:12:29 WARN  unsupported Scala 2.12.7
2025.10.16 23:12:29 WARN  unsupported Scala 2.12.7
2025.10.16 23:12:31 WARN  unsupported Scala 2.12.7
2025.10.16 23:12:31 WARN  unsupported Scala 2.12.7
2025.10.16 23:12:31 WARN  unsupported Scala 2.12.7
2025.10.16 23:12:31 WARN  unsupported Scala 2.12.7
2025.10.16 23:12:31 WARN  unsupported Scala 2.12.7
2025.10.16 23:12:32 INFO  compiling root-3 (3 scala sources)
2025.10.16 23:12:32 WARN  -optimise is deprecated: In 2.12, -optimise enables -opt:l:inline -opt-inline-from:**. Check -opt:help for using the Scala 2.12 optimizer.
2025.10.16 23:12:32 INFO  Error while emitting package.scala
Unsupported class file major version 61 (full report at: "C:\Users\serg\j25-26\tasks\term-1\3\.metals\.reports\bloop\2025-10-16\r_Error while emitting..._22-57-39-300.md")
2025.10.16 23:12:32 INFO  Error while emitting FunSets.scala
Unsupported class file major version 61 (full report at: "C:\Users\serg\j25-26\tasks\term-1\3\.metals\.reports\bloop\2025-10-16\r_Error while emitting..._22-57-39-321.md")
2025.10.16 23:12:32 INFO  Error while emitting Main.scala
Unsupported class file major version 61 (full report at: "C:\Users\serg\j25-26\tasks\term-1\3\.metals\.reports\bloop\2025-10-16\r_Error while emitting..._22-57-39-347.md")
2025.10.16 23:12:32 INFO  Error while emitting Main.scala
assertion failed: ClassBType.info not yet assigned: Lfunsets/Main$; (full report at: "C:\Users\serg\j25-26\tasks\term-1\3\.metals\.reports\bloop\2025-10-16\r_Error while emitting..._22-57-39-358.md")
2025.10.16 23:12:32 WARN  unsupported Scala 2.12.7
2025.10.16 23:12:32 INFO  time: compiled root-3 in 0.25s
2025.10.16 23:12:32 WARN  unsupported Scala 2.12.7
2025.10.16 23:12:32 WARN  unsupported Scala 2.12.7
2025.10.16 23:12:32 WARN  unsupported Scala 2.12.7
2025.10.16 23:12:33 WARN  unsupported Scala 2.12.7
2025.10.16 23:12:33 WARN  unsupported Scala 2.12.7
2025.10.16 23:12:33 INFO  compiling root-3 (3 scala sources)
2025.10.16 23:12:33 WARN  -optimise is deprecated: In 2.12, -optimise enables -opt:l:inline -opt-inline-from:**. Check -opt:help for using the Scala 2.12 optimizer.
2025.10.16 23:12:33 WARN  unsupported Scala 2.12.7
2025.10.16 23:12:33 INFO  Error while emitting package.scala
Unsupported class file major version 61 (full report at: "C:\Users\serg\j25-26\tasks\term-1\3\.metals\.reports\bloop\2025-10-16\r_Error while emitting..._22-57-39-300.md")
2025.10.16 23:12:33 INFO  Error while emitting FunSets.scala
Unsupported class file major version 61 (full report at: "C:\Users\serg\j25-26\tasks\term-1\3\.metals\.reports\bloop\2025-10-16\r_Error while emitting..._22-57-39-321.md")
2025.10.16 23:12:33 INFO  Error while emitting Main.scala
Unsupported class file major version 61 (full report at: "C:\Users\serg\j25-26\tasks\term-1\3\.metals\.reports\bloop\2025-10-16\r_Error while emitting..._22-57-39-347.md")
2025.10.16 23:12:33 INFO  Error while emitting Main.scala
assertion failed: ClassBType.info not yet assigned: Lfunsets/Main$; (full report at: "C:\Users\serg\j25-26\tasks\term-1\3\.metals\.reports\bloop\2025-10-16\r_Error while emitting..._22-57-39-358.md")
2025.10.16 23:12:33 INFO  time: compiled root-3 in 0.25s
2025.10.16 23:12:33 WARN  unsupported Scala 2.12.7
2025.10.16 23:12:33 WARN  unsupported Scala 2.12.7
2025.10.16 23:12:33 WARN  unsupported Scala 2.12.7
2025.10.16 23:12:34 WARN  unsupported Scala 2.12.7
2025.10.16 23:12:34 WARN  unsupported Scala 2.12.7
2025.10.16 23:12:34 WARN  unsupported Scala 2.12.7
2025.10.16 23:12:34 WARN  unsupported Scala 2.12.7
2025.10.16 23:12:34 WARN  unsupported Scala 2.12.7
2025.10.16 23:12:35 WARN  unsupported Scala 2.12.7
2025.10.16 23:12:35 WARN  unsupported Scala 2.12.7
2025.10.16 23:12:35 WARN  unsupported Scala 2.12.7
2025.10.16 23:12:35 WARN  unsupported Scala 2.12.7
2025.10.16 23:12:35 WARN  unsupported Scala 2.12.7
2025.10.16 23:12:35 WARN  unsupported Scala 2.12.7
2025.10.16 23:12:35 WARN  unsupported Scala 2.12.7
2025.10.16 23:12:36 WARN  unsupported Scala 2.12.7
2025.10.16 23:12:36 WARN  unsupported Scala 2.12.7
2025.10.16 23:12:37 INFO  compiling root-3 (3 scala sources)
2025.10.16 23:12:37 WARN  -optimise is deprecated: In 2.12, -optimise enables -opt:l:inline -opt-inline-from:**. Check -opt:help for using the Scala 2.12 optimizer.
2025.10.16 23:12:36 WARN  unsupported Scala 2.12.7
2025.10.16 23:12:37 INFO  Error while emitting package.scala
Unsupported class file major version 61 (full report at: "C:\Users\serg\j25-26\tasks\term-1\3\.metals\.reports\bloop\2025-10-16\r_Error while emitting..._22-57-39-300.md")
2025.10.16 23:12:37 INFO  Error while emitting FunSets.scala
Unsupported class file major version 61 (full report at: "C:\Users\serg\j25-26\tasks\term-1\3\.metals\.reports\bloop\2025-10-16\r_Error while emitting..._22-57-39-321.md")
2025.10.16 23:12:37 INFO  Error while emitting Main.scala
Unsupported class file major version 61 (full report at: "C:\Users\serg\j25-26\tasks\term-1\3\.metals\.reports\bloop\2025-10-16\r_Error while emitting..._22-57-39-347.md")
2025.10.16 23:12:37 INFO  Error while emitting Main.scala
assertion failed: ClassBType.info not yet assigned: Lfunsets/Main$; (full report at: "C:\Users\serg\j25-26\tasks\term-1\3\.metals\.reports\bloop\2025-10-16\r_Error while emitting..._22-57-39-358.md")
2025.10.16 23:12:37 INFO  time: compiled root-3 in 0.28s
2025.10.16 23:12:36 WARN  unsupported Scala 2.12.7
2025.10.16 23:12:36 WARN  unsupported Scala 2.12.7
2025.10.16 23:12:36 WARN  unsupported Scala 2.12.7
2025.10.16 23:12:38 WARN  unsupported Scala 2.12.7
2025.10.16 23:12:38 WARN  unsupported Scala 2.12.7
2025.10.16 23:12:38 WARN  unsupported Scala 2.12.7
2025.10.16 23:12:38 WARN  unsupported Scala 2.12.7
2025.10.16 23:12:38 WARN  unsupported Scala 2.12.7
2025.10.16 23:12:38 WARN  unsupported Scala 2.12.7
2025.10.16 23:12:38 WARN  unsupported Scala 2.12.7
2025.10.16 23:12:39 WARN  unsupported Scala 2.12.7
2025.10.16 23:12:39 WARN  unsupported Scala 2.12.7
2025.10.16 23:12:39 WARN  unsupported Scala 2.12.7
2025.10.16 23:12:39 WARN  unsupported Scala 2.12.7
2025.10.16 23:12:39 WARN  unsupported Scala 2.12.7
2025.10.16 23:12:39 WARN  unsupported Scala 2.12.7
2025.10.16 23:12:40 WARN  unsupported Scala 2.12.7
2025.10.16 23:12:40 WARN  unsupported Scala 2.12.7
2025.10.16 23:12:40 WARN  unsupported Scala 2.12.7
2025.10.16 23:12:40 WARN  unsupported Scala 2.12.7
2025.10.16 23:12:40 WARN  unsupported Scala 2.12.7
2025.10.16 23:12:40 WARN  unsupported Scala 2.12.7
2025.10.16 23:12:40 WARN  unsupported Scala 2.12.7
2025.10.16 23:12:41 WARN  unsupported Scala 2.12.7
2025.10.16 23:12:42 INFO  compiling root-3 (3 scala sources)
2025.10.16 23:12:42 WARN  -optimise is deprecated: In 2.12, -optimise enables -opt:l:inline -opt-inline-from:**. Check -opt:help for using the Scala 2.12 optimizer.
2025.10.16 23:12:41 WARN  unsupported Scala 2.12.7
2025.10.16 23:12:42 INFO  Error while emitting package.scala
Unsupported class file major version 61 (full report at: "C:\Users\serg\j25-26\tasks\term-1\3\.metals\.reports\bloop\2025-10-16\r_Error while emitting..._22-57-39-300.md")
2025.10.16 23:12:42 INFO  Error while emitting FunSets.scala
Unsupported class file major version 61 (full report at: "C:\Users\serg\j25-26\tasks\term-1\3\.metals\.reports\bloop\2025-10-16\r_Error while emitting..._22-57-39-321.md")
2025.10.16 23:12:42 INFO  Error while emitting Main.scala
Unsupported class file major version 61 (full report at: "C:\Users\serg\j25-26\tasks\term-1\3\.metals\.reports\bloop\2025-10-16\r_Error while emitting..._22-57-39-347.md")
2025.10.16 23:12:42 INFO  Error while emitting Main.scala
assertion failed: ClassBType.info not yet assigned: Lfunsets/Main$; (full report at: "C:\Users\serg\j25-26\tasks\term-1\3\.metals\.reports\bloop\2025-10-16\r_Error while emitting..._22-57-39-358.md")
2025.10.16 23:12:42 INFO  time: compiled root-3 in 0.24s
2025.10.16 23:12:42 WARN  unsupported Scala 2.12.7
2025.10.16 23:12:42 WARN  unsupported Scala 2.12.7
2025.10.16 23:12:42 WARN  unsupported Scala 2.12.7
2025.10.16 23:12:42 WARN  unsupported Scala 2.12.7
2025.10.16 23:12:42 WARN  unsupported Scala 2.12.7
2025.10.16 23:12:42 WARN  unsupported Scala 2.12.7
2025.10.16 23:12:42 WARN  unsupported Scala 2.12.7
2025.10.16 23:12:44 WARN  unsupported Scala 2.12.7
2025.10.16 23:12:44 WARN  unsupported Scala 2.12.7
2025.10.16 23:12:44 WARN  unsupported Scala 2.12.7
2025.10.16 23:12:44 WARN  unsupported Scala 2.12.7
2025.10.16 23:12:44 WARN  unsupported Scala 2.12.7
2025.10.16 23:12:44 WARN  unsupported Scala 2.12.7
2025.10.16 23:12:45 WARN  unsupported Scala 2.12.7
2025.10.16 23:12:45 WARN  unsupported Scala 2.12.7
2025.10.16 23:12:45 WARN  unsupported Scala 2.12.7
2025.10.16 23:12:45 WARN  unsupported Scala 2.12.7
2025.10.16 23:12:47 INFO  compiling root-3 (3 scala sources)
2025.10.16 23:12:47 WARN  -optimise is deprecated: In 2.12, -optimise enables -opt:l:inline -opt-inline-from:**. Check -opt:help for using the Scala 2.12 optimizer.
2025.10.16 23:12:47 INFO  Error while emitting package.scala
Unsupported class file major version 61 (full report at: "C:\Users\serg\j25-26\tasks\term-1\3\.metals\.reports\bloop\2025-10-16\r_Error while emitting..._22-57-39-300.md")
2025.10.16 23:12:47 INFO  Error while emitting FunSets.scala
Unsupported class file major version 61 (full report at: "C:\Users\serg\j25-26\tasks\term-1\3\.metals\.reports\bloop\2025-10-16\r_Error while emitting..._22-57-39-321.md")
2025.10.16 23:12:47 INFO  Error while emitting Main.scala
Unsupported class file major version 61 (full report at: "C:\Users\serg\j25-26\tasks\term-1\3\.metals\.reports\bloop\2025-10-16\r_Error while emitting..._22-57-39-347.md")
2025.10.16 23:12:47 INFO  Error while emitting Main.scala
assertion failed: ClassBType.info not yet assigned: Lfunsets/Main$; (full report at: "C:\Users\serg\j25-26\tasks\term-1\3\.metals\.reports\bloop\2025-10-16\r_Error while emitting..._22-57-39-358.md")
2025.10.16 23:12:47 INFO  time: compiled root-3 in 0.24s
2025.10.16 23:12:47 WARN  unsupported Scala 2.12.7
2025.10.16 23:12:47 WARN  unsupported Scala 2.12.7
2025.10.16 23:12:48 WARN  unsupported Scala 2.12.7
2025.10.16 23:12:48 WARN  unsupported Scala 2.12.7
2025.10.16 23:12:49 INFO  compiling root-3 (3 scala sources)
2025.10.16 23:12:49 WARN  -optimise is deprecated: In 2.12, -optimise enables -opt:l:inline -opt-inline-from:**. Check -opt:help for using the Scala 2.12 optimizer.
2025.10.16 23:12:49 INFO  Error while emitting package.scala
Unsupported class file major version 61 (full report at: "C:\Users\serg\j25-26\tasks\term-1\3\.metals\.reports\bloop\2025-10-16\r_Error while emitting..._22-57-39-300.md")
2025.10.16 23:12:49 INFO  Error while emitting FunSets.scala
Unsupported class file major version 61 (full report at: "C:\Users\serg\j25-26\tasks\term-1\3\.metals\.reports\bloop\2025-10-16\r_Error while emitting..._22-57-39-321.md")
2025.10.16 23:12:49 INFO  Error while emitting Main.scala
Unsupported class file major version 61 (full report at: "C:\Users\serg\j25-26\tasks\term-1\3\.metals\.reports\bloop\2025-10-16\r_Error while emitting..._22-57-39-347.md")
2025.10.16 23:12:49 INFO  Error while emitting Main.scala
assertion failed: ClassBType.info not yet assigned: Lfunsets/Main$; (full report at: "C:\Users\serg\j25-26\tasks\term-1\3\.metals\.reports\bloop\2025-10-16\r_Error while emitting..._22-57-39-358.md")
2025.10.16 23:12:49 INFO  time: compiled root-3 in 0.26s
2025.10.16 23:12:50 WARN  unsupported Scala 2.12.7
2025.10.16 23:12:50 WARN  unsupported Scala 2.12.7
2025.10.16 23:12:51 WARN  unsupported Scala 2.12.7
2025.10.16 23:12:51 WARN  unsupported Scala 2.12.7
2025.10.16 23:12:51 WARN  unsupported Scala 2.12.7
2025.10.16 23:12:51 WARN  unsupported Scala 2.12.7
2025.10.16 23:12:53 INFO  compiling root-3 (3 scala sources)
2025.10.16 23:12:53 WARN  -optimise is deprecated: In 2.12, -optimise enables -opt:l:inline -opt-inline-from:**. Check -opt:help for using the Scala 2.12 optimizer.
2025.10.16 23:12:53 INFO  Error while emitting package.scala
Unsupported class file major version 61 (full report at: "C:\Users\serg\j25-26\tasks\term-1\3\.metals\.reports\bloop\2025-10-16\r_Error while emitting..._22-57-39-300.md")
2025.10.16 23:12:53 INFO  Error while emitting FunSets.scala
Unsupported class file major version 61 (full report at: "C:\Users\serg\j25-26\tasks\term-1\3\.metals\.reports\bloop\2025-10-16\r_Error while emitting..._22-57-39-321.md")
2025.10.16 23:12:53 INFO  Error while emitting Main.scala
Unsupported class file major version 61 (full report at: "C:\Users\serg\j25-26\tasks\term-1\3\.metals\.reports\bloop\2025-10-16\r_Error while emitting..._22-57-39-347.md")
2025.10.16 23:12:53 INFO  Error while emitting Main.scala
assertion failed: ClassBType.info not yet assigned: Lfunsets/Main$; (full report at: "C:\Users\serg\j25-26\tasks\term-1\3\.metals\.reports\bloop\2025-10-16\r_Error while emitting..._22-57-39-358.md")
2025.10.16 23:12:53 INFO  time: compiled root-3 in 0.24s
2025.10.16 23:13:05 WARN  unsupported Scala 2.12.7
2025.10.16 23:13:05 WARN  unsupported Scala 2.12.7
2025.10.16 23:13:16 WARN  unsupported Scala 2.12.7
2025.10.16 23:13:40 WARN  unsupported Scala 2.12.7
2025.10.16 23:13:43 WARN  unsupported Scala 2.12.7
2025.10.16 23:13:43 WARN  unsupported Scala 2.12.7
2025.10.16 23:13:45 WARN  unsupported Scala 2.12.7
2025.10.16 23:13:45 WARN  unsupported Scala 2.12.7
2025.10.16 23:13:45 WARN  unsupported Scala 2.12.7
2025.10.16 23:13:57 WARN  unsupported Scala 2.12.7
2025.10.16 23:14:12 WARN  unsupported Scala 2.12.7
2025.10.16 23:14:12 WARN  unsupported Scala 2.12.7
2025.10.16 23:14:12 WARN  unsupported Scala 2.12.7
2025.10.16 23:14:12 WARN  unsupported Scala 2.12.7
2025.10.16 23:14:12 WARN  unsupported Scala 2.12.7
2025.10.16 23:14:14 WARN  unsupported Scala 2.12.7
2025.10.16 23:14:14 WARN  unsupported Scala 2.12.7
2025.10.16 23:14:14 WARN  unsupported Scala 2.12.7
2025.10.16 23:14:14 WARN  unsupported Scala 2.12.7
2025.10.16 23:14:14 WARN  unsupported Scala 2.12.7
2025.10.16 23:14:15 WARN  unsupported Scala 2.12.7
2025.10.16 23:14:15 WARN  unsupported Scala 2.12.7
2025.10.16 23:14:15 WARN  unsupported Scala 2.12.7
2025.10.16 23:14:16 INFO  compiling root-3 (3 scala sources)
2025.10.16 23:14:16 WARN  -optimise is deprecated: In 2.12, -optimise enables -opt:l:inline -opt-inline-from:**. Check -opt:help for using the Scala 2.12 optimizer.
2025.10.16 23:14:16 INFO  Error while emitting package.scala
Unsupported class file major version 61 (full report at: "C:\Users\serg\j25-26\tasks\term-1\3\.metals\.reports\bloop\2025-10-16\r_Error while emitting..._22-57-39-300.md")
2025.10.16 23:14:16 INFO  Error while emitting FunSets.scala
Unsupported class file major version 61 (full report at: "C:\Users\serg\j25-26\tasks\term-1\3\.metals\.reports\bloop\2025-10-16\r_Error while emitting..._22-57-39-321.md")
2025.10.16 23:14:16 WARN  unsupported Scala 2.12.7
2025.10.16 23:14:16 INFO  Error while emitting Main.scala
Unsupported class file major version 61 (full report at: "C:\Users\serg\j25-26\tasks\term-1\3\.metals\.reports\bloop\2025-10-16\r_Error while emitting..._22-57-39-347.md")
2025.10.16 23:14:16 INFO  Error while emitting Main.scala
assertion failed: ClassBType.info not yet assigned: Lfunsets/Main$; (full report at: "C:\Users\serg\j25-26\tasks\term-1\3\.metals\.reports\bloop\2025-10-16\r_Error while emitting..._22-57-39-358.md")
2025.10.16 23:14:16 INFO  time: compiled root-3 in 0.27s
2025.10.16 23:14:16 WARN  unsupported Scala 2.12.7
2025.10.16 23:14:17 WARN  unsupported Scala 2.12.7
2025.10.16 23:14:17 WARN  unsupported Scala 2.12.7
2025.10.16 23:14:17 WARN  unsupported Scala 2.12.7
2025.10.16 23:14:17 WARN  unsupported Scala 2.12.7
2025.10.16 23:14:17 WARN  unsupported Scala 2.12.7
2025.10.16 23:14:19 WARN  unsupported Scala 2.12.7
2025.10.16 23:14:19 WARN  unsupported Scala 2.12.7
2025.10.16 23:14:19 WARN  unsupported Scala 2.12.7
2025.10.16 23:14:19 WARN  unsupported Scala 2.12.7
2025.10.16 23:14:19 WARN  unsupported Scala 2.12.7
2025.10.16 23:14:20 WARN  unsupported Scala 2.12.7
2025.10.16 23:14:20 WARN  unsupported Scala 2.12.7
2025.10.16 23:14:20 WARN  unsupported Scala 2.12.7
окт. 16, 2025 11:14:20 PM org.eclipse.lsp4j.jsonrpc.RemoteEndpoint handleCancellation
WARNING: Unmatched cancel notification for request id 642
2025.10.16 23:14:20 WARN  unsupported Scala 2.12.7
2025.10.16 23:14:20 WARN  unsupported Scala 2.12.7
2025.10.16 23:14:20 WARN  unsupported Scala 2.12.7
2025.10.16 23:14:20 WARN  unsupported Scala 2.12.7
2025.10.16 23:14:21 INFO  compiling root-3 (3 scala sources)
2025.10.16 23:14:21 WARN  -optimise is deprecated: In 2.12, -optimise enables -opt:l:inline -opt-inline-from:**. Check -opt:help for using the Scala 2.12 optimizer.
2025.10.16 23:14:21 INFO  Error while emitting package.scala
Unsupported class file major version 61 (full report at: "C:\Users\serg\j25-26\tasks\term-1\3\.metals\.reports\bloop\2025-10-16\r_Error while emitting..._22-57-39-300.md")
2025.10.16 23:14:21 INFO  Error while emitting FunSets.scala
Unsupported class file major version 61 (full report at: "C:\Users\serg\j25-26\tasks\term-1\3\.metals\.reports\bloop\2025-10-16\r_Error while emitting..._22-57-39-321.md")
2025.10.16 23:14:21 INFO  Error while emitting Main.scala
Unsupported class file major version 61 (full report at: "C:\Users\serg\j25-26\tasks\term-1\3\.metals\.reports\bloop\2025-10-16\r_Error while emitting..._22-57-39-347.md")
2025.10.16 23:14:21 INFO  Error while emitting Main.scala
assertion failed: ClassBType.info not yet assigned: Lfunsets/Main$; (full report at: "C:\Users\serg\j25-26\tasks\term-1\3\.metals\.reports\bloop\2025-10-16\r_Error while emitting..._22-57-39-358.md")
2025.10.16 23:14:21 INFO  time: compiled root-3 in 0.25s
2025.10.16 23:14:22 WARN  unsupported Scala 2.12.7
2025.10.16 23:14:22 WARN  unsupported Scala 2.12.7
2025.10.16 23:14:22 WARN  unsupported Scala 2.12.7
2025.10.16 23:14:25 WARN  unsupported Scala 2.12.7
2025.10.16 23:14:25 WARN  unsupported Scala 2.12.7
2025.10.16 23:14:25 WARN  unsupported Scala 2.12.7
2025.10.16 23:14:26 WARN  unsupported Scala 2.12.7
2025.10.16 23:14:26 WARN  unsupported Scala 2.12.7
2025.10.16 23:14:26 WARN  unsupported Scala 2.12.7
2025.10.16 23:14:27 WARN  unsupported Scala 2.12.7
2025.10.16 23:14:27 WARN  unsupported Scala 2.12.7
2025.10.16 23:14:29 WARN  unsupported Scala 2.12.7
2025.10.16 23:14:29 WARN  unsupported Scala 2.12.7
2025.10.16 23:14:31 WARN  unsupported Scala 2.12.7
2025.10.16 23:14:31 WARN  unsupported Scala 2.12.7
2025.10.16 23:14:32 WARN  unsupported Scala 2.12.7
2025.10.16 23:14:32 WARN  unsupported Scala 2.12.7
2025.10.16 23:14:32 WARN  unsupported Scala 2.12.7
2025.10.16 23:14:32 WARN  unsupported Scala 2.12.7
2025.10.16 23:14:32 WARN  unsupported Scala 2.12.7
2025.10.16 23:14:32 WARN  unsupported Scala 2.12.7
2025.10.16 23:14:32 WARN  unsupported Scala 2.12.7
2025.10.16 23:14:32 WARN  unsupported Scala 2.12.7
2025.10.16 23:14:33 WARN  unsupported Scala 2.12.7
2025.10.16 23:14:33 WARN  unsupported Scala 2.12.7
2025.10.16 23:14:33 WARN  unsupported Scala 2.12.7
2025.10.16 23:14:34 WARN  unsupported Scala 2.12.7
2025.10.16 23:14:34 WARN  unsupported Scala 2.12.7
2025.10.16 23:14:35 INFO  compiling root-3 (3 scala sources)
2025.10.16 23:14:35 WARN  -optimise is deprecated: In 2.12, -optimise enables -opt:l:inline -opt-inline-from:**. Check -opt:help for using the Scala 2.12 optimizer.
2025.10.16 23:14:34 WARN  unsupported Scala 2.12.7
2025.10.16 23:14:35 INFO  Error while emitting package.scala
Unsupported class file major version 61 (full report at: "C:\Users\serg\j25-26\tasks\term-1\3\.metals\.reports\bloop\2025-10-16\r_Error while emitting..._22-57-39-300.md")
2025.10.16 23:14:35 INFO  Error while emitting FunSets.scala
Unsupported class file major version 61 (full report at: "C:\Users\serg\j25-26\tasks\term-1\3\.metals\.reports\bloop\2025-10-16\r_Error while emitting..._22-57-39-321.md")
2025.10.16 23:14:35 INFO  Error while emitting Main.scala
Unsupported class file major version 61 (full report at: "C:\Users\serg\j25-26\tasks\term-1\3\.metals\.reports\bloop\2025-10-16\r_Error while emitting..._22-57-39-347.md")
2025.10.16 23:14:35 INFO  Error while emitting Main.scala
assertion failed: ClassBType.info not yet assigned: Lfunsets/Main$; (full report at: "C:\Users\serg\j25-26\tasks\term-1\3\.metals\.reports\bloop\2025-10-16\r_Error while emitting..._22-57-39-358.md")
2025.10.16 23:14:35 INFO  time: compiled root-3 in 0.23s
2025.10.16 23:14:35 WARN  unsupported Scala 2.12.7
2025.10.16 23:14:35 WARN  unsupported Scala 2.12.7
2025.10.16 23:14:35 WARN  unsupported Scala 2.12.7
2025.10.16 23:14:35 WARN  unsupported Scala 2.12.7
2025.10.16 23:14:36 WARN  unsupported Scala 2.12.7
2025.10.16 23:14:36 WARN  unsupported Scala 2.12.7
2025.10.16 23:14:36 WARN  unsupported Scala 2.12.7
2025.10.16 23:14:36 WARN  unsupported Scala 2.12.7
2025.10.16 23:14:36 WARN  unsupported Scala 2.12.7
2025.10.16 23:14:36 WARN  unsupported Scala 2.12.7
2025.10.16 23:14:38 WARN  unsupported Scala 2.12.7
2025.10.16 23:14:38 INFO  compiling root-3 (3 scala sources)
2025.10.16 23:14:38 WARN  unsupported Scala 2.12.7
2025.10.16 23:14:38 WARN  -optimise is deprecated: In 2.12, -optimise enables -opt:l:inline -opt-inline-from:**. Check -opt:help for using the Scala 2.12 optimizer.
2025.10.16 23:14:38 INFO  Error while emitting package.scala
Unsupported class file major version 61 (full report at: "C:\Users\serg\j25-26\tasks\term-1\3\.metals\.reports\bloop\2025-10-16\r_Error while emitting..._22-57-39-300.md")
2025.10.16 23:14:38 INFO  Error while emitting FunSets.scala
Unsupported class file major version 61 (full report at: "C:\Users\serg\j25-26\tasks\term-1\3\.metals\.reports\bloop\2025-10-16\r_Error while emitting..._22-57-39-321.md")
2025.10.16 23:14:38 INFO  Error while emitting Main.scala
Unsupported class file major version 61 (full report at: "C:\Users\serg\j25-26\tasks\term-1\3\.metals\.reports\bloop\2025-10-16\r_Error while emitting..._22-57-39-347.md")
2025.10.16 23:14:38 INFO  Error while emitting Main.scala
assertion failed: ClassBType.info not yet assigned: Lfunsets/Main$; (full report at: "C:\Users\serg\j25-26\tasks\term-1\3\.metals\.reports\bloop\2025-10-16\r_Error while emitting..._22-57-39-358.md")
2025.10.16 23:14:38 INFO  time: compiled root-3 in 0.23s
2025.10.16 23:14:38 WARN  unsupported Scala 2.12.7
2025.10.16 23:14:38 WARN  unsupported Scala 2.12.7
2025.10.16 23:14:38 WARN  unsupported Scala 2.12.7
2025.10.16 23:14:39 WARN  unsupported Scala 2.12.7
2025.10.16 23:14:39 WARN  unsupported Scala 2.12.7
2025.10.16 23:14:39 WARN  unsupported Scala 2.12.7
2025.10.16 23:14:40 WARN  unsupported Scala 2.12.7
2025.10.16 23:14:39 WARN  unsupported Scala 2.12.7
2025.10.16 23:14:39 WARN  unsupported Scala 2.12.7
2025.10.16 23:14:39 WARN  unsupported Scala 2.12.7
2025.10.16 23:14:40 WARN  unsupported Scala 2.12.7
2025.10.16 23:14:40 WARN  unsupported Scala 2.12.7
2025.10.16 23:14:39 WARN  unsupported Scala 2.12.7
2025.10.16 23:14:40 WARN  unsupported Scala 2.12.7
2025.10.16 23:14:40 WARN  unsupported Scala 2.12.7
2025.10.16 23:14:41 INFO  compiling root-3 (3 scala sources)
2025.10.16 23:14:41 WARN  -optimise is deprecated: In 2.12, -optimise enables -opt:l:inline -opt-inline-from:**. Check -opt:help for using the Scala 2.12 optimizer.
2025.10.16 23:14:41 INFO  Error while emitting package.scala
Unsupported class file major version 61 (full report at: "C:\Users\serg\j25-26\tasks\term-1\3\.metals\.reports\bloop\2025-10-16\r_Error while emitting..._22-57-39-300.md")
2025.10.16 23:14:41 INFO  Error while emitting FunSets.scala
Unsupported class file major version 61 (full report at: "C:\Users\serg\j25-26\tasks\term-1\3\.metals\.reports\bloop\2025-10-16\r_Error while emitting..._22-57-39-321.md")
2025.10.16 23:14:41 INFO  Error while emitting Main.scala
Unsupported class file major version 61 (full report at: "C:\Users\serg\j25-26\tasks\term-1\3\.metals\.reports\bloop\2025-10-16\r_Error while emitting..._22-57-39-347.md")
2025.10.16 23:14:41 INFO  Error while emitting Main.scala
assertion failed: ClassBType.info not yet assigned: Lfunsets/Main$; (full report at: "C:\Users\serg\j25-26\tasks\term-1\3\.metals\.reports\bloop\2025-10-16\r_Error while emitting..._22-57-39-358.md")
2025.10.16 23:14:41 INFO  time: compiled root-3 in 0.23s
2025.10.16 23:14:40 WARN  unsupported Scala 2.12.7
2025.10.16 23:14:42 WARN  unsupported Scala 2.12.7
2025.10.16 23:14:42 WARN  unsupported Scala 2.12.7
2025.10.16 23:14:42 WARN  unsupported Scala 2.12.7
2025.10.16 23:14:42 WARN  unsupported Scala 2.12.7
2025.10.16 23:14:43 WARN  unsupported Scala 2.12.7
2025.10.16 23:14:43 WARN  unsupported Scala 2.12.7
2025.10.16 23:14:43 WARN  unsupported Scala 2.12.7
2025.10.16 23:14:45 WARN  unsupported Scala 2.12.7
2025.10.16 23:14:45 WARN  unsupported Scala 2.12.7
2025.10.16 23:14:45 WARN  unsupported Scala 2.12.7
2025.10.16 23:14:45 WARN  unsupported Scala 2.12.7
2025.10.16 23:14:46 WARN  unsupported Scala 2.12.7
2025.10.16 23:14:46 WARN  unsupported Scala 2.12.7
2025.10.16 23:14:46 WARN  unsupported Scala 2.12.7
2025.10.16 23:14:46 WARN  unsupported Scala 2.12.7
2025.10.16 23:14:47 INFO  compiling root-3 (3 scala sources)
2025.10.16 23:14:47 WARN  -optimise is deprecated: In 2.12, -optimise enables -opt:l:inline -opt-inline-from:**. Check -opt:help for using the Scala 2.12 optimizer.
2025.10.16 23:14:47 INFO  Error while emitting package.scala
Unsupported class file major version 61 (full report at: "C:\Users\serg\j25-26\tasks\term-1\3\.metals\.reports\bloop\2025-10-16\r_Error while emitting..._22-57-39-300.md")
2025.10.16 23:14:47 INFO  Error while emitting FunSets.scala
Unsupported class file major version 61 (full report at: "C:\Users\serg\j25-26\tasks\term-1\3\.metals\.reports\bloop\2025-10-16\r_Error while emitting..._22-57-39-321.md")
2025.10.16 23:14:47 INFO  Error while emitting Main.scala
Unsupported class file major version 61 (full report at: "C:\Users\serg\j25-26\tasks\term-1\3\.metals\.reports\bloop\2025-10-16\r_Error while emitting..._22-57-39-347.md")
2025.10.16 23:14:47 INFO  Error while emitting Main.scala
assertion failed: ClassBType.info not yet assigned: Lfunsets/Main$; (full report at: "C:\Users\serg\j25-26\tasks\term-1\3\.metals\.reports\bloop\2025-10-16\r_Error while emitting..._22-57-39-358.md")
2025.10.16 23:14:47 INFO  time: compiled root-3 in 0.22s
2025.10.16 23:14:48 WARN  unsupported Scala 2.12.7
2025.10.16 23:14:48 WARN  unsupported Scala 2.12.7
2025.10.16 23:14:48 WARN  unsupported Scala 2.12.7
2025.10.16 23:14:49 INFO  compiling root-3 (3 scala sources)
2025.10.16 23:14:49 WARN  -optimise is deprecated: In 2.12, -optimise enables -opt:l:inline -opt-inline-from:**. Check -opt:help for using the Scala 2.12 optimizer.
2025.10.16 23:14:49 INFO  Error while emitting package.scala
Unsupported class file major version 61 (full report at: "C:\Users\serg\j25-26\tasks\term-1\3\.metals\.reports\bloop\2025-10-16\r_Error while emitting..._22-57-39-300.md")
2025.10.16 23:14:49 INFO  Error while emitting FunSets.scala
Unsupported class file major version 61 (full report at: "C:\Users\serg\j25-26\tasks\term-1\3\.metals\.reports\bloop\2025-10-16\r_Error while emitting..._22-57-39-321.md")
2025.10.16 23:14:49 INFO  Error while emitting Main.scala
Unsupported class file major version 61 (full report at: "C:\Users\serg\j25-26\tasks\term-1\3\.metals\.reports\bloop\2025-10-16\r_Error while emitting..._22-57-39-347.md")
2025.10.16 23:14:49 INFO  Error while emitting Main.scala
assertion failed: ClassBType.info not yet assigned: Lfunsets/Main$; (full report at: "C:\Users\serg\j25-26\tasks\term-1\3\.metals\.reports\bloop\2025-10-16\r_Error while emitting..._22-57-39-358.md")
2025.10.16 23:14:49 INFO  time: compiled root-3 in 0.22s
2025.10.16 23:14:49 WARN  unsupported Scala 2.12.7
2025.10.16 23:14:49 WARN  unsupported Scala 2.12.7
2025.10.16 23:14:51 WARN  unsupported Scala 2.12.7
2025.10.16 23:14:55 WARN  unsupported Scala 2.12.7
2025.10.16 23:14:55 WARN  unsupported Scala 2.12.7
2025.10.16 23:14:55 WARN  unsupported Scala 2.12.7
2025.10.16 23:14:55 WARN  unsupported Scala 2.12.7
2025.10.16 23:14:57 WARN  unsupported Scala 2.12.7
2025.10.16 23:14:57 WARN  unsupported Scala 2.12.7
2025.10.16 23:14:57 WARN  unsupported Scala 2.12.7
2025.10.16 23:14:57 WARN  unsupported Scala 2.12.7
2025.10.16 23:14:58 WARN  unsupported Scala 2.12.7
2025.10.16 23:14:58 WARN  unsupported Scala 2.12.7
2025.10.16 23:14:58 WARN  unsupported Scala 2.12.7
2025.10.16 23:14:58 WARN  unsupported Scala 2.12.7
2025.10.16 23:14:59 WARN  unsupported Scala 2.12.7
2025.10.16 23:14:59 WARN  unsupported Scala 2.12.7
2025.10.16 23:14:59 WARN  unsupported Scala 2.12.7
2025.10.16 23:14:59 WARN  unsupported Scala 2.12.7
2025.10.16 23:15:00 WARN  unsupported Scala 2.12.7
2025.10.16 23:15:00 WARN  unsupported Scala 2.12.7
2025.10.16 23:15:00 WARN  unsupported Scala 2.12.7
2025.10.16 23:15:00 WARN  unsupported Scala 2.12.7
2025.10.16 23:15:01 WARN  unsupported Scala 2.12.7
2025.10.16 23:15:02 INFO  compiling root-3 (3 scala sources)
2025.10.16 23:15:02 WARN  -optimise is deprecated: In 2.12, -optimise enables -opt:l:inline -opt-inline-from:**. Check -opt:help for using the Scala 2.12 optimizer.
2025.10.16 23:15:02 INFO  Error while emitting package.scala
Unsupported class file major version 61 (full report at: "C:\Users\serg\j25-26\tasks\term-1\3\.metals\.reports\bloop\2025-10-16\r_Error while emitting..._22-57-39-300.md")
2025.10.16 23:15:01 WARN  unsupported Scala 2.12.7
2025.10.16 23:15:02 INFO  Error while emitting FunSets.scala
Unsupported class file major version 61 (full report at: "C:\Users\serg\j25-26\tasks\term-1\3\.metals\.reports\bloop\2025-10-16\r_Error while emitting..._22-57-39-321.md")
2025.10.16 23:15:02 INFO  Error while emitting Main.scala
Unsupported class file major version 61 (full report at: "C:\Users\serg\j25-26\tasks\term-1\3\.metals\.reports\bloop\2025-10-16\r_Error while emitting..._22-57-39-347.md")
2025.10.16 23:15:02 INFO  Error while emitting Main.scala
assertion failed: ClassBType.info not yet assigned: Lfunsets/Main$; (full report at: "C:\Users\serg\j25-26\tasks\term-1\3\.metals\.reports\bloop\2025-10-16\r_Error while emitting..._22-57-39-358.md")
2025.10.16 23:15:02 INFO  time: compiled root-3 in 0.27s
2025.10.16 23:15:07 WARN  unsupported Scala 2.12.7
2025.10.16 23:15:08 WARN  unsupported Scala 2.12.7
2025.10.16 23:15:08 WARN  unsupported Scala 2.12.7
2025.10.16 23:15:10 WARN  unsupported Scala 2.12.7
2025.10.16 23:15:10 WARN  unsupported Scala 2.12.7
2025.10.16 23:15:12 WARN  unsupported Scala 2.12.7
2025.10.16 23:15:14 WARN  unsupported Scala 2.12.7
2025.10.16 23:15:14 WARN  unsupported Scala 2.12.7
2025.10.16 23:15:14 WARN  unsupported Scala 2.12.7
2025.10.16 23:15:15 WARN  unsupported Scala 2.12.7
2025.10.16 23:15:15 WARN  unsupported Scala 2.12.7
2025.10.16 23:15:15 WARN  unsupported Scala 2.12.7
2025.10.16 23:15:16 INFO  compiling root-3 (3 scala sources)
2025.10.16 23:15:16 WARN  -optimise is deprecated: In 2.12, -optimise enables -opt:l:inline -opt-inline-from:**. Check -opt:help for using the Scala 2.12 optimizer.
2025.10.16 23:15:16 WARN  unsupported Scala 2.12.7
2025.10.16 23:15:16 INFO  Error while emitting package.scala
Unsupported class file major version 61 (full report at: "C:\Users\serg\j25-26\tasks\term-1\3\.metals\.reports\bloop\2025-10-16\r_Error while emitting..._22-57-39-300.md")
2025.10.16 23:15:16 INFO  Error while emitting FunSets.scala
Unsupported class file major version 61 (full report at: "C:\Users\serg\j25-26\tasks\term-1\3\.metals\.reports\bloop\2025-10-16\r_Error while emitting..._22-57-39-321.md")
2025.10.16 23:15:16 INFO  Error while emitting Main.scala
Unsupported class file major version 61 (full report at: "C:\Users\serg\j25-26\tasks\term-1\3\.metals\.reports\bloop\2025-10-16\r_Error while emitting..._22-57-39-347.md")
2025.10.16 23:15:16 INFO  Error while emitting Main.scala
assertion failed: ClassBType.info not yet assigned: Lfunsets/Main$; (full report at: "C:\Users\serg\j25-26\tasks\term-1\3\.metals\.reports\bloop\2025-10-16\r_Error while emitting..._22-57-39-358.md")
2025.10.16 23:15:16 INFO  time: compiled root-3 in 0.23s
2025.10.16 23:15:16 WARN  unsupported Scala 2.12.7
2025.10.16 23:15:16 WARN  unsupported Scala 2.12.7
окт. 16, 2025 11:15:16 PM org.eclipse.lsp4j.jsonrpc.RemoteEndpoint handleCancellation
WARNING: Unmatched cancel notification for request id 853
2025.10.16 23:15:16 WARN  unsupported Scala 2.12.7
2025.10.16 23:15:17 INFO  compiling root-3 (3 scala sources)
2025.10.16 23:15:17 WARN  -optimise is deprecated: In 2.12, -optimise enables -opt:l:inline -opt-inline-from:**. Check -opt:help for using the Scala 2.12 optimizer.
2025.10.16 23:15:17 INFO  Error while emitting package.scala
Unsupported class file major version 61 (full report at: "C:\Users\serg\j25-26\tasks\term-1\3\.metals\.reports\bloop\2025-10-16\r_Error while emitting..._22-57-39-300.md")
2025.10.16 23:15:17 INFO  Error while emitting FunSets.scala
Unsupported class file major version 61 (full report at: "C:\Users\serg\j25-26\tasks\term-1\3\.metals\.reports\bloop\2025-10-16\r_Error while emitting..._22-57-39-321.md")
2025.10.16 23:15:17 INFO  Error while emitting Main.scala
Unsupported class file major version 61 (full report at: "C:\Users\serg\j25-26\tasks\term-1\3\.metals\.reports\bloop\2025-10-16\r_Error while emitting..._22-57-39-347.md")
2025.10.16 23:15:17 INFO  Error while emitting Main.scala
assertion failed: ClassBType.info not yet assigned: Lfunsets/Main$; (full report at: "C:\Users\serg\j25-26\tasks\term-1\3\.metals\.reports\bloop\2025-10-16\r_Error while emitting..._22-57-39-358.md")
2025.10.16 23:15:17 INFO  time: compiled root-3 in 0.21s
2025.10.16 23:15:18 WARN  unsupported Scala 2.12.7
2025.10.16 23:15:24 WARN  unsupported Scala 2.12.7
2025.10.16 23:15:26 WARN  unsupported Scala 2.12.7
2025.10.16 23:15:26 WARN  unsupported Scala 2.12.7
2025.10.16 23:15:28 WARN  unsupported Scala 2.12.7
2025.10.16 23:15:28 WARN  unsupported Scala 2.12.7
2025.10.16 23:15:29 WARN  unsupported Scala 2.12.7
2025.10.16 23:15:29 WARN  unsupported Scala 2.12.7
2025.10.16 23:15:29 WARN  unsupported Scala 2.12.7
2025.10.16 23:15:29 WARN  unsupported Scala 2.12.7
2025.10.16 23:15:29 WARN  unsupported Scala 2.12.7
2025.10.16 23:15:29 WARN  unsupported Scala 2.12.7
2025.10.16 23:15:30 WARN  unsupported Scala 2.12.7
2025.10.16 23:15:30 WARN  unsupported Scala 2.12.7
2025.10.16 23:15:30 WARN  unsupported Scala 2.12.7
2025.10.16 23:15:31 WARN  unsupported Scala 2.12.7
2025.10.16 23:15:32 INFO  compiling root-3 (3 scala sources)
2025.10.16 23:15:32 WARN  -optimise is deprecated: In 2.12, -optimise enables -opt:l:inline -opt-inline-from:**. Check -opt:help for using the Scala 2.12 optimizer.
2025.10.16 23:15:32 INFO  Error while emitting package.scala
Unsupported class file major version 61 (full report at: "C:\Users\serg\j25-26\tasks\term-1\3\.metals\.reports\bloop\2025-10-16\r_Error while emitting..._22-57-39-300.md")
2025.10.16 23:15:32 INFO  Error while emitting FunSets.scala
Unsupported class file major version 61 (full report at: "C:\Users\serg\j25-26\tasks\term-1\3\.metals\.reports\bloop\2025-10-16\r_Error while emitting..._22-57-39-321.md")
2025.10.16 23:15:32 INFO  Error while emitting Main.scala
Unsupported class file major version 61 (full report at: "C:\Users\serg\j25-26\tasks\term-1\3\.metals\.reports\bloop\2025-10-16\r_Error while emitting..._22-57-39-347.md")
2025.10.16 23:15:32 INFO  Error while emitting Main.scala
assertion failed: ClassBType.info not yet assigned: Lfunsets/Main$; (full report at: "C:\Users\serg\j25-26\tasks\term-1\3\.metals\.reports\bloop\2025-10-16\r_Error while emitting..._22-57-39-358.md")
2025.10.16 23:15:31 WARN  unsupported Scala 2.12.7
2025.10.16 23:15:32 INFO  time: compiled root-3 in 0.21s
2025.10.16 23:15:33 WARN  unsupported Scala 2.12.7
2025.10.16 23:15:33 WARN  unsupported Scala 2.12.7
2025.10.16 23:15:33 WARN  unsupported Scala 2.12.7
2025.10.16 23:15:33 WARN  unsupported Scala 2.12.7
2025.10.16 23:15:33 WARN  unsupported Scala 2.12.7
2025.10.16 23:15:34 INFO  compiling root-3 (3 scala sources)
2025.10.16 23:15:34 WARN  -optimise is deprecated: In 2.12, -optimise enables -opt:l:inline -opt-inline-from:**. Check -opt:help for using the Scala 2.12 optimizer.
2025.10.16 23:15:34 INFO  Error while emitting package.scala
Unsupported class file major version 61 (full report at: "C:\Users\serg\j25-26\tasks\term-1\3\.metals\.reports\bloop\2025-10-16\r_Error while emitting..._22-57-39-300.md")
2025.10.16 23:15:34 INFO  Error while emitting FunSets.scala
Unsupported class file major version 61 (full report at: "C:\Users\serg\j25-26\tasks\term-1\3\.metals\.reports\bloop\2025-10-16\r_Error while emitting..._22-57-39-321.md")
2025.10.16 23:15:34 INFO  Error while emitting Main.scala
Unsupported class file major version 61 (full report at: "C:\Users\serg\j25-26\tasks\term-1\3\.metals\.reports\bloop\2025-10-16\r_Error while emitting..._22-57-39-347.md")
2025.10.16 23:15:34 INFO  Error while emitting Main.scala
assertion failed: ClassBType.info not yet assigned: Lfunsets/Main$; (full report at: "C:\Users\serg\j25-26\tasks\term-1\3\.metals\.reports\bloop\2025-10-16\r_Error while emitting..._22-57-39-358.md")
2025.10.16 23:15:34 INFO  time: compiled root-3 in 0.23s
2025.10.16 23:15:34 WARN  unsupported Scala 2.12.7
2025.10.16 23:15:39 WARN  unsupported Scala 2.12.7
2025.10.16 23:16:24 WARN  unsupported Scala 2.12.7
2025.10.16 23:16:24 WARN  unsupported Scala 2.12.7
2025.10.16 23:16:24 WARN  unsupported Scala 2.12.7
2025.10.16 23:16:27 WARN  unsupported Scala 2.12.7
2025.10.16 23:16:27 WARN  unsupported Scala 2.12.7
2025.10.16 23:16:27 WARN  unsupported Scala 2.12.7
2025.10.16 23:16:30 WARN  unsupported Scala 2.12.7
2025.10.16 23:16:38 WARN  unsupported Scala 2.12.7
2025.10.16 23:16:43 WARN  unsupported Scala 2.12.7
2025.10.16 23:16:47 WARN  unsupported Scala 2.12.7
2025.10.16 23:19:17 ERROR Error downloading Dependency{module=Module(org.scalameta, mtags_2.12.7), version='1.6.3', exclusions=[], configuration='', publication=null, transitive=true, overrides={}}
coursierapi.error.SimpleResolutionError$1: Error downloading org.scalameta:mtags_2.12.7:1.6.3
  not found: C:\Users\serg\.ivy2\local\org.scalameta\mtags_2.12.7\1.6.3\ivys\ivy.xml
  not found: https://repo1.maven.org/maven2/org/scalameta/mtags_2.12.7/1.6.3/mtags_2.12.7-1.6.3.pom
  not found: C:\Users\serg\.m2\repository\org\scalameta\mtags_2.12.7\1.6.3\mtags_2.12.7-1.6.3.pom
  not found: https://central.sonatype.com/repository/maven-snapshots/org/scalameta/mtags_2.12.7/1.6.3/mtags_2.12.7-1.6.3.pom
	at coursierapi.error.SimpleResolutionError.of(SimpleResolutionError.java:11)
	at coursierapi.shaded.coursier.internal.api.ApiHelper$.simpleResError(ApiHelper.scala:451)
	at coursierapi.shaded.coursier.internal.api.ApiHelper$.doFetch(ApiHelper.scala:495)
	at coursierapi.shaded.coursier.internal.api.ApiHelper.doFetch(ApiHelper.scala)
	at coursierapi.Fetch.fetchResult(Fetch.java:239)
	at coursierapi.Fetch.fetch(Fetch.java:234)
	at scala.meta.internal.metals.Embedded$.downloadDependency(Embedded.scala:432)
	at scala.meta.internal.metals.Embedded$.downloadMtags(Embedded.scala:482)
	at scala.meta.internal.metals.MtagsResolver$Default.$anonfun$resolve$3(MtagsResolver.scala:168)
	at scala.concurrent.Future$.$anonfun$apply$1(Future.scala:691)
	at scala.concurrent.impl.Promise$Transformation.run(Promise.scala:500)
	at java.util.concurrent.ThreadPoolExecutor.runWorker(ThreadPoolExecutor.java:1136)
	at java.util.concurrent.ThreadPoolExecutor$Worker.run(ThreadPoolExecutor.java:635)
	at java.lang.Thread.run(Thread.java:840)

2025.10.16 23:19:17 INFO  Found coursier in path under C:\Users\serg\.metals\cs.exe, using it to fetch dependency
2025.10.16 23:19:17 ERROR Downloading https://repo1.maven.org/maven2/org/scalameta/mtags_2.12.7/1.6.3/mtags_2.12.7-1.6.3.pom
2025.10.16 23:19:17 ERROR Downloaded https://repo1.maven.org/maven2/org/scalameta/mtags_2.12.7/1.6.3/mtags_2.12.7-1.6.3.pom
2025.10.16 23:19:17 ERROR Downloading https://repo1.maven.org/maven2/org/scalameta/mtags_2.12.7/1.6.3/mtags_2.12.7-1.6.3.pom.sha1
2025.10.16 23:19:17 ERROR Downloaded https://repo1.maven.org/maven2/org/scalameta/mtags_2.12.7/1.6.3/mtags_2.12.7-1.6.3.pom.sha1
2025.10.16 23:19:17 ERROR Resolution error: Error downloading org.scalameta:mtags_2.12.7:1.6.3
2025.10.16 23:19:17 ERROR   not found: C:\Users\serg\.ivy2\local\org.scalameta\mtags_2.12.7\1.6.3\ivys\ivy.xml
2025.10.16 23:19:17 ERROR   not found: https://repo1.maven.org/maven2/org/scalameta/mtags_2.12.7/1.6.3/mtags_2.12.7-1.6.3.pom
2025.10.16 23:19:18 ERROR Error downloading Dependency{module=Module(org.scalameta, mtags_2.12.7), version='1.6.3', exclusions=[], configuration='', publication=null, transitive=true, overrides={}}
coursierapi.error.SimpleResolutionError$1: Error downloading org.scalameta:mtags_2.12.7:1.6.3
  not found: C:\Users\serg\.ivy2\local\org.scalameta\mtags_2.12.7\1.6.3\ivys\ivy.xml
  not found: https://repo1.maven.org/maven2/org/scalameta/mtags_2.12.7/1.6.3/mtags_2.12.7-1.6.3.pom
  not found: C:\Users\serg\.m2\repository\org\scalameta\mtags_2.12.7\1.6.3\mtags_2.12.7-1.6.3.pom
  not found: https://central.sonatype.com/repository/maven-snapshots/org/scalameta/mtags_2.12.7/1.6.3/mtags_2.12.7-1.6.3.pom
	at coursierapi.error.SimpleResolutionError.of(SimpleResolutionError.java:11)
	at coursierapi.shaded.coursier.internal.api.ApiHelper$.simpleResError(ApiHelper.scala:451)
	at coursierapi.shaded.coursier.internal.api.ApiHelper$.doFetch(ApiHelper.scala:495)
	at coursierapi.shaded.coursier.internal.api.ApiHelper.doFetch(ApiHelper.scala)
	at coursierapi.Fetch.fetchResult(Fetch.java:239)
	at coursierapi.Fetch.fetch(Fetch.java:234)
	at scala.meta.internal.metals.Embedded$.downloadDependency(Embedded.scala:432)
	at scala.meta.internal.metals.Embedded$.downloadMtags(Embedded.scala:482)
	at scala.meta.internal.metals.MtagsResolver$Default.$anonfun$resolve$3(MtagsResolver.scala:168)
	at scala.concurrent.Future$.$anonfun$apply$1(Future.scala:691)
	at scala.concurrent.impl.Promise$Transformation.run(Promise.scala:500)
	at java.util.concurrent.ThreadPoolExecutor.runWorker(ThreadPoolExecutor.java:1136)
	at java.util.concurrent.ThreadPoolExecutor$Worker.run(ThreadPoolExecutor.java:635)
	at java.lang.Thread.run(Thread.java:840)

2025.10.16 23:19:18 INFO  Found coursier in path under C:\Users\serg\.metals\cs.exe, using it to fetch dependency
2025.10.16 23:19:19 ERROR Downloading https://repo1.maven.org/maven2/org/scalameta/mtags_2.12.7/1.6.3/mtags_2.12.7-1.6.3.pom
2025.10.16 23:19:19 ERROR Downloaded https://repo1.maven.org/maven2/org/scalameta/mtags_2.12.7/1.6.3/mtags_2.12.7-1.6.3.pom
2025.10.16 23:19:19 ERROR Downloading https://repo1.maven.org/maven2/org/scalameta/mtags_2.12.7/1.6.3/mtags_2.12.7-1.6.3.pom.sha1
2025.10.16 23:19:19 ERROR Downloaded https://repo1.maven.org/maven2/org/scalameta/mtags_2.12.7/1.6.3/mtags_2.12.7-1.6.3.pom.sha1
2025.10.16 23:19:19 ERROR Resolution error: Error downloading org.scalameta:mtags_2.12.7:1.6.3
2025.10.16 23:19:19 ERROR   not found: C:\Users\serg\.ivy2\local\org.scalameta\mtags_2.12.7\1.6.3\ivys\ivy.xml
2025.10.16 23:19:19 ERROR   not found: https://repo1.maven.org/maven2/org/scalameta/mtags_2.12.7/1.6.3/mtags_2.12.7-1.6.3.pom
2025.10.16 23:19:20 ERROR Error downloading Dependency{module=Module(org.scalameta, mtags_2.12.7), version='1.6.3', exclusions=[], configuration='', publication=null, transitive=true, overrides={}}
coursierapi.error.SimpleResolutionError$1: Error downloading org.scalameta:mtags_2.12.7:1.6.3
  not found: C:\Users\serg\.ivy2\local\org.scalameta\mtags_2.12.7\1.6.3\ivys\ivy.xml
  not found: https://repo1.maven.org/maven2/org/scalameta/mtags_2.12.7/1.6.3/mtags_2.12.7-1.6.3.pom
  not found: C:\Users\serg\.m2\repository\org\scalameta\mtags_2.12.7\1.6.3\mtags_2.12.7-1.6.3.pom
  not found: https://central.sonatype.com/repository/maven-snapshots/org/scalameta/mtags_2.12.7/1.6.3/mtags_2.12.7-1.6.3.pom
	at coursierapi.error.SimpleResolutionError.of(SimpleResolutionError.java:11)
	at coursierapi.shaded.coursier.internal.api.ApiHelper$.simpleResError(ApiHelper.scala:451)
	at coursierapi.shaded.coursier.internal.api.ApiHelper$.doFetch(ApiHelper.scala:495)
	at coursierapi.shaded.coursier.internal.api.ApiHelper.doFetch(ApiHelper.scala)
	at coursierapi.Fetch.fetchResult(Fetch.java:239)
	at coursierapi.Fetch.fetch(Fetch.java:234)
	at scala.meta.internal.metals.Embedded$.downloadDependency(Embedded.scala:432)
	at scala.meta.internal.metals.Embedded$.downloadMtags(Embedded.scala:482)
	at scala.meta.internal.metals.MtagsResolver$Default.$anonfun$resolve$3(MtagsResolver.scala:168)
	at scala.concurrent.Future$.$anonfun$apply$1(Future.scala:691)
	at scala.concurrent.impl.Promise$Transformation.run(Promise.scala:500)
	at java.util.concurrent.ThreadPoolExecutor.runWorker(ThreadPoolExecutor.java:1136)
	at java.util.concurrent.ThreadPoolExecutor$Worker.run(ThreadPoolExecutor.java:635)
	at java.lang.Thread.run(Thread.java:840)

2025.10.16 23:19:20 INFO  Found coursier in path under C:\Users\serg\.metals\cs.exe, using it to fetch dependency
2025.10.16 23:19:20 ERROR Downloading https://repo1.maven.org/maven2/org/scalameta/mtags_2.12.7/1.6.3/mtags_2.12.7-1.6.3.pom
2025.10.16 23:19:20 ERROR Downloaded https://repo1.maven.org/maven2/org/scalameta/mtags_2.12.7/1.6.3/mtags_2.12.7-1.6.3.pom
2025.10.16 23:19:20 ERROR Downloading https://repo1.maven.org/maven2/org/scalameta/mtags_2.12.7/1.6.3/mtags_2.12.7-1.6.3.pom.sha1
2025.10.16 23:19:20 ERROR Downloaded https://repo1.maven.org/maven2/org/scalameta/mtags_2.12.7/1.6.3/mtags_2.12.7-1.6.3.pom.sha1
2025.10.16 23:19:20 ERROR Resolution error: Error downloading org.scalameta:mtags_2.12.7:1.6.3
2025.10.16 23:19:20 ERROR   not found: C:\Users\serg\.ivy2\local\org.scalameta\mtags_2.12.7\1.6.3\ivys\ivy.xml
2025.10.16 23:19:20 ERROR   not found: https://repo1.maven.org/maven2/org/scalameta/mtags_2.12.7/1.6.3/mtags_2.12.7-1.6.3.pom
2025.10.16 23:19:21 ERROR Error downloading Dependency{module=Module(org.scalameta, mtags_2.12.7), version='1.6.3', exclusions=[], configuration='', publication=null, transitive=true, overrides={}}
coursierapi.error.SimpleResolutionError$1: Error downloading org.scalameta:mtags_2.12.7:1.6.3
  not found: C:\Users\serg\.ivy2\local\org.scalameta\mtags_2.12.7\1.6.3\ivys\ivy.xml
  not found: https://repo1.maven.org/maven2/org/scalameta/mtags_2.12.7/1.6.3/mtags_2.12.7-1.6.3.pom
  not found: C:\Users\serg\.m2\repository\org\scalameta\mtags_2.12.7\1.6.3\mtags_2.12.7-1.6.3.pom
  not found: https://central.sonatype.com/repository/maven-snapshots/org/scalameta/mtags_2.12.7/1.6.3/mtags_2.12.7-1.6.3.pom
	at coursierapi.error.SimpleResolutionError.of(SimpleResolutionError.java:11)
	at coursierapi.shaded.coursier.internal.api.ApiHelper$.simpleResError(ApiHelper.scala:451)
	at coursierapi.shaded.coursier.internal.api.ApiHelper$.doFetch(ApiHelper.scala:495)
	at coursierapi.shaded.coursier.internal.api.ApiHelper.doFetch(ApiHelper.scala)
	at coursierapi.Fetch.fetchResult(Fetch.java:239)
	at coursierapi.Fetch.fetch(Fetch.java:234)
	at scala.meta.internal.metals.Embedded$.downloadDependency(Embedded.scala:432)
	at scala.meta.internal.metals.Embedded$.downloadMtags(Embedded.scala:482)
	at scala.meta.internal.metals.MtagsResolver$Default.$anonfun$resolve$3(MtagsResolver.scala:168)
	at scala.concurrent.Future$.$anonfun$apply$1(Future.scala:691)
	at scala.concurrent.impl.Promise$Transformation.run(Promise.scala:500)
	at java.util.concurrent.ThreadPoolExecutor.runWorker(ThreadPoolExecutor.java:1136)
	at java.util.concurrent.ThreadPoolExecutor$Worker.run(ThreadPoolExecutor.java:635)
	at java.lang.Thread.run(Thread.java:840)

2025.10.16 23:19:21 INFO  Found coursier in path under C:\Users\serg\.metals\cs.exe, using it to fetch dependency
2025.10.16 23:19:21 ERROR Downloading https://repo1.maven.org/maven2/org/scalameta/mtags_2.12.7/1.6.3/mtags_2.12.7-1.6.3.pom
2025.10.16 23:19:21 ERROR Downloaded https://repo1.maven.org/maven2/org/scalameta/mtags_2.12.7/1.6.3/mtags_2.12.7-1.6.3.pom
2025.10.16 23:19:21 ERROR Downloading https://repo1.maven.org/maven2/org/scalameta/mtags_2.12.7/1.6.3/mtags_2.12.7-1.6.3.pom.sha1
2025.10.16 23:19:21 ERROR Downloaded https://repo1.maven.org/maven2/org/scalameta/mtags_2.12.7/1.6.3/mtags_2.12.7-1.6.3.pom.sha1
2025.10.16 23:19:21 ERROR Resolution error: Error downloading org.scalameta:mtags_2.12.7:1.6.3
2025.10.16 23:19:21 ERROR   not found: C:\Users\serg\.ivy2\local\org.scalameta\mtags_2.12.7\1.6.3\ivys\ivy.xml
2025.10.16 23:19:21 ERROR   not found: https://repo1.maven.org/maven2/org/scalameta/mtags_2.12.7/1.6.3/mtags_2.12.7-1.6.3.pom
2025.10.16 23:19:22 ERROR Error downloading Dependency{module=Module(org.scalameta, mtags_2.12.7), version='1.6.3', exclusions=[], configuration='', publication=null, transitive=true, overrides={}}
coursierapi.error.SimpleResolutionError$1: Error downloading org.scalameta:mtags_2.12.7:1.6.3
  not found: C:\Users\serg\.ivy2\local\org.scalameta\mtags_2.12.7\1.6.3\ivys\ivy.xml
  not found: https://repo1.maven.org/maven2/org/scalameta/mtags_2.12.7/1.6.3/mtags_2.12.7-1.6.3.pom
  not found: C:\Users\serg\.m2\repository\org\scalameta\mtags_2.12.7\1.6.3\mtags_2.12.7-1.6.3.pom
  not found: https://central.sonatype.com/repository/maven-snapshots/org/scalameta/mtags_2.12.7/1.6.3/mtags_2.12.7-1.6.3.pom
	at coursierapi.error.SimpleResolutionError.of(SimpleResolutionError.java:11)
	at coursierapi.shaded.coursier.internal.api.ApiHelper$.simpleResError(ApiHelper.scala:451)
	at coursierapi.shaded.coursier.internal.api.ApiHelper$.doFetch(ApiHelper.scala:495)
	at coursierapi.shaded.coursier.internal.api.ApiHelper.doFetch(ApiHelper.scala)
	at coursierapi.Fetch.fetchResult(Fetch.java:239)
	at coursierapi.Fetch.fetch(Fetch.java:234)
	at scala.meta.internal.metals.Embedded$.downloadDependency(Embedded.scala:432)
	at scala.meta.internal.metals.Embedded$.downloadMtags(Embedded.scala:482)
	at scala.meta.internal.metals.MtagsResolver$Default.$anonfun$resolve$3(MtagsResolver.scala:168)
	at scala.concurrent.Future$.$anonfun$apply$1(Future.scala:691)
	at scala.concurrent.impl.Promise$Transformation.run(Promise.scala:500)
	at java.util.concurrent.ThreadPoolExecutor.runWorker(ThreadPoolExecutor.java:1136)
	at java.util.concurrent.ThreadPoolExecutor$Worker.run(ThreadPoolExecutor.java:635)
	at java.lang.Thread.run(Thread.java:840)

2025.10.16 23:19:22 INFO  Found coursier in path under C:\Users\serg\.metals\cs.exe, using it to fetch dependency
2025.10.16 23:19:22 ERROR Downloading https://repo1.maven.org/maven2/org/scalameta/mtags_2.12.7/1.6.3/mtags_2.12.7-1.6.3.pom
2025.10.16 23:19:22 ERROR Downloaded https://repo1.maven.org/maven2/org/scalameta/mtags_2.12.7/1.6.3/mtags_2.12.7-1.6.3.pom
2025.10.16 23:19:22 ERROR Downloading https://repo1.maven.org/maven2/org/scalameta/mtags_2.12.7/1.6.3/mtags_2.12.7-1.6.3.pom.sha1
2025.10.16 23:19:22 ERROR Downloaded https://repo1.maven.org/maven2/org/scalameta/mtags_2.12.7/1.6.3/mtags_2.12.7-1.6.3.pom.sha1
2025.10.16 23:19:22 ERROR Resolution error: Error downloading org.scalameta:mtags_2.12.7:1.6.3
2025.10.16 23:19:22 ERROR   not found: C:\Users\serg\.ivy2\local\org.scalameta\mtags_2.12.7\1.6.3\ivys\ivy.xml
2025.10.16 23:19:22 ERROR   not found: https://repo1.maven.org/maven2/org/scalameta/mtags_2.12.7/1.6.3/mtags_2.12.7-1.6.3.pom
2025.10.16 23:19:24 ERROR Error downloading Dependency{module=Module(org.scalameta, mtags_2.12.7), version='1.6.3', exclusions=[], configuration='', publication=null, transitive=true, overrides={}}
coursierapi.error.SimpleResolutionError$1: Error downloading org.scalameta:mtags_2.12.7:1.6.3
  not found: C:\Users\serg\.ivy2\local\org.scalameta\mtags_2.12.7\1.6.3\ivys\ivy.xml
  not found: https://repo1.maven.org/maven2/org/scalameta/mtags_2.12.7/1.6.3/mtags_2.12.7-1.6.3.pom
  not found: C:\Users\serg\.m2\repository\org\scalameta\mtags_2.12.7\1.6.3\mtags_2.12.7-1.6.3.pom
  not found: https://central.sonatype.com/repository/maven-snapshots/org/scalameta/mtags_2.12.7/1.6.3/mtags_2.12.7-1.6.3.pom
	at coursierapi.error.SimpleResolutionError.of(SimpleResolutionError.java:11)
	at coursierapi.shaded.coursier.internal.api.ApiHelper$.simpleResError(ApiHelper.scala:451)
	at coursierapi.shaded.coursier.internal.api.ApiHelper$.doFetch(ApiHelper.scala:495)
	at coursierapi.shaded.coursier.internal.api.ApiHelper.doFetch(ApiHelper.scala)
	at coursierapi.Fetch.fetchResult(Fetch.java:239)
	at coursierapi.Fetch.fetch(Fetch.java:234)
	at scala.meta.internal.metals.Embedded$.downloadDependency(Embedded.scala:432)
	at scala.meta.internal.metals.Embedded$.downloadMtags(Embedded.scala:482)
	at scala.meta.internal.metals.MtagsResolver$Default.$anonfun$resolve$3(MtagsResolver.scala:168)
	at scala.concurrent.Future$.$anonfun$apply$1(Future.scala:691)
	at scala.concurrent.impl.Promise$Transformation.run(Promise.scala:500)
	at java.util.concurrent.ThreadPoolExecutor.runWorker(ThreadPoolExecutor.java:1136)
	at java.util.concurrent.ThreadPoolExecutor$Worker.run(ThreadPoolExecutor.java:635)
	at java.lang.Thread.run(Thread.java:840)

2025.10.16 23:19:24 INFO  Found coursier in path under C:\Users\serg\.metals\cs.exe, using it to fetch dependency
2025.10.16 23:19:24 ERROR Downloading https://repo1.maven.org/maven2/org/scalameta/mtags_2.12.7/1.6.3/mtags_2.12.7-1.6.3.pom
2025.10.16 23:19:24 ERROR Downloaded https://repo1.maven.org/maven2/org/scalameta/mtags_2.12.7/1.6.3/mtags_2.12.7-1.6.3.pom
2025.10.16 23:19:24 ERROR Downloading https://repo1.maven.org/maven2/org/scalameta/mtags_2.12.7/1.6.3/mtags_2.12.7-1.6.3.pom.sha1
2025.10.16 23:19:24 ERROR Downloaded https://repo1.maven.org/maven2/org/scalameta/mtags_2.12.7/1.6.3/mtags_2.12.7-1.6.3.pom.sha1
2025.10.16 23:19:24 ERROR Resolution error: Error downloading org.scalameta:mtags_2.12.7:1.6.3
2025.10.16 23:19:24 ERROR   not found: C:\Users\serg\.ivy2\local\org.scalameta\mtags_2.12.7\1.6.3\ivys\ivy.xml
2025.10.16 23:19:24 ERROR   not found: https://repo1.maven.org/maven2/org/scalameta/mtags_2.12.7/1.6.3/mtags_2.12.7-1.6.3.pom
2025.10.16 23:19:24 ERROR Failed to resolve mtags for 2.12.7
coursierapi.error.SimpleResolutionError$1: Error downloading org.scalameta:mtags_2.12.7:1.6.3
  not found: C:\Users\serg\.ivy2\local\org.scalameta\mtags_2.12.7\1.6.3\ivys\ivy.xml
  not found: https://repo1.maven.org/maven2/org/scalameta/mtags_2.12.7/1.6.3/mtags_2.12.7-1.6.3.pom
  not found: C:\Users\serg\.m2\repository\org\scalameta\mtags_2.12.7\1.6.3\mtags_2.12.7-1.6.3.pom
  not found: https://central.sonatype.com/repository/maven-snapshots/org/scalameta/mtags_2.12.7/1.6.3/mtags_2.12.7-1.6.3.pom
	at coursierapi.error.SimpleResolutionError.of(SimpleResolutionError.java:11)
	at coursierapi.shaded.coursier.internal.api.ApiHelper$.simpleResError(ApiHelper.scala:451)
	at coursierapi.shaded.coursier.internal.api.ApiHelper$.doFetch(ApiHelper.scala:495)
	at coursierapi.shaded.coursier.internal.api.ApiHelper.doFetch(ApiHelper.scala)
	at coursierapi.Fetch.fetchResult(Fetch.java:239)
	at coursierapi.Fetch.fetch(Fetch.java:234)
	at scala.meta.internal.metals.Embedded$.downloadDependency(Embedded.scala:432)
	at scala.meta.internal.metals.Embedded$.downloadMtags(Embedded.scala:482)
	at scala.meta.internal.metals.MtagsResolver$Default.$anonfun$resolve$3(MtagsResolver.scala:168)
	at scala.concurrent.Future$.$anonfun$apply$1(Future.scala:691)
	at scala.concurrent.impl.Promise$Transformation.run(Promise.scala:500)
	at java.util.concurrent.ThreadPoolExecutor.runWorker(ThreadPoolExecutor.java:1136)
	at java.util.concurrent.ThreadPoolExecutor$Worker.run(ThreadPoolExecutor.java:635)
	at java.lang.Thread.run(Thread.java:840)

2025.10.16 23:19:24 WARN  unsupported Scala 2.12.7
окт. 16, 2025 11:19:24 PM org.eclipse.lsp4j.jsonrpc.RemoteEndpoint handleCancellation
WARNING: Unmatched cancel notification for request id 940
2025.10.16 23:19:24 WARN  unsupported Scala 2.12.7
2025.10.16 23:19:24 WARN  unsupported Scala 2.12.7
окт. 16, 2025 11:19:24 PM org.eclipse.lsp4j.jsonrpc.RemoteEndpoint handleCancellation
WARNING: Unmatched cancel notification for request id 941
2025.10.16 23:19:24 WARN  unsupported Scala 2.12.7
2025.10.16 23:25:15 ERROR Error downloading Dependency{module=Module(org.scalameta, mtags_2.12.7), version='1.6.3', exclusions=[], configuration='', publication=null, transitive=true, overrides={}}
coursierapi.error.SimpleResolutionError$1: Error downloading org.scalameta:mtags_2.12.7:1.6.3
  not found: C:\Users\serg\.ivy2\local\org.scalameta\mtags_2.12.7\1.6.3\ivys\ivy.xml
  not found: https://repo1.maven.org/maven2/org/scalameta/mtags_2.12.7/1.6.3/mtags_2.12.7-1.6.3.pom
  not found: C:\Users\serg\.m2\repository\org\scalameta\mtags_2.12.7\1.6.3\mtags_2.12.7-1.6.3.pom
  not found: https://central.sonatype.com/repository/maven-snapshots/org/scalameta/mtags_2.12.7/1.6.3/mtags_2.12.7-1.6.3.pom
	at coursierapi.error.SimpleResolutionError.of(SimpleResolutionError.java:11)
	at coursierapi.shaded.coursier.internal.api.ApiHelper$.simpleResError(ApiHelper.scala:451)
	at coursierapi.shaded.coursier.internal.api.ApiHelper$.doFetch(ApiHelper.scala:495)
	at coursierapi.shaded.coursier.internal.api.ApiHelper.doFetch(ApiHelper.scala)
	at coursierapi.Fetch.fetchResult(Fetch.java:239)
	at coursierapi.Fetch.fetch(Fetch.java:234)
	at scala.meta.internal.metals.Embedded$.downloadDependency(Embedded.scala:432)
	at scala.meta.internal.metals.Embedded$.downloadMtags(Embedded.scala:482)
	at scala.meta.internal.metals.MtagsResolver$Default.$anonfun$resolve$3(MtagsResolver.scala:168)
	at scala.concurrent.Future$.$anonfun$apply$1(Future.scala:691)
	at scala.concurrent.impl.Promise$Transformation.run(Promise.scala:500)
	at java.util.concurrent.ThreadPoolExecutor.runWorker(ThreadPoolExecutor.java:1136)
	at java.util.concurrent.ThreadPoolExecutor$Worker.run(ThreadPoolExecutor.java:635)
	at java.lang.Thread.run(Thread.java:840)

2025.10.16 23:25:15 INFO  Found coursier in path under C:\Users\serg\.metals\cs.exe, using it to fetch dependency
2025.10.16 23:25:15 ERROR Downloading https://repo1.maven.org/maven2/org/scalameta/mtags_2.12.7/1.6.3/mtags_2.12.7-1.6.3.pom
2025.10.16 23:25:15 ERROR Downloaded https://repo1.maven.org/maven2/org/scalameta/mtags_2.12.7/1.6.3/mtags_2.12.7-1.6.3.pom
2025.10.16 23:25:15 ERROR Downloading https://repo1.maven.org/maven2/org/scalameta/mtags_2.12.7/1.6.3/mtags_2.12.7-1.6.3.pom.sha1
2025.10.16 23:25:15 ERROR Downloaded https://repo1.maven.org/maven2/org/scalameta/mtags_2.12.7/1.6.3/mtags_2.12.7-1.6.3.pom.sha1
2025.10.16 23:25:15 ERROR Resolution error: Error downloading org.scalameta:mtags_2.12.7:1.6.3
2025.10.16 23:25:15 ERROR   not found: C:\Users\serg\.ivy2\local\org.scalameta\mtags_2.12.7\1.6.3\ivys\ivy.xml
2025.10.16 23:25:15 ERROR   not found: https://repo1.maven.org/maven2/org/scalameta/mtags_2.12.7/1.6.3/mtags_2.12.7-1.6.3.pom
2025.10.16 23:25:16 ERROR Error downloading Dependency{module=Module(org.scalameta, mtags_2.12.7), version='1.6.3', exclusions=[], configuration='', publication=null, transitive=true, overrides={}}
coursierapi.error.SimpleResolutionError$1: Error downloading org.scalameta:mtags_2.12.7:1.6.3
  not found: C:\Users\serg\.ivy2\local\org.scalameta\mtags_2.12.7\1.6.3\ivys\ivy.xml
  not found: https://repo1.maven.org/maven2/org/scalameta/mtags_2.12.7/1.6.3/mtags_2.12.7-1.6.3.pom
  not found: C:\Users\serg\.m2\repository\org\scalameta\mtags_2.12.7\1.6.3\mtags_2.12.7-1.6.3.pom
  not found: https://central.sonatype.com/repository/maven-snapshots/org/scalameta/mtags_2.12.7/1.6.3/mtags_2.12.7-1.6.3.pom
	at coursierapi.error.SimpleResolutionError.of(SimpleResolutionError.java:11)
	at coursierapi.shaded.coursier.internal.api.ApiHelper$.simpleResError(ApiHelper.scala:451)
	at coursierapi.shaded.coursier.internal.api.ApiHelper$.doFetch(ApiHelper.scala:495)
	at coursierapi.shaded.coursier.internal.api.ApiHelper.doFetch(ApiHelper.scala)
	at coursierapi.Fetch.fetchResult(Fetch.java:239)
	at coursierapi.Fetch.fetch(Fetch.java:234)
	at scala.meta.internal.metals.Embedded$.downloadDependency(Embedded.scala:432)
	at scala.meta.internal.metals.Embedded$.downloadMtags(Embedded.scala:482)
	at scala.meta.internal.metals.MtagsResolver$Default.$anonfun$resolve$3(MtagsResolver.scala:168)
	at scala.concurrent.Future$.$anonfun$apply$1(Future.scala:691)
	at scala.concurrent.impl.Promise$Transformation.run(Promise.scala:500)
	at java.util.concurrent.ThreadPoolExecutor.runWorker(ThreadPoolExecutor.java:1136)
	at java.util.concurrent.ThreadPoolExecutor$Worker.run(ThreadPoolExecutor.java:635)
	at java.lang.Thread.run(Thread.java:840)

2025.10.16 23:25:16 INFO  Found coursier in path under C:\Users\serg\.metals\cs.exe, using it to fetch dependency
2025.10.16 23:25:16 ERROR Downloading https://repo1.maven.org/maven2/org/scalameta/mtags_2.12.7/1.6.3/mtags_2.12.7-1.6.3.pom
2025.10.16 23:25:16 ERROR Downloaded https://repo1.maven.org/maven2/org/scalameta/mtags_2.12.7/1.6.3/mtags_2.12.7-1.6.3.pom
2025.10.16 23:25:16 ERROR Downloading https://repo1.maven.org/maven2/org/scalameta/mtags_2.12.7/1.6.3/mtags_2.12.7-1.6.3.pom.sha1
2025.10.16 23:25:16 ERROR Downloaded https://repo1.maven.org/maven2/org/scalameta/mtags_2.12.7/1.6.3/mtags_2.12.7-1.6.3.pom.sha1
2025.10.16 23:25:16 ERROR Resolution error: Error downloading org.scalameta:mtags_2.12.7:1.6.3
2025.10.16 23:25:16 ERROR   not found: C:\Users\serg\.ivy2\local\org.scalameta\mtags_2.12.7\1.6.3\ivys\ivy.xml
2025.10.16 23:25:16 ERROR   not found: https://repo1.maven.org/maven2/org/scalameta/mtags_2.12.7/1.6.3/mtags_2.12.7-1.6.3.pom
2025.10.16 23:25:18 ERROR Error downloading Dependency{module=Module(org.scalameta, mtags_2.12.7), version='1.6.3', exclusions=[], configuration='', publication=null, transitive=true, overrides={}}
coursierapi.error.SimpleResolutionError$1: Error downloading org.scalameta:mtags_2.12.7:1.6.3
  not found: C:\Users\serg\.ivy2\local\org.scalameta\mtags_2.12.7\1.6.3\ivys\ivy.xml
  not found: https://repo1.maven.org/maven2/org/scalameta/mtags_2.12.7/1.6.3/mtags_2.12.7-1.6.3.pom
  not found: C:\Users\serg\.m2\repository\org\scalameta\mtags_2.12.7\1.6.3\mtags_2.12.7-1.6.3.pom
  not found: https://central.sonatype.com/repository/maven-snapshots/org/scalameta/mtags_2.12.7/1.6.3/mtags_2.12.7-1.6.3.pom
	at coursierapi.error.SimpleResolutionError.of(SimpleResolutionError.java:11)
	at coursierapi.shaded.coursier.internal.api.ApiHelper$.simpleResError(ApiHelper.scala:451)
	at coursierapi.shaded.coursier.internal.api.ApiHelper$.doFetch(ApiHelper.scala:495)
	at coursierapi.shaded.coursier.internal.api.ApiHelper.doFetch(ApiHelper.scala)
	at coursierapi.Fetch.fetchResult(Fetch.java:239)
	at coursierapi.Fetch.fetch(Fetch.java:234)
	at scala.meta.internal.metals.Embedded$.downloadDependency(Embedded.scala:432)
	at scala.meta.internal.metals.Embedded$.downloadMtags(Embedded.scala:482)
	at scala.meta.internal.metals.MtagsResolver$Default.$anonfun$resolve$3(MtagsResolver.scala:168)
	at scala.concurrent.Future$.$anonfun$apply$1(Future.scala:691)
	at scala.concurrent.impl.Promise$Transformation.run(Promise.scala:500)
	at java.util.concurrent.ThreadPoolExecutor.runWorker(ThreadPoolExecutor.java:1136)
	at java.util.concurrent.ThreadPoolExecutor$Worker.run(ThreadPoolExecutor.java:635)
	at java.lang.Thread.run(Thread.java:840)

2025.10.16 23:25:18 INFO  Found coursier in path under C:\Users\serg\.metals\cs.exe, using it to fetch dependency
2025.10.16 23:25:18 ERROR Downloading https://repo1.maven.org/maven2/org/scalameta/mtags_2.12.7/1.6.3/mtags_2.12.7-1.6.3.pom
2025.10.16 23:25:18 ERROR Downloaded https://repo1.maven.org/maven2/org/scalameta/mtags_2.12.7/1.6.3/mtags_2.12.7-1.6.3.pom
2025.10.16 23:25:18 ERROR Downloading https://repo1.maven.org/maven2/org/scalameta/mtags_2.12.7/1.6.3/mtags_2.12.7-1.6.3.pom.sha1
2025.10.16 23:25:18 ERROR Downloaded https://repo1.maven.org/maven2/org/scalameta/mtags_2.12.7/1.6.3/mtags_2.12.7-1.6.3.pom.sha1
2025.10.16 23:25:18 ERROR Resolution error: Error downloading org.scalameta:mtags_2.12.7:1.6.3
2025.10.16 23:25:18 ERROR   not found: C:\Users\serg\.ivy2\local\org.scalameta\mtags_2.12.7\1.6.3\ivys\ivy.xml
2025.10.16 23:25:18 ERROR   not found: https://repo1.maven.org/maven2/org/scalameta/mtags_2.12.7/1.6.3/mtags_2.12.7-1.6.3.pom
2025.10.16 23:25:20 ERROR Error downloading Dependency{module=Module(org.scalameta, mtags_2.12.7), version='1.6.3', exclusions=[], configuration='', publication=null, transitive=true, overrides={}}
coursierapi.error.SimpleResolutionError$1: Error downloading org.scalameta:mtags_2.12.7:1.6.3
  not found: C:\Users\serg\.ivy2\local\org.scalameta\mtags_2.12.7\1.6.3\ivys\ivy.xml
  not found: https://repo1.maven.org/maven2/org/scalameta/mtags_2.12.7/1.6.3/mtags_2.12.7-1.6.3.pom
  not found: C:\Users\serg\.m2\repository\org\scalameta\mtags_2.12.7\1.6.3\mtags_2.12.7-1.6.3.pom
  not found: https://central.sonatype.com/repository/maven-snapshots/org/scalameta/mtags_2.12.7/1.6.3/mtags_2.12.7-1.6.3.pom
	at coursierapi.error.SimpleResolutionError.of(SimpleResolutionError.java:11)
	at coursierapi.shaded.coursier.internal.api.ApiHelper$.simpleResError(ApiHelper.scala:451)
	at coursierapi.shaded.coursier.internal.api.ApiHelper$.doFetch(ApiHelper.scala:495)
	at coursierapi.shaded.coursier.internal.api.ApiHelper.doFetch(ApiHelper.scala)
	at coursierapi.Fetch.fetchResult(Fetch.java:239)
	at coursierapi.Fetch.fetch(Fetch.java:234)
	at scala.meta.internal.metals.Embedded$.downloadDependency(Embedded.scala:432)
	at scala.meta.internal.metals.Embedded$.downloadMtags(Embedded.scala:482)
	at scala.meta.internal.metals.MtagsResolver$Default.$anonfun$resolve$3(MtagsResolver.scala:168)
	at scala.concurrent.Future$.$anonfun$apply$1(Future.scala:691)
	at scala.concurrent.impl.Promise$Transformation.run(Promise.scala:500)
	at java.util.concurrent.ThreadPoolExecutor.runWorker(ThreadPoolExecutor.java:1136)
	at java.util.concurrent.ThreadPoolExecutor$Worker.run(ThreadPoolExecutor.java:635)
	at java.lang.Thread.run(Thread.java:840)

2025.10.16 23:25:20 INFO  Found coursier in path under C:\Users\serg\.metals\cs.exe, using it to fetch dependency
2025.10.16 23:25:20 ERROR Downloading https://repo1.maven.org/maven2/org/scalameta/mtags_2.12.7/1.6.3/mtags_2.12.7-1.6.3.pom
2025.10.16 23:25:20 ERROR Downloaded https://repo1.maven.org/maven2/org/scalameta/mtags_2.12.7/1.6.3/mtags_2.12.7-1.6.3.pom
2025.10.16 23:25:20 ERROR Downloading https://repo1.maven.org/maven2/org/scalameta/mtags_2.12.7/1.6.3/mtags_2.12.7-1.6.3.pom.sha1
2025.10.16 23:25:20 ERROR Downloaded https://repo1.maven.org/maven2/org/scalameta/mtags_2.12.7/1.6.3/mtags_2.12.7-1.6.3.pom.sha1
2025.10.16 23:25:20 ERROR Resolution error: Error downloading org.scalameta:mtags_2.12.7:1.6.3
2025.10.16 23:25:20 ERROR   not found: C:\Users\serg\.ivy2\local\org.scalameta\mtags_2.12.7\1.6.3\ivys\ivy.xml
2025.10.16 23:25:20 ERROR   not found: https://repo1.maven.org/maven2/org/scalameta/mtags_2.12.7/1.6.3/mtags_2.12.7-1.6.3.pom
2025.10.16 23:25:21 ERROR Error downloading Dependency{module=Module(org.scalameta, mtags_2.12.7), version='1.6.3', exclusions=[], configuration='', publication=null, transitive=true, overrides={}}
coursierapi.error.SimpleResolutionError$1: Error downloading org.scalameta:mtags_2.12.7:1.6.3
  not found: C:\Users\serg\.ivy2\local\org.scalameta\mtags_2.12.7\1.6.3\ivys\ivy.xml
  not found: https://repo1.maven.org/maven2/org/scalameta/mtags_2.12.7/1.6.3/mtags_2.12.7-1.6.3.pom
  not found: C:\Users\serg\.m2\repository\org\scalameta\mtags_2.12.7\1.6.3\mtags_2.12.7-1.6.3.pom
  not found: https://central.sonatype.com/repository/maven-snapshots/org/scalameta/mtags_2.12.7/1.6.3/mtags_2.12.7-1.6.3.pom
	at coursierapi.error.SimpleResolutionError.of(SimpleResolutionError.java:11)
	at coursierapi.shaded.coursier.internal.api.ApiHelper$.simpleResError(ApiHelper.scala:451)
	at coursierapi.shaded.coursier.internal.api.ApiHelper$.doFetch(ApiHelper.scala:495)
	at coursierapi.shaded.coursier.internal.api.ApiHelper.doFetch(ApiHelper.scala)
	at coursierapi.Fetch.fetchResult(Fetch.java:239)
	at coursierapi.Fetch.fetch(Fetch.java:234)
	at scala.meta.internal.metals.Embedded$.downloadDependency(Embedded.scala:432)
	at scala.meta.internal.metals.Embedded$.downloadMtags(Embedded.scala:482)
	at scala.meta.internal.metals.MtagsResolver$Default.$anonfun$resolve$3(MtagsResolver.scala:168)
	at scala.concurrent.Future$.$anonfun$apply$1(Future.scala:691)
	at scala.concurrent.impl.Promise$Transformation.run(Promise.scala:500)
	at java.util.concurrent.ThreadPoolExecutor.runWorker(ThreadPoolExecutor.java:1136)
	at java.util.concurrent.ThreadPoolExecutor$Worker.run(ThreadPoolExecutor.java:635)
	at java.lang.Thread.run(Thread.java:840)

2025.10.16 23:25:21 INFO  Found coursier in path under C:\Users\serg\.metals\cs.exe, using it to fetch dependency
2025.10.16 23:25:21 ERROR Downloading https://repo1.maven.org/maven2/org/scalameta/mtags_2.12.7/1.6.3/mtags_2.12.7-1.6.3.pom
2025.10.16 23:25:21 ERROR Downloaded https://repo1.maven.org/maven2/org/scalameta/mtags_2.12.7/1.6.3/mtags_2.12.7-1.6.3.pom
2025.10.16 23:25:21 ERROR Downloading https://repo1.maven.org/maven2/org/scalameta/mtags_2.12.7/1.6.3/mtags_2.12.7-1.6.3.pom.sha1
2025.10.16 23:25:21 ERROR Downloaded https://repo1.maven.org/maven2/org/scalameta/mtags_2.12.7/1.6.3/mtags_2.12.7-1.6.3.pom.sha1
2025.10.16 23:25:21 ERROR Resolution error: Error downloading org.scalameta:mtags_2.12.7:1.6.3
2025.10.16 23:25:21 ERROR   not found: C:\Users\serg\.ivy2\local\org.scalameta\mtags_2.12.7\1.6.3\ivys\ivy.xml
2025.10.16 23:25:21 ERROR   not found: https://repo1.maven.org/maven2/org/scalameta/mtags_2.12.7/1.6.3/mtags_2.12.7-1.6.3.pom
2025.10.16 23:25:22 ERROR Error downloading Dependency{module=Module(org.scalameta, mtags_2.12.7), version='1.6.3', exclusions=[], configuration='', publication=null, transitive=true, overrides={}}
coursierapi.error.SimpleResolutionError$1: Error downloading org.scalameta:mtags_2.12.7:1.6.3
  not found: C:\Users\serg\.ivy2\local\org.scalameta\mtags_2.12.7\1.6.3\ivys\ivy.xml
  not found: https://repo1.maven.org/maven2/org/scalameta/mtags_2.12.7/1.6.3/mtags_2.12.7-1.6.3.pom
  not found: C:\Users\serg\.m2\repository\org\scalameta\mtags_2.12.7\1.6.3\mtags_2.12.7-1.6.3.pom
  not found: https://central.sonatype.com/repository/maven-snapshots/org/scalameta/mtags_2.12.7/1.6.3/mtags_2.12.7-1.6.3.pom
	at coursierapi.error.SimpleResolutionError.of(SimpleResolutionError.java:11)
	at coursierapi.shaded.coursier.internal.api.ApiHelper$.simpleResError(ApiHelper.scala:451)
	at coursierapi.shaded.coursier.internal.api.ApiHelper$.doFetch(ApiHelper.scala:495)
	at coursierapi.shaded.coursier.internal.api.ApiHelper.doFetch(ApiHelper.scala)
	at coursierapi.Fetch.fetchResult(Fetch.java:239)
	at coursierapi.Fetch.fetch(Fetch.java:234)
	at scala.meta.internal.metals.Embedded$.downloadDependency(Embedded.scala:432)
	at scala.meta.internal.metals.Embedded$.downloadMtags(Embedded.scala:482)
	at scala.meta.internal.metals.MtagsResolver$Default.$anonfun$resolve$3(MtagsResolver.scala:168)
	at scala.concurrent.Future$.$anonfun$apply$1(Future.scala:691)
	at scala.concurrent.impl.Promise$Transformation.run(Promise.scala:500)
	at java.util.concurrent.ThreadPoolExecutor.runWorker(ThreadPoolExecutor.java:1136)
	at java.util.concurrent.ThreadPoolExecutor$Worker.run(ThreadPoolExecutor.java:635)
	at java.lang.Thread.run(Thread.java:840)

2025.10.16 23:25:22 INFO  Found coursier in path under C:\Users\serg\.metals\cs.exe, using it to fetch dependency
2025.10.16 23:25:22 ERROR Downloading https://repo1.maven.org/maven2/org/scalameta/mtags_2.12.7/1.6.3/mtags_2.12.7-1.6.3.pom
2025.10.16 23:25:22 ERROR Downloaded https://repo1.maven.org/maven2/org/scalameta/mtags_2.12.7/1.6.3/mtags_2.12.7-1.6.3.pom
2025.10.16 23:25:22 ERROR Downloading https://repo1.maven.org/maven2/org/scalameta/mtags_2.12.7/1.6.3/mtags_2.12.7-1.6.3.pom.sha1
2025.10.16 23:25:22 ERROR Downloaded https://repo1.maven.org/maven2/org/scalameta/mtags_2.12.7/1.6.3/mtags_2.12.7-1.6.3.pom.sha1
2025.10.16 23:25:22 ERROR Resolution error: Error downloading org.scalameta:mtags_2.12.7:1.6.3
2025.10.16 23:25:22 ERROR   not found: C:\Users\serg\.ivy2\local\org.scalameta\mtags_2.12.7\1.6.3\ivys\ivy.xml
2025.10.16 23:25:22 ERROR   not found: https://repo1.maven.org/maven2/org/scalameta/mtags_2.12.7/1.6.3/mtags_2.12.7-1.6.3.pom
2025.10.16 23:25:22 ERROR Failed to resolve mtags for 2.12.7
coursierapi.error.SimpleResolutionError$1: Error downloading org.scalameta:mtags_2.12.7:1.6.3
  not found: C:\Users\serg\.ivy2\local\org.scalameta\mtags_2.12.7\1.6.3\ivys\ivy.xml
  not found: https://repo1.maven.org/maven2/org/scalameta/mtags_2.12.7/1.6.3/mtags_2.12.7-1.6.3.pom
  not found: C:\Users\serg\.m2\repository\org\scalameta\mtags_2.12.7\1.6.3\mtags_2.12.7-1.6.3.pom
  not found: https://central.sonatype.com/repository/maven-snapshots/org/scalameta/mtags_2.12.7/1.6.3/mtags_2.12.7-1.6.3.pom
	at coursierapi.error.SimpleResolutionError.of(SimpleResolutionError.java:11)
	at coursierapi.shaded.coursier.internal.api.ApiHelper$.simpleResError(ApiHelper.scala:451)
	at coursierapi.shaded.coursier.internal.api.ApiHelper$.doFetch(ApiHelper.scala:495)
	at coursierapi.shaded.coursier.internal.api.ApiHelper.doFetch(ApiHelper.scala)
	at coursierapi.Fetch.fetchResult(Fetch.java:239)
	at coursierapi.Fetch.fetch(Fetch.java:234)
	at scala.meta.internal.metals.Embedded$.downloadDependency(Embedded.scala:432)
	at scala.meta.internal.metals.Embedded$.downloadMtags(Embedded.scala:482)
	at scala.meta.internal.metals.MtagsResolver$Default.$anonfun$resolve$3(MtagsResolver.scala:168)
	at scala.concurrent.Future$.$anonfun$apply$1(Future.scala:691)
	at scala.concurrent.impl.Promise$Transformation.run(Promise.scala:500)
	at java.util.concurrent.ThreadPoolExecutor.runWorker(ThreadPoolExecutor.java:1136)
	at java.util.concurrent.ThreadPoolExecutor$Worker.run(ThreadPoolExecutor.java:635)
	at java.lang.Thread.run(Thread.java:840)

2025.10.16 23:25:22 WARN  unsupported Scala 2.12.7
окт. 16, 2025 11:25:22 PM org.eclipse.lsp4j.jsonrpc.RemoteEndpoint handleCancellation
WARNING: Unmatched cancel notification for request id 957
2025.10.16 23:25:22 WARN  unsupported Scala 2.12.7
окт. 16, 2025 11:25:22 PM org.eclipse.lsp4j.jsonrpc.RemoteEndpoint handleCancellation
WARNING: Unmatched cancel notification for request id 958
2025.10.16 23:26:43 INFO  Shutting down server
2025.10.16 23:26:43 INFO  shutting down Metals
2025.10.16 23:26:43 INFO  Shut down connection with build server.
2025.10.16 23:26:43 INFO  Shut down connection with build server.
2025.10.16 23:26:43 INFO  Shut down connection with build server.
2025.10.16 23:26:43 INFO  Exiting server
