version 2
JvmtiExport can_access_local_variables 0
JvmtiExport can_hotswap_or_post_breakpoint 1
JvmtiExport can_post_on_exceptions 0
# 834 ciObject found
instanceKlass org/example/http/HttpServerImpl
ciInstanceKlass java/lang/Cloneable 1 0 7 100 1 100 1 1 1
instanceKlass jdk/internal/math/FloatingDecimal$ASCIIToBinaryBuffer
instanceKlass jdk/internal/math/FloatingDecimal$PreparedASCIIToBinaryBuffer
instanceKlass jdk/internal/math/FloatingDecimal$ASCIIToBinaryConverter
instanceKlass jdk/internal/math/FloatingDecimal$BinaryToASCIIBuffer
instanceKlass jdk/internal/math/FloatingDecimal$ExceptionalBinaryToASCIIBuffer
instanceKlass jdk/internal/math/FloatingDecimal$BinaryToASCIIConverter
instanceKlass jdk/internal/math/FloatingDecimal
instanceKlass com/google/gson/internal/LinkedTreeMap$LinkedTreeMapIterator
instanceKlass  @bci java/util/regex/Pattern Range (II)Ljava/util/regex/Pattern$CharPredicate; 23 <appendix> member <vmtarget> ; # java/util/regex/Pattern$$Lambda+0x80000002c
instanceKlass com/google/gson/internal/Streams
instanceKlass com/google/gson/internal/Primitives
instanceKlass com/google/gson/internal/LinkedTreeMap$Node
instanceKlass com/google/gson/internal/LinkedTreeMap$1
instanceKlass com/google/gson/internal/bind/TypeAdapters$42
# instanceKlass java/io/Reader$2$$TypeSwitch+0x000001a715065950
# instanceKlass jdk/internal/classfile/impl/ClassFileImpl$$Lambda+0x000001a715065700
instanceKlass  @bci java/io/Reader$2 read ([CII)I 71 <appendix> member <vmtarget> ; # java/io/Reader$2$$TypeSwitch+0x000001a7150654e8
instanceKlass java/lang/classfile/MethodModel
instanceKlass java/lang/classfile/FieldModel
instanceKlass  @bci jdk/internal/classfile/impl/ClassFileImpl attributeMapper ()Ljava/util/function/Function; 7 <appendix> argL0 ; # jdk/internal/classfile/impl/ClassFileImpl$$Lambda+0x80000004f
instanceKlass java/lang/classfile/ClassModel
instanceKlass java/lang/classfile/AttributedElement
instanceKlass java/lang/classfile/CompoundElement
# instanceKlass java/lang/runtime/SwitchBootstraps$$Lambda+0x000001a715063e50
instanceKlass java/util/Arrays$ArrayItr
instanceKlass java/lang/classfile/instruction/SwitchCase
instanceKlass  @bci java/lang/runtime/SwitchBootstraps generateTypeSwitchSkeleton (Ljava/lang/Class;[Ljava/lang/Object;Ljava/util/List;Ljava/util/List;)Ljava/util/function/Consumer; 24 <appendix> member <vmtarget> ; # java/lang/runtime/SwitchBootstraps$$Lambda+0x800000017
instanceKlass java/lang/classfile/AccessFlags
instanceKlass java/lang/reflect/AccessFlag$18
instanceKlass java/lang/reflect/AccessFlag$17
instanceKlass java/lang/reflect/AccessFlag$16
instanceKlass java/lang/reflect/AccessFlag$15
instanceKlass java/lang/reflect/AccessFlag$14
instanceKlass java/lang/reflect/AccessFlag$13
instanceKlass java/lang/reflect/AccessFlag$12
instanceKlass java/lang/reflect/AccessFlag$11
instanceKlass java/lang/reflect/AccessFlag$10
instanceKlass java/lang/reflect/AccessFlag$9
instanceKlass java/lang/reflect/AccessFlag$8
instanceKlass java/lang/reflect/AccessFlag$7
instanceKlass java/lang/reflect/AccessFlag$6
# instanceKlass java/lang/runtime/SwitchBootstraps$$Lambda+0x000001a7150637f8
instanceKlass java/lang/reflect/AccessFlag$5
instanceKlass java/lang/reflect/AccessFlag$4
instanceKlass java/lang/reflect/AccessFlag$3
instanceKlass java/lang/reflect/AccessFlag$2
instanceKlass java/lang/reflect/AccessFlag$1
instanceKlass  @bci java/lang/runtime/SwitchBootstraps generateTypeSwitch (Ljava/lang/invoke/MethodHandles$Lookup;Ljava/lang/Class;[Ljava/lang/Object;)Ljava/lang/invoke/MethodHandle; 60 <appendix> member <vmtarget> ; # java/lang/runtime/SwitchBootstraps$$Lambda+0x800000019
instanceKlass java/lang/invoke/DirectMethodHandle$1
instanceKlass java/util/function/BiPredicate
instanceKlass java/lang/runtime/SwitchBootstraps
instanceKlass com/google/gson/internal/JsonReaderInternalAccess
instanceKlass java/lang/reflect/WildcardType
instanceKlass java/lang/reflect/GenericArrayType
instanceKlass java/lang/reflect/ParameterizedType
instanceKlass com/google/gson/internal/$Gson$Types
instanceKlass com/google/gson/reflect/TypeToken
instanceKlass sun/util/resources/Bundles$CacheKeyReference
instanceKlass java/util/ResourceBundle$ResourceBundleProviderHelper
instanceKlass  @bci java/util/ResourceBundle$Control getCandidateLocales (Ljava/lang/String;Ljava/util/Locale;)Ljava/util/List; 23 <appendix> argL0 ; # java/util/ResourceBundle$Control$$Lambda+0x80000001e
instanceKlass  @bci sun/util/cldr/CLDRLocaleProviderAdapter applyAliases (Ljava/util/Locale;)Ljava/util/Locale; 4 <appendix> argL0 ; # sun/util/cldr/CLDRLocaleProviderAdapter$$Lambda+0x80000005f
instanceKlass sun/util/resources/LocaleData$LocaleDataResourceBundleProvider
instanceKlass java/util/spi/ResourceBundleProvider
instanceKlass sun/util/resources/Bundles$CacheKey
instanceKlass java/util/ResourceBundle$1
instanceKlass jdk/internal/access/JavaUtilResourceBundleAccess
instanceKlass sun/util/resources/Bundles
instanceKlass sun/util/resources/LocaleData$LocaleDataStrategy
instanceKlass sun/util/resources/Bundles$Strategy
instanceKlass  @bci java/util/ResourceBundle$Control <clinit> ()V 39 <appendix> argL0 ; # java/util/ResourceBundle$Control$$Lambda+0x80000001f
instanceKlass java/util/ResourceBundle
instanceKlass java/util/ResourceBundle$Control
instanceKlass sun/util/resources/LocaleData
instanceKlass java/util/regex/ASCII
instanceKlass sun/util/locale/provider/LocaleResources
instanceKlass java/util/Locale$Builder
instanceKlass sun/util/locale/provider/CalendarDataUtility
instanceKlass  @bci java/util/regex/Pattern Single (I)Ljava/util/regex/Pattern$BmpCharPredicate; 1 <appendix> member <vmtarget> ; # java/util/regex/Pattern$$Lambda+0x80000002b
instanceKlass sun/util/locale/provider/AvailableLanguageTags
instanceKlass java/util/ServiceLoader$ProviderImpl
instanceKlass java/util/ServiceLoader$Provider
instanceKlass sun/util/resources/cldr/provider/CLDRLocaleDataMetaInfo
instanceKlass java/util/concurrent/CopyOnWriteArrayList$COWIterator
instanceKlass sun/util/locale/InternalLocaleBuilder$CaseInsensitiveChar
instanceKlass sun/util/locale/InternalLocaleBuilder
instanceKlass sun/util/locale/StringTokenIterator
instanceKlass sun/util/locale/ParseStatus
instanceKlass sun/util/locale/LanguageTag
instanceKlass sun/util/cldr/CLDRBaseLocaleDataMetaInfo
instanceKlass sun/util/locale/provider/LocaleDataMetaInfo
instanceKlass sun/util/locale/provider/ResourceBundleBasedAdapter
instanceKlass sun/util/locale/provider/LocaleProviderAdapter
instanceKlass java/util/spi/LocaleServiceProvider
instanceKlass java/text/DecimalFormatSymbols
instanceKlass jdk/internal/math/FormattedFPDecimal
instanceKlass java/util/Formatter$FormatSpecifier
instanceKlass java/util/Formatter$FormatString
instanceKlass java/util/Formatter$Flags
instanceKlass java/util/Formatter$FormatSpecifierParser
instanceKlass java/util/Formatter$Conversion
instanceKlass java/util/Formatter
instanceKlass jdk/internal/foreign/MemorySessionImpl
instanceKlass java/lang/foreign/MemorySegment$Scope
instanceKlass java/lang/foreign/MemorySegment
instanceKlass  @bci sun/nio/ch/Poller$Pollers lambda$start$6 (Lsun/nio/ch/Poller;)V 9 <appendix> member <vmtarget> ; # sun/nio/ch/Poller$Pollers$$Lambda+0x000001a715061358
instanceKlass  @bci sun/nio/ch/Poller$Pollers start ()V 136 <appendix> member <vmtarget> ; # sun/nio/ch/Poller$Pollers$$Lambda+0x000001a715061110
instanceKlass  @bci sun/nio/ch/Poller$Pollers startPlatformThread (Ljava/lang/String;Ljava/lang/Runnable;)V 12 <appendix> argL0 ; # sun/nio/ch/Poller$Pollers$$Lambda+0x000001a715060ee0
instanceKlass  @bci sun/nio/ch/Poller$Pollers lambda$start$5 (Lsun/nio/ch/Poller;)V 9 <appendix> member <vmtarget> ; # sun/nio/ch/Poller$Pollers$$Lambda+0x000001a715060ca8
instanceKlass  @bci sun/nio/ch/Poller$Pollers start ()V 118 <appendix> member <vmtarget> ; # sun/nio/ch/Poller$Pollers$$Lambda+0x000001a715060a60
instanceKlass sun/nio/ch/WEPoll
instanceKlass sun/nio/ch/PollerProvider
instanceKlass sun/nio/ch/Poller$Pollers
instanceKlass sun/nio/ch/Poller
instanceKlass  @bci sun/nio/ch/SelChImpl park (IJ)V 18 <appendix> member <vmtarget> ; # sun/nio/ch/SelChImpl$$Lambda+0x000001a71505f890
instanceKlass java/lang/classfile/constantpool/InterfaceMethodRefEntry
instanceKlass  @cpi sun/nio/ch/SelChImpl 88 form vmentry <vmtarget> ; # java/lang/invoke/LambdaForm$DMH+0x000001a71501bc00
instanceKlass java/util/function/BooleanSupplier
instanceKlass jdk/internal/math/MathUtils
instanceKlass jdk/internal/math/ToDecimal
instanceKlass java/util/OptionalDouble
instanceKlass java/util/stream/Sink$ChainedReference
instanceKlass java/util/stream/ReduceOps$Box
instanceKlass java/util/stream/Sink$OfLong
instanceKlass java/util/function/LongConsumer
instanceKlass java/util/stream/ReduceOps$AccumulatingSink
instanceKlass java/util/stream/TerminalSink
instanceKlass java/util/stream/ReduceOps$ReduceOp
instanceKlass java/util/stream/TerminalOp
instanceKlass java/util/stream/ReduceOps
instanceKlass  @bci java/util/stream/LongPipeline collect (Ljava/util/function/Supplier;Ljava/util/function/ObjLongConsumer;Ljava/util/function/BiConsumer;)Ljava/lang/Object; 6 <appendix> member <vmtarget> ; # java/util/stream/LongPipeline$$Lambda+0x000001a71505eb38
instanceKlass java/util/function/BinaryOperator
instanceKlass  @bci java/util/stream/LongPipeline average ()Ljava/util/OptionalDouble; 11 <appendix> argL0 ; # java/util/stream/LongPipeline$$Lambda+0x000001a71505e8f8
instanceKlass java/util/function/BiConsumer
instanceKlass  @bci java/util/stream/LongPipeline average ()Ljava/util/OptionalDouble; 6 <appendix> argL0 ; # java/util/stream/LongPipeline$$Lambda+0x000001a71505e6c8
instanceKlass  @cpi java/util/stream/LongPipeline 596 form vmentry <vmtarget> ; # java/lang/invoke/LambdaForm$DMH+0x000001a71501b800
instanceKlass java/util/function/ObjLongConsumer
instanceKlass  @bci java/util/stream/LongPipeline average ()Ljava/util/OptionalDouble; 1 <appendix> argL0 ; # java/util/stream/LongPipeline$$Lambda+0x000001a71505e498
instanceKlass java/util/stream/LongStream
instanceKlass  @bci org/example/loadtest/LoadTestRunner run (Lorg/example/loadtest/Config;Ljava/lang/String;II)D 183 <appendix> argL0 ; # org/example/loadtest/LoadTestRunner$$Lambda+0x000001a71501d190
instanceKlass  @cpi org/example/loadtest/LoadTestRunner 352 form vmentry <vmtarget> ; # java/lang/invoke/LambdaForm$DMH+0x000001a71501b400
instanceKlass java/util/function/ToLongFunction
instanceKlass java/util/ArrayList$ArrayListSpliterator
instanceKlass java/util/IdentityHashMap$IdentityHashMapIterator
instanceKlass sun/nio/ch/ExtendedSocketOption$1
instanceKlass sun/nio/ch/ExtendedSocketOption
instanceKlass sun/nio/ch/OptionKey
instanceKlass sun/nio/ch/SocketOptionRegistry$LazyInitialization
instanceKlass sun/nio/ch/SocketOptionRegistry$RegistryKey
instanceKlass sun/nio/ch/SocketOptionRegistry
instanceKlass java/net/NetworkInterface
instanceKlass java/net/StandardSocketOptions$StdSocketOption
instanceKlass java/net/StandardSocketOptions
instanceKlass java/util/LinkedHashMap$LinkedHashIterator
instanceKlass org/example/json/JsonSerializer
instanceKlass sun/nio/fs/WindowsChannelFactory$2
instanceKlass  @bci org/example/loadtest/ServerApp handleRequest1 (Ljava/lang/String;Z)Lorg/example/http/HttpResponse; 83 <appendix> form vmentry <vmtarget> ; # java/lang/invoke/LambdaForm$MH+0x000001a71501ac00
# instanceKlass java/lang/invoke/LambdaForm$MH+0x000001a71501b000
instanceKlass org/example/json/JsonParser$1
instanceKlass org/example/json/JsonTokenizer
instanceKlass org/example/json/JsonParser
instanceKlass org/example/json/Json
instanceKlass sun/nio/cs/ThreadLocalCoders$Cache
instanceKlass sun/nio/cs/ThreadLocalCoders
instanceKlass java/util/concurrent/ForkJoinTask$Aux
instanceKlass  @bci java/lang/VirtualThread <init> (Ljava/util/concurrent/Executor;Ljava/lang/String;ILjava/lang/Runnable;)V 71 <appendix> member <vmtarget> ; # java/lang/VirtualThread$$Lambda+0x000001a71505abb0
instanceKlass java/lang/VirtualThread$VThreadContinuation$1
instanceKlass  @bci java/lang/VirtualThread <clinit> ()V 127 <appendix> argL0 ; # java/lang/VirtualThread$$Lambda+0x000001a71505a4c8
instanceKlass  @cpi java/lang/VirtualThread 968 form vmentry <vmtarget> ; # java/lang/invoke/LambdaForm$DMH+0x000001a71501a000
instanceKlass java/util/concurrent/RunnableScheduledFuture
instanceKlass java/util/concurrent/ScheduledFuture
instanceKlass java/util/concurrent/Delayed
instanceKlass  @bci java/lang/VirtualThread createDelayedTaskSchedulers ()[Ljava/util/concurrent/ScheduledExecutorService; 93 <appendix> argL0 ; # java/lang/VirtualThread$$Lambda+0x000001a715058d78
instanceKlass java/util/concurrent/ScheduledExecutorService
instanceKlass  @bci java/lang/VirtualThread createDefaultScheduler ()Ljava/util/concurrent/ForkJoinPool; 124 <appendix> argL0 ; # java/lang/VirtualThread$$Lambda+0x000001a715058500
instanceKlass  @cpi java/lang/VirtualThread 960 form vmentry <vmtarget> ; # java/lang/invoke/LambdaForm$DMH+0x000001a715019c00
instanceKlass java/util/concurrent/ForkJoinPool$DefaultForkJoinWorkerThreadFactory
instanceKlass java/util/concurrent/ForkJoinPool$1
instanceKlass jdk/internal/access/JavaUtilConcurrentFJPAccess
instanceKlass java/util/concurrent/ForkJoinTask
instanceKlass java/util/concurrent/ForkJoinPool$WorkQueue
instanceKlass java/util/function/Predicate
instanceKlass java/security/Permission
instanceKlass java/security/Guard
instanceKlass  @bci java/lang/VirtualThread createDefaultScheduler ()Ljava/util/concurrent/ForkJoinPool; 101 <appendix> argL0 ; # java/lang/VirtualThread$$Lambda+0x000001a715057cb8
instanceKlass  @cpi java/lang/VirtualThread 956 form vmentry <vmtarget> ; # java/lang/invoke/LambdaForm$DMH+0x000001a715019800
instanceKlass  @cpi sun/nio/ch/Poller$Pollers 336 form vmentry <vmtarget> ; # java/lang/invoke/LambdaForm$DMH+0x000001a715019400
instanceKlass  @bci java/lang/VirtualThread createDefaultScheduler ()Ljava/util/concurrent/ForkJoinPool; 0 <appendix> argL0 ; # java/lang/VirtualThread$$Lambda+0x000001a715057a88
instanceKlass java/util/concurrent/ForkJoinPool$ForkJoinWorkerThreadFactory
instanceKlass java/util/concurrent/Executors$RunnableAdapter
instanceKlass  @bci org/example/http/HttpServerImpl acceptLoop ()V 25 <appendix> member <vmtarget> ; # org/example/http/HttpServerImpl$$Lambda+0x000001a715013a38
instanceKlass  @cpi sun/nio/ch/Poller$Pollers 330 form vmentry <vmtarget> ; # java/lang/invoke/LambdaForm$DMH+0x000001a715019000
instanceKlass sun/net/spi/DefaultProxySelector$NonProxyInfo
instanceKlass sun/net/NetProperties
instanceKlass java/net/Proxy
instanceKlass java/net/ProxySelector
# instanceKlass sun/nio/ch/NioSocketImpl$$Lambda+0x000001a7150547e8
instanceKlass  @bci sun/nio/ch/NioSocketImpl closerFor (Ljava/io/FileDescriptor;Z)Ljava/lang/Runnable; 5 <appendix> member <vmtarget> ; # sun/nio/ch/NioSocketImpl$$Lambda+0x000001a7150545b0
instanceKlass  @cpi sun/nio/ch/NioSocketImpl 902 form vmentry <vmtarget> ; # java/lang/invoke/LambdaForm$DMH+0x000001a715018800
# instanceKlass java/lang/invoke/LambdaForm$DMH+0x000001a715018c00
instanceKlass java/net/SocksConsts
instanceKlass sun/net/PlatformSocketImpl
instanceKlass java/net/SocketImpl
instanceKlass java/net/SocketOptions
instanceKlass jdk/internal/util/random/RandomSupport
instanceKlass java/util/Random
instanceKlass java/util/random/RandomGenerator
instanceKlass java/net/InetAddress$CachedLookup
instanceKlass java/security/Security$2
instanceKlass jdk/internal/access/JavaSecurityPropertiesAccess
instanceKlass java/util/concurrent/ConcurrentHashMap$MapEntry
instanceKlass sun/nio/ch/IOStatus
instanceKlass sun/nio/ch/Util$BufferCache
instanceKlass sun/nio/ch/Util
instanceKlass java/util/Properties$LineReader
instanceKlass sun/nio/ch/Streams
instanceKlass java/nio/channels/Channels
instanceKlass sun/nio/ch/FileChannelImpl$Closer
instanceKlass sun/nio/ch/NativeThreadSet
instanceKlass java/nio/channels/ScatteringByteChannel
instanceKlass java/nio/channels/GatheringByteChannel
instanceKlass java/nio/channels/SeekableByteChannel
instanceKlass java/nio/channels/ByteChannel
instanceKlass java/nio/channels/WritableByteChannel
instanceKlass java/nio/channels/ReadableByteChannel
instanceKlass java/util/Collections$EmptyIterator
instanceKlass sun/nio/fs/WindowsChannelFactory$Flags
instanceKlass sun/nio/fs/WindowsChannelFactory$1
instanceKlass sun/nio/fs/WindowsChannelFactory
instanceKlass sun/nio/fs/WindowsSecurityDescriptor
instanceKlass java/nio/file/attribute/FileAttribute
instanceKlass sun/nio/fs/WindowsLinkSupport
instanceKlass java/security/Security$SecPropLoader
instanceKlass java/security/Security
instanceKlass sun/net/InetAddressCachePolicy
instanceKlass java/util/stream/Nodes$ArrayNode
instanceKlass java/util/stream/Node$Builder
instanceKlass java/util/stream/Sink
instanceKlass java/util/stream/Node$OfDouble
instanceKlass java/util/stream/Node$OfLong
instanceKlass java/util/stream/Node$OfInt
instanceKlass java/util/stream/Node$OfPrimitive
instanceKlass java/util/stream/Nodes$EmptyNode
instanceKlass java/util/stream/Node
instanceKlass java/util/stream/Nodes
instanceKlass  @bci java/net/InetAddress getAddressesFromNameService (Ljava/lang/String;)[Ljava/net/InetAddress; 94 <appendix> argL0 ; # java/net/InetAddress$$Lambda+0x000001a71504edc8
instanceKlass java/util/function/IntFunction
instanceKlass  @bci java/net/InetAddress loadResolver ()Ljava/net/spi/InetAddressResolver; 8 <appendix> argL0 ; # java/net/InetAddress$$Lambda+0x000001a71504eb78
instanceKlass java/net/spi/InetAddressResolverProvider
instanceKlass java/net/InetAddress$NameServiceAddresses
instanceKlass java/net/InetAddress$Addresses
instanceKlass java/util/concurrent/ConcurrentSkipListMap$Iter
instanceKlass java/net/Socket
instanceKlass java/lang/invoke/VarHandle$AccessDescriptor
instanceKlass java/util/concurrent/ForkJoinPool$ManagedBlocker
instanceKlass java/util/concurrent/locks/AbstractQueuedSynchronizer$Node
instanceKlass java/util/concurrent/FutureTask$WaitNode
instanceKlass java/util/concurrent/FutureTask
instanceKlass java/util/concurrent/RunnableFuture
instanceKlass java/util/concurrent/Future
instanceKlass  @bci org/example/loadtest/LoadTestRunner run (Lorg/example/loadtest/Config;Ljava/lang/String;II)D 62 <adapter> ; # java/lang/invoke/LambdaForm$MH+0x000001a715018400
# instanceKlass java/lang/invoke/LambdaForm$DMH+0x000001a715018000
instanceKlass  @bci org/example/loadtest/LoadTestRunner run (Lorg/example/loadtest/Config;Ljava/lang/String;II)D 62 <appendix> form vmentry <vmtarget> ; # java/lang/invoke/LambdaForm$DMH+0x000001a715013400
instanceKlass  @bci org/example/loadtest/LoadTestRunner run (Lorg/example/loadtest/Config;Ljava/lang/String;II)D 62 <appendix> member <vmtarget> ; # org/example/loadtest/LoadTestRunner$$Lambda+0x000001a715013800
instanceKlass  @cpi org/example/loadtest/LoadTestRunner 345 form vmentry <vmtarget> ; # java/lang/invoke/LambdaForm$DMH+0x000001a715013000
instanceKlass java/util/concurrent/Callable
instanceKlass java/util/concurrent/Executors$DefaultThreadFactory
instanceKlass java/util/concurrent/LinkedBlockingQueue$Node
instanceKlass java/util/concurrent/locks/AbstractQueuedSynchronizer$ConditionObject
instanceKlass java/util/concurrent/locks/Condition
instanceKlass java/util/concurrent/BlockingQueue
instanceKlass java/util/concurrent/ThreadPoolExecutor$AbortPolicy
instanceKlass java/util/concurrent/RejectedExecutionHandler
instanceKlass java/util/concurrent/AbstractExecutorService
instanceKlass  @bci org/example/loadtest/LoadTestRunner buildHttpRequest (ILjava/lang/String;Ljava/lang/String;)[B 11 <adapter> ; # java/lang/invoke/LambdaForm$MH+0x000001a715012c00
instanceKlass  @bci org/example/loadtest/LoadTestRunner buildHttpRequest (ILjava/lang/String;Ljava/lang/String;)[B 11 <appendix> form vmentry <vmtarget> ; # java/lang/invoke/LambdaForm$MH+0x000001a715012800
# instanceKlass java/lang/invoke/LambdaForm$BMH+0x000001a715012400
instanceKlass  @bci org/example/loadtest/LoadTestRunner buildHttpRequest (ILjava/lang/String;Ljava/lang/String;)[B 11 <appendix> form names 7 function resolvedHandle form vmentry <vmtarget> ; # java/lang/invoke/LambdaForm$DMH+0x000001a715012000
instanceKlass  @bci org/example/loadtest/LoadTestRunner buildHttpRequest (ILjava/lang/String;Ljava/lang/String;)[B 11 <appendix> argL0 form vmentry <vmtarget> ; # java/lang/invoke/LambdaForm$DMH+0x000001a715011c00
instanceKlass org/example/loadtest/LoadTestRunner
instanceKlass sun/nio/ch/NativeThread
instanceKlass jdk/internal/event/Event
instanceKlass  @bci org/example/http/HttpServerImpl start ()V 80 <appendix> member <vmtarget> ; # org/example/http/HttpServerImpl$$Lambda+0x000001a715017a20
instanceKlass java/lang/Thread$Builder$OfPlatform
instanceKlass jdk/internal/vm/ThreadContainers
instanceKlass java/util/concurrent/CountDownLatch
instanceKlass jdk/internal/vm/StackableScope
instanceKlass java/util/concurrent/ExecutorService
instanceKlass java/util/concurrent/Executor
instanceKlass jdk/internal/invoke/MhUtil
instanceKlass java/lang/ThreadBuilders$BaseThreadFactory
instanceKlass java/lang/ThreadBuilders
instanceKlass java/lang/ThreadBuilders$BaseThreadBuilder
instanceKlass java/lang/Thread$Builder$OfVirtual
instanceKlass java/lang/Thread$Builder
instanceKlass java/util/concurrent/Executors
instanceKlass sun/net/NetHooks
instanceKlass java/net/InetSocketAddress$InetSocketAddressHolder
instanceKlass java/nio/channels/spi/AbstractInterruptibleChannel$1
instanceKlass sun/nio/ch/Interruptible
instanceKlass java/util/Collections$UnmodifiableCollection$1
# instanceKlass java/lang/invoke/LambdaForm$DMH+0x000001a715011400
instanceKlass jdk/net/ExtendedSocketOptions$2
instanceKlass jdk/net/ExtendedSocketOptions$PlatformSocketOptions
instanceKlass jdk/net/ExtendedSocketOptions$ExtSocketOption
instanceKlass java/net/SocketOption
instanceKlass jdk/net/ExtendedSocketOptions
instanceKlass sun/net/ext/ExtendedSocketOptions
instanceKlass java/net/Inet6Address$Inet6AddressHolder
instanceKlass java/net/InetAddress$PlatformResolver
instanceKlass java/net/spi/InetAddressResolver
instanceKlass java/net/spi/InetAddressResolver$LookupPolicy
instanceKlass java/net/Inet4AddressImpl
instanceKlass java/net/Inet6AddressImpl
instanceKlass java/net/InetAddressImpl
instanceKlass java/util/concurrent/ConcurrentSkipListMap$Node
instanceKlass java/lang/invoke/VarForm
instanceKlass java/lang/invoke/VarHandleGuards
instanceKlass java/lang/invoke/VarHandles
instanceKlass java/util/concurrent/ConcurrentSkipListMap$Index
instanceKlass java/util/concurrent/ConcurrentNavigableMap
instanceKlass java/util/NavigableMap
instanceKlass java/util/SortedMap
instanceKlass java/util/NavigableSet
instanceKlass java/util/SortedSet
instanceKlass java/util/SequencedSet
instanceKlass java/net/InetAddress$InetAddressHolder
instanceKlass java/net/InetAddress$1
instanceKlass jdk/internal/access/JavaNetInetAddressAccess
instanceKlass sun/nio/ch/Net$1
instanceKlass java/net/ProtocolFamily
instanceKlass sun/nio/ch/Net
instanceKlass sun/nio/ch/IOUtil
instanceKlass sun/nio/ch/NativeDispatcher
instanceKlass sun/nio/ch/SelChImpl
instanceKlass sun/nio/ch/DefaultSelectorProvider
instanceKlass jdk/internal/loader/URLClassPath$1
instanceKlass java/lang/CompoundEnumeration
instanceKlass jdk/internal/loader/BuiltinClassLoader$1
instanceKlass java/util/Collections$EmptyEnumeration
instanceKlass jdk/internal/module/Resources
instanceKlass java/util/ServiceLoader$2
instanceKlass java/util/ServiceLoader$1
instanceKlass java/util/ServiceLoader$LazyClassPathLookupIterator
instanceKlass java/util/ImmutableCollections$SetN$SetNIterator
instanceKlass java/util/ImmutableCollections$Set12$1
instanceKlass java/util/Spliterators$1Adapter
# instanceKlass java/lang/invoke/LambdaForm$MH+0x000001a715011000
instanceKlass jdk/internal/reflect/MethodHandleAccessorFactory$LazyStaticHolder
instanceKlass sun/reflect/annotation/AnnotationParser
instanceKlass java/util/EnumMap$1
instanceKlass java/util/stream/StreamOpFlag$MaskBuilder
instanceKlass java/util/stream/Stream
instanceKlass java/util/stream/BaseStream
instanceKlass java/util/stream/PipelineHelper
instanceKlass java/util/stream/StreamSupport
instanceKlass java/util/Spliterators$ArraySpliterator
instanceKlass java/util/Spliterator
instanceKlass java/util/Spliterators
instanceKlass jdk/internal/loader/AbstractClassLoaderValue$Memoizer
instanceKlass java/util/ServiceLoader$ModuleServicesLookupIterator
instanceKlass java/util/ServiceLoader
instanceKlass java/nio/channels/spi/SelectorProvider$Holder
instanceKlass java/nio/channels/spi/SelectorProvider
instanceKlass java/nio/channels/spi/AbstractInterruptibleChannel
instanceKlass java/nio/channels/InterruptibleChannel
instanceKlass java/nio/channels/NetworkChannel
instanceKlass java/nio/channels/Channel
instanceKlass java/net/SocketAddress
instanceKlass org/example/http/HttpServerImpl
instanceKlass  @bci org/example/loadtest/ServerApp buildServer (Lorg/example/loadtest/Config;)Lorg/example/http/HttpServer; 44 <appendix> member <vmtarget> ; # org/example/loadtest/ServerApp$$Lambda+0x000001a7150175b8
instanceKlass  @bci org/example/http/HttpServer$Builder route (Ljava/lang/String;Lorg/example/http/HttpMethod;Lorg/example/http/HttpHandler;)Lorg/example/http/HttpServer$Builder; 5 <appendix> argL0 ; # org/example/http/HttpServer$Builder$$Lambda+0x000001a715017368
instanceKlass  @bci org/example/loadtest/ServerApp buildServer (Lorg/example/loadtest/Config;)Lorg/example/http/HttpServer; 30 <appendix> member <vmtarget> ; # org/example/loadtest/ServerApp$$Lambda+0x000001a715017130
instanceKlass org/example/http/HttpResponse
instanceKlass org/example/http/HttpRequest
instanceKlass org/example/http/HttpHandler
instanceKlass org/example/http/HttpServer$Builder
instanceKlass org/example/http/HttpServer
instanceKlass java/util/Collections$UnmodifiableCollection
instanceKlass com/google/gson/internal/bind/ReflectiveTypeAdapterFactory$BoundField
instanceKlass com/google/gson/internal/bind/ReflectiveTypeAdapterFactory
instanceKlass com/google/gson/internal/bind/JsonAdapterAnnotationTypeAdapterFactory$DummyTypeAdapterFactory
instanceKlass com/google/gson/internal/bind/JsonAdapterAnnotationTypeAdapterFactory
instanceKlass com/google/gson/internal/bind/MapTypeAdapterFactory
instanceKlass com/google/gson/internal/bind/CollectionTypeAdapterFactory
instanceKlass com/google/gson/internal/bind/ArrayTypeAdapter$1
instanceKlass com/google/gson/internal/sql/SqlTimestampTypeAdapter$1
instanceKlass com/google/gson/internal/sql/SqlTimeTypeAdapter$1
instanceKlass com/google/gson/internal/sql/SqlDateTypeAdapter$1
instanceKlass java/text/Format
instanceKlass sun/util/calendar/CalendarSystem$GregorianHolder
instanceKlass sun/util/calendar/CalendarSystem
instanceKlass java/util/Date
instanceKlass jdk/internal/jimage/ImageLocation
instanceKlass jdk/internal/jimage/decompressor/Decompressor
instanceKlass jdk/internal/jimage/ImageStringsReader
instanceKlass jdk/internal/jimage/ImageStrings
instanceKlass jdk/internal/jimage/ImageHeader
instanceKlass jdk/internal/reflect/Reflection$1Holder
instanceKlass jdk/internal/jimage/NativeImageBuffer$1
instanceKlass jdk/internal/jimage/NativeImageBuffer
instanceKlass java/security/AccessControlContext
instanceKlass java/security/AccessController
instanceKlass jdk/internal/jimage/BasicImageReader$1
instanceKlass java/security/PrivilegedAction
instanceKlass jdk/internal/jimage/BasicImageReader
instanceKlass jdk/internal/jimage/ImageReader
instanceKlass jdk/internal/jimage/ImageReaderFactory$1
instanceKlass jdk/internal/jimage/ImageReaderFactory
instanceKlass jdk/internal/module/SystemModuleFinders$SystemImage
instanceKlass jdk/internal/module/ModulePatcher$PatchedModuleReader
instanceKlass jdk/internal/module/SystemModuleFinders$SystemModuleReader
instanceKlass java/lang/module/ModuleReader
instanceKlass jdk/internal/loader/BuiltinClassLoader$2
instanceKlass com/google/gson/internal/bind/DefaultDateTypeAdapter$DateType
instanceKlass com/google/gson/internal/sql/SqlTypesSupport
instanceKlass com/google/gson/internal/bind/DefaultDateTypeAdapter$1
instanceKlass java/util/concurrent/atomic/AtomicLongArray
instanceKlass com/google/gson/internal/bind/NumberTypeAdapter$1
instanceKlass com/google/gson/internal/bind/ObjectTypeAdapter$1
instanceKlass com/google/gson/internal/bind/TypeAdapters$29
instanceKlass com/google/gson/internal/bind/TypeAdapters$33
instanceKlass java/util/Calendar
instanceKlass java/util/Currency
instanceKlass java/util/UUID
instanceKlass com/google/gson/internal/bind/TypeAdapters$34
instanceKlass java/net/InetAddress
instanceKlass java/util/concurrent/atomic/AtomicIntegerArray
instanceKlass java/util/concurrent/atomic/AtomicBoolean
instanceKlass com/google/gson/internal/bind/TypeAdapters$32
instanceKlass com/google/gson/internal/bind/TypeAdapters$31
instanceKlass com/google/gson/internal/bind/TypeAdapters
instanceKlass com/google/gson/internal/ObjectConstructor
instanceKlass com/google/gson/internal/ConstructorConstructor
instanceKlass com/google/gson/internal/Excluder
instanceKlass java/util/regex/IntHashSet
instanceKlass java/util/regex/Matcher
instanceKlass java/util/regex/MatchResult
instanceKlass java/util/ArrayList$Itr
instanceKlass java/util/regex/Pattern$TreeInfo
instanceKlass java/util/regex/Pattern$BitClass
instanceKlass java/util/regex/Pattern$BmpCharPredicate
instanceKlass java/util/regex/Pattern$CharPredicate
instanceKlass java/util/regex/Pattern$Node
instanceKlass java/util/regex/Pattern
instanceKlass com/google/gson/FormattingStyle
instanceKlass com/google/gson/stream/JsonReader
instanceKlass java/io/Reader
instanceKlass com/google/gson/stream/JsonWriter
instanceKlass com/google/gson/TypeAdapterFactory
instanceKlass com/google/gson/TypeAdapter
instanceKlass com/google/gson/ToNumberStrategy
instanceKlass com/google/gson/FieldNamingStrategy
instanceKlass com/google/gson/Gson
instanceKlass com/google/gson/JsonElement
instanceKlass java/util/zip/Checksum$1
instanceKlass java/util/zip/CRC32
instanceKlass java/util/zip/Checksum
instanceKlass java/util/SequencedMap
instanceKlass java/util/jar/Attributes
instanceKlass sun/security/util/SignatureFileVerifier
instanceKlass java/util/zip/ZipFile$InflaterCleanupAction
instanceKlass java/util/zip/Inflater$InflaterZStreamRef
instanceKlass java/util/zip/Inflater
instanceKlass java/util/zip/ZipEntry
instanceKlass java/nio/Bits$1
instanceKlass jdk/internal/misc/VM$BufferPool
instanceKlass java/nio/Bits
instanceKlass sun/nio/ch/DirectBuffer
instanceKlass jdk/internal/perf/PerfCounter$CoreCounters
instanceKlass jdk/internal/perf/Perf
instanceKlass jdk/internal/perf/PerfCounter
instanceKlass java/nio/file/attribute/FileTime
instanceKlass  @bci java/util/ResourceBundle$Control <clinit> ()V 39 <appendix> form vmentry <vmtarget> ; # java/lang/invoke/LambdaForm$MH+0x000001a715002000
instanceKlass  @bci java/util/zip/ZipFile$Source initCEN (I)V 482 <appendix> argL0 ; # java/util/zip/ZipFile$Source$$Lambda+0x000001a715041a48
instanceKlass java/lang/invoke/TypeConvertingMethodAdapter
instanceKlass java/lang/invoke/InnerClassLambdaMetafactory$6
instanceKlass java/lang/invoke/InnerClassLambdaMetafactory$3
instanceKlass java/lang/classfile/Interfaces
instanceKlass java/util/ImmutableCollections$Access$1
instanceKlass jdk/internal/access/JavaUtilCollectionAccess
instanceKlass java/util/ImmutableCollections$Access
instanceKlass java/lang/invoke/InnerClassLambdaMetafactory$1
instanceKlass java/lang/invoke/LambdaProxyClassArchive
instanceKlass java/lang/invoke/InfoFromMemberName
instanceKlass java/lang/invoke/MethodHandleInfo
instanceKlass java/lang/invoke/AbstractValidatingLambdaMetafactory
instanceKlass java/lang/invoke/LambdaMetafactory
instanceKlass java/util/zip/ZipUtils
instanceKlass java/util/zip/ZipFile$Source$End
instanceKlass java/io/RandomAccessFile$2
instanceKlass jdk/internal/access/JavaIORandomAccessFileAccess
instanceKlass java/io/RandomAccessFile
instanceKlass java/io/DataInput
instanceKlass java/io/DataOutput
instanceKlass sun/nio/fs/AbstractBasicFileAttributeView
instanceKlass sun/nio/fs/DynamicFileAttributeView
instanceKlass sun/nio/fs/WindowsFileAttributeViews
instanceKlass sun/nio/fs/Util
instanceKlass java/nio/file/attribute/BasicFileAttributeView
instanceKlass java/nio/file/attribute/FileAttributeView
instanceKlass java/nio/file/attribute/AttributeView
instanceKlass java/nio/file/CopyOption
instanceKlass java/util/zip/ZipFile$Source$Key
instanceKlass java/util/zip/ZipFile$Source
instanceKlass java/util/zip/ZipCoder
instanceKlass java/util/zip/ZipFile$CleanableResource
instanceKlass java/lang/Runtime$Version
instanceKlass java/util/jar/JavaUtilJarAccessImpl
instanceKlass jdk/internal/access/JavaUtilJarAccess
instanceKlass jdk/internal/loader/FileURLMapper
instanceKlass java/util/zip/ZipFile$1
instanceKlass jdk/internal/access/JavaUtilZipFileAccess
instanceKlass java/util/BitSet
instanceKlass java/util/zip/ZipFile
instanceKlass java/util/zip/ZipConstants
instanceKlass org/example/loadtest/ServerApp
instanceKlass sun/nio/fs/WindowsNativeDispatcher$CompletionStatus
instanceKlass sun/nio/fs/WindowsNativeDispatcher$AclInformation
instanceKlass sun/nio/fs/WindowsNativeDispatcher$Account
instanceKlass sun/nio/fs/WindowsNativeDispatcher$DiskFreeSpace
instanceKlass sun/nio/fs/WindowsNativeDispatcher$VolumeInformation
instanceKlass sun/nio/fs/WindowsNativeDispatcher$FirstStream
instanceKlass sun/nio/fs/WindowsNativeDispatcher$FirstFile
instanceKlass java/util/Enumeration
instanceKlass java/util/concurrent/ConcurrentHashMap$Traverser
instanceKlass jdk/internal/loader/NativeLibraries$2
instanceKlass jdk/internal/loader/NativeLibrary
instanceKlass java/util/ArrayDeque$DeqIterator
instanceKlass jdk/internal/loader/NativeLibraries$NativeLibraryContext$1
instanceKlass jdk/internal/loader/NativeLibraries$NativeLibraryContext
instanceKlass jdk/internal/loader/NativeLibraries$1
instanceKlass jdk/internal/loader/NativeLibraries$LibraryPaths
instanceKlass sun/nio/fs/WindowsNativeDispatcher
instanceKlass sun/nio/fs/NativeBuffer$Deallocator
instanceKlass sun/nio/fs/NativeBuffer
instanceKlass java/lang/ThreadLocal$ThreadLocalMap
instanceKlass java/lang/ThreadLocal
instanceKlass sun/nio/fs/NativeBuffers
instanceKlass sun/nio/fs/WindowsFileAttributes
instanceKlass java/nio/file/attribute/DosFileAttributes
instanceKlass java/nio/file/attribute/BasicFileAttributes
instanceKlass java/nio/file/Files
instanceKlass sun/nio/fs/WindowsPath
instanceKlass java/net/URI$Parser
instanceKlass sun/nio/fs/WindowsPathParser$Result
instanceKlass sun/nio/fs/WindowsPathParser
instanceKlass java/nio/file/FileSystem
instanceKlass java/nio/file/OpenOption
instanceKlass java/nio/file/spi/FileSystemProvider
instanceKlass sun/nio/fs/DefaultFileSystemProvider
instanceKlass java/nio/file/FileSystems$DefaultFileSystemHolder
instanceKlass java/nio/file/FileSystems
instanceKlass java/nio/file/Path
instanceKlass java/nio/file/Watchable
instanceKlass java/nio/file/Paths
instanceKlass  @bci org/example/loadtest/Main main ([Ljava/lang/String;)V 410 <appendix> form vmentry <vmtarget> ; # java/lang/invoke/LambdaForm$MH+0x000001a715001800
instanceKlass  @bci org/example/loadtest/Config name ()Ljava/lang/String; 28 <appendix> form vmentry <vmtarget> ; # java/lang/invoke/LambdaForm$MH+0x000001a715001400
instanceKlass java/lang/invoke/StringConcatFactory$InlineHiddenClassStrategy$6
instanceKlass java/lang/invoke/StringConcatFactory$InlineHiddenClassStrategy$3$4
instanceKlass java/lang/invoke/StringConcatFactory$InlineHiddenClassStrategy$4
instanceKlass java/lang/invoke/StringConcatFactory$InlineHiddenClassStrategy$3$1
instanceKlass jdk/internal/classfile/impl/BytecodeHelpers$1
instanceKlass java/lang/invoke/StringConcatFactory$InlineHiddenClassStrategy$7
instanceKlass java/lang/invoke/StringConcatFactory$InlineHiddenClassStrategy$3$2
instanceKlass java/lang/invoke/StringConcatFactory$InlineHiddenClassStrategy$5
instanceKlass java/lang/invoke/StringConcatFactory$InlineHiddenClassStrategy$3$3
instanceKlass java/lang/invoke/StringConcatFactory$InlineHiddenClassStrategy$3
instanceKlass org/example/loadtest/Config
instanceKlass  @bci org/example/loadtest/Main main ([Ljava/lang/String;)V 248 <appendix> form vmentry <vmtarget> ; # java/lang/invoke/LambdaForm$MH+0x000001a715000400
instanceKlass jdk/internal/util/ModifiedUtf
instanceKlass jdk/internal/classfile/impl/ClassReaderImpl
instanceKlass java/lang/classfile/ClassReader
instanceKlass jdk/internal/classfile/impl/ClassHierarchyImpl$CachedClassHierarchyResolver$1
instanceKlass java/lang/classfile/ClassHierarchyResolver$ClassHierarchyInfo
instanceKlass jdk/internal/classfile/impl/ClassHierarchyImpl$CachedClassHierarchyResolver
instanceKlass jdk/internal/classfile/impl/ClassHierarchyImpl$ClassLoadingClassHierarchyResolver$1
instanceKlass jdk/internal/classfile/impl/ClassHierarchyImpl$ClassLoadingClassHierarchyResolver
instanceKlass java/lang/classfile/ClassHierarchyResolver
instanceKlass jdk/internal/classfile/impl/ClassHierarchyImpl
instanceKlass jdk/internal/classfile/impl/RawBytecodeHelper$1
instanceKlass jdk/internal/classfile/impl/RawBytecodeHelper
instanceKlass jdk/internal/classfile/impl/StackMapGenerator$Frame
instanceKlass jdk/internal/classfile/impl/StackMapGenerator
instanceKlass java/util/ImmutableCollections$ListItr
instanceKlass java/util/ListIterator
instanceKlass jdk/internal/classfile/impl/AnnotationReader
instanceKlass java/lang/classfile/CustomAttribute
instanceKlass jdk/internal/classfile/impl/TerminalFieldBuilder
instanceKlass java/lang/classfile/FieldBuilder
instanceKlass java/lang/invoke/InvokerBytecodeGenerator$2
instanceKlass jdk/internal/classfile/impl/BytecodeHelpers
instanceKlass java/lang/classfile/constantpool/MethodRefEntry
instanceKlass sun/invoke/empty/Empty
instanceKlass sun/invoke/util/VerifyType
instanceKlass jdk/internal/classfile/impl/DirectCodeBuilder$8
instanceKlass java/lang/classfile/instruction/LabelTarget
instanceKlass java/lang/classfile/Label
instanceKlass jdk/internal/classfile/impl/BufWriterImpl
instanceKlass java/lang/classfile/BufWriter
instanceKlass java/lang/classfile/instruction/ExceptionCatch
instanceKlass java/lang/classfile/instruction/LocalVariableType
instanceKlass java/lang/classfile/instruction/LocalVariable
instanceKlass java/lang/classfile/instruction/CharacterRange
instanceKlass java/lang/classfile/PseudoInstruction
instanceKlass java/lang/classfile/CodeElement
instanceKlass jdk/internal/classfile/impl/TerminalCodeBuilder
instanceKlass jdk/internal/classfile/impl/LabelContext
instanceKlass java/lang/classfile/CodeBuilder
instanceKlass java/lang/invoke/InvokerBytecodeGenerator$4$1
instanceKlass java/lang/classfile/constantpool/FieldRefEntry
instanceKlass java/lang/classfile/constantpool/MemberRefEntry
instanceKlass java/lang/classfile/constantpool/NameAndTypeEntry
instanceKlass jdk/internal/classfile/impl/TerminalMethodBuilder
instanceKlass jdk/internal/classfile/impl/MethodInfo
instanceKlass java/lang/classfile/MethodBuilder
instanceKlass java/lang/invoke/InvokerBytecodeGenerator$4
instanceKlass java/lang/classfile/attribute/SourceFileAttribute
instanceKlass java/lang/classfile/Superclass
instanceKlass jdk/internal/classfile/impl/AttributeHolder
instanceKlass java/lang/classfile/ClassBuilder
instanceKlass java/lang/classfile/ClassFileBuilder
instanceKlass jdk/internal/classfile/impl/AbstractDirectBuilder
instanceKlass java/lang/invoke/InvokerBytecodeGenerator$1
instanceKlass jdk/internal/classfile/impl/ClassFileImpl
instanceKlass java/lang/classfile/ClassFile
instanceKlass java/lang/invoke/InvokerBytecodeGenerator$3
instanceKlass java/lang/classfile/constantpool/ClassEntry
instanceKlass java/lang/classfile/constantpool/LoadableConstantEntry
instanceKlass jdk/internal/classfile/impl/Util
instanceKlass jdk/internal/classfile/impl/EntryMap
instanceKlass jdk/internal/classfile/impl/BootstrapMethodEntryImpl
instanceKlass java/lang/classfile/BootstrapMethodEntry
instanceKlass jdk/internal/classfile/impl/SplitConstantPool
instanceKlass java/lang/invoke/LambdaFormEditor$Transform
instanceKlass java/lang/invoke/LambdaFormBuffer
instanceKlass java/lang/invoke/LambdaFormEditor$TransformKey
instanceKlass java/lang/invoke/LambdaFormEditor
instanceKlass java/lang/invoke/DirectMethodHandle$2
instanceKlass java/lang/invoke/ClassSpecializer$Factory
instanceKlass java/lang/invoke/ClassSpecializer$SpeciesData
instanceKlass java/lang/invoke/ClassSpecializer$1
instanceKlass jdk/internal/vm/annotation/Stable
instanceKlass java/lang/invoke/ClassSpecializer
instanceKlass java/lang/StringConcatHelper$StringConcatBase
instanceKlass java/lang/invoke/StringConcatFactory$InlineHiddenClassStrategy$2
instanceKlass java/lang/invoke/StringConcatFactory$InlineHiddenClassStrategy$1
instanceKlass java/util/function/Consumer
instanceKlass java/lang/invoke/StringConcatFactory$InlineHiddenClassStrategy
instanceKlass java/lang/invoke/BootstrapMethodInvoker
instanceKlass java/lang/invoke/Invokers$Holder
instanceKlass java/lang/invoke/DelegatingMethodHandle$Holder
instanceKlass java/lang/invoke/MethodHandleImpl$1
instanceKlass jdk/internal/access/JavaLangInvokeAccess
instanceKlass java/lang/invoke/InvokerBytecodeGenerator$8
instanceKlass jdk/internal/classfile/impl/AbstractAttributeMapper
instanceKlass java/lang/classfile/AttributeMapper
instanceKlass java/lang/classfile/Attributes
instanceKlass jdk/internal/classfile/impl/Util$Writable
instanceKlass jdk/internal/classfile/impl/AbstractElement
instanceKlass java/lang/classfile/attribute/RuntimeVisibleAnnotationsAttribute
instanceKlass java/lang/classfile/FieldElement
instanceKlass java/lang/classfile/MethodElement
instanceKlass java/lang/classfile/ClassElement
instanceKlass java/lang/classfile/Attribute
instanceKlass java/lang/classfile/ClassFileElement
instanceKlass java/lang/classfile/constantpool/Utf8Entry
instanceKlass java/lang/classfile/constantpool/AnnotationConstantValueEntry
instanceKlass java/lang/classfile/constantpool/PoolEntry
instanceKlass jdk/internal/classfile/impl/AbstractPoolEntry
instanceKlass jdk/internal/classfile/impl/TemporaryConstantPool
instanceKlass java/lang/classfile/constantpool/ConstantPoolBuilder
instanceKlass java/lang/classfile/constantpool/ConstantPool
instanceKlass java/lang/classfile/Annotation
instanceKlass java/lang/classfile/AnnotationElement
instanceKlass java/lang/invoke/InvokerBytecodeGenerator
instanceKlass java/lang/invoke/LambdaForm$Holder
instanceKlass java/lang/invoke/LambdaForm$Name
instanceKlass java/lang/reflect/Array
instanceKlass java/lang/invoke/Invokers
instanceKlass java/lang/invoke/MethodHandleImpl
instanceKlass sun/invoke/util/ValueConversions
instanceKlass java/lang/invoke/DirectMethodHandle$Holder
instanceKlass java/lang/invoke/LambdaForm$NamedFunction
instanceKlass java/lang/constant/DynamicConstantDesc
instanceKlass jdk/internal/constant/DirectMethodHandleDescImpl$1
instanceKlass jdk/internal/constant/DirectMethodHandleDescImpl
instanceKlass java/lang/constant/DirectMethodHandleDesc
instanceKlass java/lang/constant/MethodHandleDesc$1
instanceKlass java/lang/constant/MethodHandleDesc
instanceKlass jdk/internal/constant/MethodTypeDescImpl
instanceKlass java/lang/constant/MethodTypeDesc
instanceKlass jdk/internal/constant/ConstantUtils
instanceKlass jdk/internal/constant/ArrayClassDescImpl
instanceKlass jdk/internal/constant/ClassOrInterfaceDescImpl
instanceKlass java/lang/constant/ClassDesc
instanceKlass java/lang/constant/ConstantDescs
instanceKlass sun/invoke/util/Wrapper$Format
instanceKlass java/lang/invoke/MethodTypeForm
instanceKlass java/lang/invoke/MethodType$1
instanceKlass java/lang/invoke/StringConcatFactory
instanceKlass jdk/internal/misc/Blocker
instanceKlass java/nio/charset/CoderResult
instanceKlass java/lang/Readable
instanceKlass java/lang/PublicMethods$Key
instanceKlass java/lang/PublicMethods$MethodList
instanceKlass jdk/internal/misc/PreviewFeatures
instanceKlass jdk/internal/misc/MethodFinder
instanceKlass org/example/loadtest/Main
instanceKlass sun/security/util/Debug
instanceKlass java/security/SecureClassLoader$DebugHolder
instanceKlass java/security/PermissionCollection
instanceKlass java/security/SecureClassLoader$1
instanceKlass java/io/FileInputStream$1
instanceKlass sun/nio/ByteBuffered
instanceKlass jdk/internal/ref/CleanerImpl$CleanableList$Node
instanceKlass jdk/internal/ref/CleanerImpl$CleanableList
instanceKlass jdk/internal/ref/CleanerImpl
instanceKlass java/lang/ref/Cleaner$1
instanceKlass java/lang/ref/Cleaner
instanceKlass jdk/internal/ref/CleanerFactory$1
instanceKlass java/util/concurrent/ThreadFactory
instanceKlass jdk/internal/ref/CleanerFactory
instanceKlass java/lang/ref/Cleaner$Cleanable
instanceKlass java/lang/Package$VersionInfo
instanceKlass java/lang/NamedPackage
instanceKlass jdk/internal/loader/Resource
instanceKlass jdk/internal/loader/URLClassPath$Loader
instanceKlass sun/net/util/URLUtil
instanceKlass sun/launcher/LauncherHelper
instanceKlass java/util/Locale$LocaleCache
instanceKlass jdk/internal/util/StrongReferenceKey
instanceKlass jdk/internal/util/ReferenceKey
instanceKlass jdk/internal/util/ReferencedKeyMap$1
instanceKlass jdk/internal/util/ReferencedKeyMap
instanceKlass sun/util/locale/BaseLocale$1InterningCache
instanceKlass java/util/Optional
instanceKlass sun/util/locale/LocaleUtils
instanceKlass java/util/Locale
instanceKlass sun/usagetracker/UsageTrackerClient
instanceKlass jdk/internal/util/EnvUtils
instanceKlass jdk/internal/vm/PostVMInitHook
instanceKlass jdk/internal/vm/ContinuationSupport
instanceKlass java/util/Deque
instanceKlass java/util/Queue
instanceKlass sun/net/util/IPAddressUtil$MASKS
instanceKlass sun/net/util/IPAddressUtil
instanceKlass java/net/URLStreamHandler
instanceKlass sun/net/www/ParseUtil
instanceKlass java/net/URL$1
instanceKlass jdk/internal/access/JavaNetURLAccess
instanceKlass java/net/URL$DefaultFactory
instanceKlass java/net/URLStreamHandlerFactory
instanceKlass jdk/internal/loader/URLClassPath
instanceKlass java/lang/Module$EnableNativeAccess
instanceKlass jdk/internal/loader/BootLoader
instanceKlass java/util/concurrent/ConcurrentHashMap$CollectionView
instanceKlass jdk/internal/loader/ClassLoaderHelper
instanceKlass java/lang/ClassLoader$ParallelLoaders
instanceKlass java/security/cert/Certificate
instanceKlass java/net/URI$1
instanceKlass jdk/internal/access/JavaNetUriAccess
instanceKlass jdk/internal/loader/AbstractClassLoaderValue
instanceKlass jdk/internal/module/ModuleBootstrap$Counters
instanceKlass jdk/internal/module/ModuleLoaderMap$Modules
instanceKlass jdk/internal/module/ModuleLoaderMap
instanceKlass jdk/internal/module/ModulePatcher
instanceKlass jdk/internal/util/DecimalDigits
instanceKlass java/io/FileSystem
instanceKlass java/io/DefaultFileSystem
instanceKlass java/io/File
instanceKlass java/lang/module/ModuleDescriptor$1
instanceKlass jdk/internal/access/JavaLangModuleAccess
instanceKlass sun/invoke/util/VerifyAccess
instanceKlass java/util/KeyValueHolder
instanceKlass java/util/ImmutableCollections$MapN$MapNIterator
instanceKlass java/lang/StrictMath
instanceKlass java/lang/invoke/MethodHandles$Lookup
instanceKlass java/lang/invoke/MemberName$Factory
instanceKlass java/lang/invoke/MethodHandles
instanceKlass jdk/internal/module/ModuleBootstrap
instanceKlass java/util/HexFormat
instanceKlass jdk/internal/util/ClassFileDumper
instanceKlass java/lang/CharacterData
instanceKlass java/lang/invoke/MethodHandleStatics
instanceKlass java/util/Collections
instanceKlass java/lang/Thread$ThreadIdentifiers
instanceKlass sun/io/Win32ErrorMode
instanceKlass jdk/internal/misc/OSEnvironment
instanceKlass jdk/internal/misc/Signal$NativeHandler
instanceKlass java/util/Hashtable$Entry
instanceKlass jdk/internal/misc/Signal
instanceKlass java/lang/Terminator$1
instanceKlass jdk/internal/misc/Signal$Handler
instanceKlass java/lang/Terminator
instanceKlass java/nio/ByteOrder
instanceKlass java/nio/Buffer$2
instanceKlass jdk/internal/access/JavaNioAccess
instanceKlass java/nio/Buffer$1
instanceKlass jdk/internal/misc/ScopedMemoryAccess
instanceKlass sun/nio/cs/ArrayEncoder
instanceKlass java/nio/charset/CharsetEncoder
instanceKlass java/io/Writer
instanceKlass java/io/OutputStream
instanceKlass java/io/Flushable
instanceKlass java/io/FileDescriptor$1
instanceKlass jdk/internal/access/JavaIOFileDescriptorAccess
instanceKlass java/io/FileDescriptor
instanceKlass jdk/internal/util/StaticProperty
instanceKlass java/util/HashMap$HashIterator
instanceKlass java/util/concurrent/locks/LockSupport
instanceKlass java/util/concurrent/ConcurrentHashMap$CounterCell
instanceKlass java/util/concurrent/locks/ReentrantLock
instanceKlass java/util/concurrent/locks/Lock
instanceKlass java/lang/Runtime
instanceKlass java/lang/VersionProps
instanceKlass java/lang/StringConcatHelper
instanceKlass java/lang/StringCoding
instanceKlass java/nio/charset/CodingErrorAction
instanceKlass sun/nio/cs/SingleByte
instanceKlass java/lang/StringUTF16
instanceKlass sun/nio/cs/MS1251$Holder
instanceKlass sun/nio/cs/ArrayDecoder
instanceKlass java/nio/charset/CharsetDecoder
instanceKlass jdk/internal/reflect/MethodHandleAccessorFactory
instanceKlass java/lang/reflect/Modifier
instanceKlass java/util/Objects
instanceKlass jdk/internal/reflect/Reflection
instanceKlass java/lang/Class$Atomic
instanceKlass java/lang/Class$ReflectionData
instanceKlass java/nio/charset/StandardCharsets
instanceKlass sun/nio/cs/HistoricallyNamedCharset
instanceKlass jdk/internal/util/ArraysSupport
instanceKlass java/util/Arrays
instanceKlass jdk/internal/util/Preconditions$3
instanceKlass jdk/internal/util/Preconditions$2
instanceKlass jdk/internal/util/Preconditions$4
instanceKlass java/util/function/BiFunction
instanceKlass jdk/internal/util/Preconditions$1
instanceKlass jdk/internal/util/Preconditions
instanceKlass java/lang/StringLatin1
instanceKlass java/nio/charset/spi/CharsetProvider
instanceKlass java/nio/charset/Charset
instanceKlass jdk/internal/util/SystemProps$Raw
instanceKlass jdk/internal/util/SystemProps
instanceKlass java/lang/System$1
instanceKlass jdk/internal/access/JavaLangAccess
instanceKlass java/lang/ref/ReferenceQueue$Lock
instanceKlass java/lang/ref/ReferenceQueue
instanceKlass java/lang/ref/Reference$1
instanceKlass jdk/internal/access/JavaLangRefAccess
instanceKlass java/lang/Math
instanceKlass java/io/ObjectStreamClass
instanceKlass jdk/internal/reflect/ReflectionFactory
instanceKlass jdk/internal/access/SharedSecrets
instanceKlass java/lang/reflect/ReflectAccess
instanceKlass jdk/internal/access/JavaLangReflectAccess
instanceKlass jdk/internal/misc/CDS
instanceKlass jdk/internal/misc/VM
instanceKlass java/lang/String$CaseInsensitiveComparator
instanceKlass java/util/Comparator
instanceKlass java/io/ObjectStreamField
instanceKlass java/lang/Module$ArchivedData
instanceKlass jdk/internal/module/ArchivedBootLayer
instanceKlass jdk/internal/loader/BuiltinClassLoader$LoadedModule
instanceKlass jdk/internal/module/ServicesCatalog$ServiceProvider
instanceKlass java/util/concurrent/CopyOnWriteArrayList
instanceKlass jdk/internal/module/ServicesCatalog
instanceKlass java/util/concurrent/ConcurrentHashMap$Node
instanceKlass jdk/internal/loader/NativeLibraries
instanceKlass java/security/Principal
instanceKlass jdk/internal/loader/ArchivedClassLoaders
instanceKlass jdk/internal/math/FDBigInteger
instanceKlass java/lang/ModuleLayer
instanceKlass java/util/ImmutableCollections
instanceKlass jdk/internal/module/ModuleLoaderMap$Mapper
instanceKlass java/util/function/Function
instanceKlass java/lang/module/ResolvedModule
instanceKlass java/lang/module/Configuration
instanceKlass java/util/HashMap$Node
instanceKlass java/util/Map$Entry
instanceKlass java/util/Collections$UnmodifiableMap
instanceKlass jdk/internal/module/ModuleHashes
instanceKlass jdk/internal/module/ModuleTarget
instanceKlass java/lang/module/ModuleDescriptor$Provides
instanceKlass java/lang/module/ModuleDescriptor$Opens
instanceKlass jdk/internal/module/SystemModuleFinders$2
instanceKlass jdk/internal/module/ModuleHashes$HashSupplier
instanceKlass jdk/internal/module/SystemModuleFinders$1
instanceKlass java/util/function/Supplier
instanceKlass java/net/URI
instanceKlass java/lang/module/ModuleDescriptor$Exports
instanceKlass java/lang/module/ModuleDescriptor$Requires
instanceKlass java/lang/module/ModuleDescriptor$Version
instanceKlass java/lang/module/ModuleDescriptor
instanceKlass java/lang/module/ModuleReference
instanceKlass java/util/Set
instanceKlass jdk/internal/module/SystemModuleFinders$SystemModuleFinder
instanceKlass java/lang/module/ModuleFinder
instanceKlass jdk/internal/module/ArchivedModuleGraph
instanceKlass sun/util/locale/BaseLocale
instanceKlass java/util/jar/Attributes$Name
instanceKlass java/lang/Character$CharacterCache
instanceKlass java/lang/Short$ShortCache
instanceKlass java/lang/Byte$ByteCache
instanceKlass java/lang/Long$LongCache
instanceKlass java/lang/Integer$IntegerCache
instanceKlass jdk/internal/vm/FillerObject
instanceKlass jdk/internal/vm/vector/VectorSupport$VectorPayload
instanceKlass jdk/internal/vm/vector/VectorSupport
instanceKlass java/lang/reflect/RecordComponent
instanceKlass java/util/Iterator
instanceKlass java/lang/Void
instanceKlass java/lang/Number
instanceKlass java/lang/Character
instanceKlass java/lang/Boolean
instanceKlass java/util/concurrent/locks/AbstractOwnableSynchronizer
instanceKlass java/lang/LiveStackFrame
instanceKlass java/lang/ClassFrameInfo
instanceKlass java/lang/StackWalker$StackFrame
instanceKlass java/lang/StackStreamFactory$AbstractStackWalker
instanceKlass java/lang/StackWalker
instanceKlass java/nio/Buffer
instanceKlass java/lang/StackTraceElement
instanceKlass java/util/RandomAccess
instanceKlass java/util/List
instanceKlass java/util/SequencedCollection
instanceKlass java/util/AbstractCollection
instanceKlass java/util/Collection
instanceKlass java/lang/Iterable
instanceKlass java/util/concurrent/ConcurrentMap
instanceKlass java/util/AbstractMap
instanceKlass java/security/CodeSource
instanceKlass jdk/internal/loader/ClassLoaders
instanceKlass java/util/jar/Manifest
instanceKlass java/lang/Enum
instanceKlass java/net/URL
instanceKlass java/io/InputStream
instanceKlass java/io/Closeable
instanceKlass java/lang/AutoCloseable
instanceKlass jdk/internal/module/Modules
instanceKlass jdk/internal/misc/Unsafe
instanceKlass jdk/internal/misc/UnsafeConstants
instanceKlass java/lang/AbstractStringBuilder
instanceKlass java/lang/Appendable
instanceKlass java/lang/AssertionStatusDirectives
instanceKlass jdk/internal/foreign/abi/ABIDescriptor
instanceKlass jdk/internal/foreign/abi/NativeEntryPoint
instanceKlass java/lang/invoke/CallSite
instanceKlass java/lang/invoke/MethodType
instanceKlass java/lang/invoke/TypeDescriptor$OfMethod
instanceKlass java/lang/invoke/LambdaForm
instanceKlass java/lang/invoke/MethodHandleNatives
instanceKlass java/lang/invoke/ResolvedMethodName
instanceKlass java/lang/invoke/MemberName
instanceKlass java/lang/invoke/VarHandle
instanceKlass java/lang/invoke/MethodHandle
instanceKlass jdk/internal/reflect/ConstructorAccessorImpl
instanceKlass jdk/internal/reflect/ConstructorAccessor
instanceKlass jdk/internal/reflect/CallerSensitive
instanceKlass java/lang/annotation/Annotation
instanceKlass jdk/internal/reflect/ConstantPool
instanceKlass jdk/internal/reflect/MethodAccessorImpl
instanceKlass jdk/internal/reflect/MethodAccessor
instanceKlass jdk/internal/vm/StackChunk
instanceKlass jdk/internal/vm/Continuation
instanceKlass jdk/internal/vm/ContinuationScope
instanceKlass java/lang/reflect/Parameter
instanceKlass java/lang/reflect/Member
instanceKlass java/lang/reflect/AccessibleObject
instanceKlass java/lang/Module
instanceKlass java/util/Map
instanceKlass java/util/Dictionary
instanceKlass java/lang/ThreadGroup
instanceKlass java/lang/Thread$UncaughtExceptionHandler
instanceKlass java/lang/Thread$Constants
instanceKlass java/lang/Thread$FieldHolder
instanceKlass java/lang/Thread
instanceKlass java/lang/Runnable
instanceKlass java/lang/ref/Reference
instanceKlass java/lang/Record
instanceKlass java/security/ProtectionDomain
instanceKlass java/lang/Throwable
instanceKlass java/lang/System
instanceKlass java/lang/ClassLoader
instanceKlass java/lang/Cloneable
instanceKlass java/lang/Class
instanceKlass java/lang/invoke/TypeDescriptor$OfField
instanceKlass java/lang/invoke/TypeDescriptor
instanceKlass java/lang/reflect/Type
instanceKlass java/lang/reflect/GenericDeclaration
instanceKlass java/lang/reflect/AnnotatedElement
instanceKlass java/lang/String
instanceKlass java/lang/constant/ConstantDesc
instanceKlass java/lang/constant/Constable
instanceKlass java/lang/CharSequence
instanceKlass java/lang/Comparable
instanceKlass java/io/Serializable
ciInstanceKlass java/lang/Object 1 1 115 100 1 10 12 1 1 10 7 12 1 1 1 10 100 12 1 1 1 10 12 1 1 8 1 10 12 1 1 10 100 12 1 1 1 10 12 1 10 12 1 1 100 1 8 1 10 12 1 10 7 12 1 1 1 7 1 10 12 1 100 1 10 12 1 1 8 1 3 8 1 100 1 5 0 1 1 1 1 1 1 1 1 1 1 1 1 1 1 1 1 100 1 1 1 1 1 1 1 1 1 1 1 1 1 100 1 1 1 1 1 1 3 1 1
ciMethod java/lang/Object equals (Ljava/lang/Object;)Z 516 0 471 0 -1
ciMethod java/lang/Object toString ()Ljava/lang/String; 0 0 1 0 -1
ciMethod java/lang/Object hashCode ()I 256 0 128 0 -1
ciMethod java/lang/Object clone ()Ljava/lang/Object; 256 0 128 0 -1
ciInstanceKlass java/io/Serializable 1 0 7 100 1 100 1 1 1
ciInstanceKlass java/lang/System 1 1 591 10 100 12 1 1 1 10 7 12 1 1 1 10 12 1 1 10 12 1 9 12 1 1 10 7 12 1 1 1 11 100 12 1 1 1 10 100 12 1 1 1 10 12 1 1 100 1 8 1 10 12 1 9 12 1 1 9 12 1 1 10 7 12 1 1 1 10 7 12 1 1 1 10 12 1 1 10 12 1 10 7 12 1 1 1 10 12 1 10 12 1 1 7 1 10 12 1 1 100 1 8 1 10 10 12 1 1 100 1 8 1 10 10 100 12 1 1 10 12 10 100 12 1 1 10 7 12 1 1 1 100 1 8 1 10 10 100 12 1 1 1 10 100 12 1 1 1 100 1 10 100 12 1 1 1 10 12 1 1 10 7 12 1 1 1 10 12 1 1 10 12 1 10 12 1 8 1 10 12 1 1 10 12 1 1 8 1 10 12 1 7 1 7 1 10 12 1 9 7 12 1 1 1 10 7 12 1 1 1 10 12 1 10 12 1 10 7 12 1 1 1 100 1 8 1 10 9 12 1 1 9 12 1 10 12 1 10 100 12 1 1 10 12 1 10 12 1 1 100 1 10 8 1 10 12 1 1 10 12 1 10 12 1 1 10 12 1 1 8 1 11 7 12 1 1 10 12 11 12 1 1 11 7 12 1 1 1 11 7 12 1 1 11 12 1 1 7 1 11 12 1 10 12 1 8 1 10 12 1 1 8 1 8 1 8 1 8 1 11 12 1 10 12 1 1 10 12 1 10 12 1 8 1 10 12 1 1 8 1 9 12 1 8 1 10 7 12 1 1 8 1 7 1 9 7 12 1 1 1 10 12 1 7 1 9 12 10 9 12 7 1 10 12 9 12 1 1 8 1 10 12 1 1 8 1 9 12 1 10 7 12 1 1 10 12 1 10 12 1 1 11 7 12 1 1 10 12 10 7 12 1 1 1 9 12 1 1 100 1 100 1 8 1 10 12 1 1 10 12 1 8 1 8 1 10 8 1 8 1 8 1 8 1 8 1 10 8 1 10 7 12 1 1 1 10 7 12 1 1 1 10 12 1 1 7 1 10 10 12 1 10 12 1 9 12 1 1 1 1 1 1 1 1 1 1 1 1 100 1 1 100 1 1 1 1 1 1 1 1 1 1 3 1 1 1 1 1 1 1 1 1 1 1 1 1 1 1 1 1 1 1 1 1 1 1 1 1 1 1 1 1 1 1 1 1 1 1 1 1 1 1 1 1 1 1 1 1 1 1 1 1 1 1 100 1 1 1 1 1 1 1 1 1 1 1 1 1 1 1 1 1 1 1 1 1 1 1 1 1 100 1 100 1 1 1 1 1 1 1 1
staticfield java/lang/System in Ljava/io/InputStream; java/io/BufferedInputStream
staticfield java/lang/System out Ljava/io/PrintStream; java/io/PrintStream
staticfield java/lang/System err Ljava/io/PrintStream; java/io/PrintStream
instanceKlass java/security/Security$1
ciInstanceKlass java/util/Properties 1 1 690 10 7 12 1 1 1 100 1 10 7 12 1 1 7 1 10 12 1 9 12 1 1 9 12 1 1 9 12 1 1 10 7 12 1 1 1 10 12 1 1 8 1 10 7 12 1 1 1 7 1 10 12 1 10 12 1 1 8 1 10 12 1 7 1 10 12 10 12 1 1 9 12 1 1 10 12 1 1 7 1 10 12 1 10 12 1 10 12 1 1 100 1 8 1 10 12 1 10 12 1 10 12 1 1 10 12 1 100 1 3 10 10 100 12 1 1 1 10 12 1 10 12 1 1 8 1 10 12 1 10 12 1 1 8 1 10 100 12 1 1 10 12 1 1 10 12 1 10 12 1 1 100 1 10 12 1 10 12 1 1 100 1 9 100 12 1 1 1 10 12 1 10 12 1 1 10 12 1 1 10 12 1 1 100 1 9 12 1 1 100 1 100 1 10 12 1 100 1 11 100 12 1 1 1 11 12 1 1 11 100 12 1 1 1 11 100 12 1 1 1 11 12 1 1 11 12 1 11 12 1 10 12 1 1 8 1 10 12 1 10 100 12 1 1 10 12 1 100 1 10 10 12 1 10 12 1 100 1 10 10 12 1 1 10 100 12 1 1 9 100 12 1 1 10 12 1 1 10 100 12 1 1 1 100 1 100 1 100 1 10 8 1 8 1 10 12 1 10 12 1 10 12 1 1 10 10 12 1 1 10 12 1 1 100 1 10 10 12 1 11 100 12 1 1 10 100 12 1 1 1 8 1 10 100 12 1 1 11 11 100 1 8 1 10 100 1 11 10 12 1 10 10 12 1 10 12 1 1 10 12 1 1 10 12 1 1 10 12 1 10 12 1 10 10 12 1 10 12 1 10 12 1 10 10 12 1 1 10 12 1 1 10 10 12 1 10 12 1 10 12 1 10 12 1 10 12 1 1 10 12 1 1 10 12 1 10 12 1 10 12 1 1 10 12 10 12 1 1 10 12 1 1 10 12 1 10 12 1 1 10 12 1 1 10 12 10 11 12 1 4 11 10 12 1 1 10 100 12 1 1 11 12 1 10 12 1 1 10 100 12 1 1 10 12 1 100 1 8 1 10 12 1 10 10 100 12 1 1 1 100 1 6 0 10 12 1 1 11 100 12 1 1 1 10 12 1 10 12 1 1 1 1 1 5 0 1 1 1 1 1 1 1 1 1 1 1 1 1 1 1 1 1 1 1 1 1 1 1 1 1 1 1 1 1 1 1 1 1 1 1 1 1 1 1 100 1 1 1 1 1 1 1 1 1 1 1 1 1 1 1 1 1 1 1 1 100 1 1 1 1 1 1 1 1 1 1 1 1 100 1 100 1 1 1 1 1 100 1 1 1 1 1 1 1 1 1 1 1 1 1 1 1 1 1 1 1 1 1 1 1 1 1 1 1 1 1 1 1 1 1 1 1 1 1 1 1 1 1 1 1 1 1 1 1 1 1 1 1 1 1 1 1 1 1 1 1 1 1 1 1 1 1 1 1 1 1 1 1 1 1 1 1 1 1 100 1 1 1 1 1 1 1 1 1 1 1 100 1 1
staticfield java/util/Properties UNSAFE Ljdk/internal/misc/Unsafe; jdk/internal/misc/Unsafe
instanceKlass java/util/Hashtable
ciInstanceKlass java/util/Dictionary 1 1 36 10 7 12 1 1 1 100 1 1 1 1 1 1 1 1 1 1 1 1 1 1 1 1 1 1 1 1 1 1 1 1 1 1 1 1
instanceKlass java/util/Properties
ciInstanceKlass java/util/Hashtable 1 1 516 100 1 10 7 12 1 1 1 9 7 12 1 1 1 100 1 100 1 10 8 1 10 12 1 1 10 12 1 10 12 1 1 10 12 1 10 7 12 1 1 1 8 1 10 12 1 9 12 1 1 7 1 9 12 1 1 4 10 7 12 1 1 1 9 12 1 4 10 12 1 11 100 12 1 1 1 10 12 1 1 10 12 1 1 9 12 1 10 12 1 1 100 1 10 9 12 1 1 10 7 12 1 1 1 9 12 1 1 10 12 1 10 12 1 3 9 12 1 9 12 1 3 10 12 1 10 12 1 10 12 1 1 11 12 1 1 11 100 12 1 1 1 11 100 12 1 1 1 11 12 1 100 1 11 12 1 11 12 1 10 12 1 1 10 12 1 1 10 12 1 9 12 1 1 9 12 9 12 1 1 10 100 1 100 1 10 12 1 10 8 1 10 10 12 1 8 1 10 8 1 10 100 12 1 1 1 100 1 10 12 1 10 12 1 100 1 10 12 1 10 12 1 1 100 1 10 100 1 10 10 12 1 1 11 12 1 1 11 12 1 100 1 10 10 10 100 12 1 1 11 100 12 1 1 1 100 1 10 11 100 12 1 1 11 100 12 1 10 12 1 10 12 1 1 10 100 12 1 1 10 12 1 1 10 12 1 1 10 12 1 1 10 100 12 1 1 1 8 10 100 12 1 1 100 1 8 1 10 4 4 10 12 1 1 10 12 1 8 1 4 10 12 10 100 12 1 1 1 100 1 11 100 12 1 1 1 10 100 12 1 1 1 10 12 1 10 12 1 1 10 100 1 100 1 1 1 1 1 1 5 0 1 1 1 1 1 3 1 3 1 3 1 1 1 1 1 1 1 1 1 1 1 1 1 1 1 1 1 1 1 1 1 1 1 1 1 100 1 1 1 1 1 1 1 1 1 1 1 1 1 1 1 1 1 1 1 1 1 1 1 1 1 1 1 1 1 100 1 1 1 1 1 1 1 1 1 1 1 1 1 1 100 1 1 1 1 1 1 1 1 1 1 1 1 1 1 1 1 1 1 1 1 1 1 1 1 1 1 1 1 1 1 1 1 1 1 1 1 1 1 1 1 1 1 1 1 100 1 1 1 100 1 1 1 1 1 100 1 1 1 1 1 1 1 1 1 1 1 1 1 1 1 1 1 1
ciInstanceKlass java/util/Map 1 1 263 11 7 12 1 1 1 11 12 1 1 10 7 12 1 1 11 12 1 1 11 100 12 1 1 1 11 100 12 1 1 1 11 12 1 1 100 1 11 12 1 11 12 1 100 1 100 1 10 12 1 1 11 100 12 1 1 1 11 100 12 1 1 1 11 12 1 11 12 1 10 12 1 1 11 12 1 11 7 12 1 9 7 12 1 1 1 100 1 10 12 7 1 7 1 10 12 1 100 1 10 100 1 11 12 1 11 12 1 1 11 12 1 1 100 1 11 12 1 1 1 1 1 1 1 1 1 1 1 1 1 1 1 1 1 1 1 1 1 1 1 1 1 1 1 1 1 1 1 1 1 1 1 1 1 1 1 1 1 1 1 1 1 1 1 1 1 1 1 1 1 1 1 1 1 1 1 1 1 1 1 1 1 1 1 1 1 1 1 1 1 1 1 1 1 1 1 1 1 1 1 1 1 1 1 1 1 1 1 1 1 1 1 1 1 1 1 1 1 1 1 1 1 1 1 1 1 1 1 1 1 1 1 1 1 1 1 1 1 1 1 1 1 1 100 1 1 1 1 1 1 1 1 1 1 1 1 1 1 1 1 1 1
ciInstanceKlass java/lang/String 1 1 1471 10 7 12 1 1 1 8 1 9 7 12 1 1 1 9 12 1 1 9 12 1 1 9 12 1 1 10 12 1 10 12 1 1 10 12 1 1 9 12 1 10 7 12 1 1 1 10 12 1 1 10 12 1 10 7 12 1 1 1 10 12 1 1 10 12 1 1 10 12 1 10 12 1 1 10 12 1 10 7 12 1 1 1 7 1 9 7 12 1 1 1 10 7 12 1 1 1 10 12 1 1 10 12 1 1 10 7 12 1 1 1 10 12 1 1 9 7 12 1 1 10 12 9 7 12 1 1 10 12 1 1 3 10 12 1 1 7 1 11 12 1 1 11 12 1 11 12 1 1 10 100 12 1 1 1 10 12 1 1 9 100 12 1 1 1 10 12 1 1 10 12 1 11 12 1 1 10 12 1 10 12 10 12 1 1 100 1 100 1 10 12 1 10 12 1 10 7 12 1 1 1 10 12 1 1 100 1 10 12 1 1 100 1 10 12 1 1 10 12 1 1 10 12 1 10 10 12 1 100 1 100 1 100 1 10 12 1 10 12 1 1 10 12 1 1 10 12 1 10 12 1 1 10 12 1 1 10 7 12 1 1 7 1 11 10 7 12 1 1 11 12 1 11 12 1 10 12 1 10 12 1 10 12 10 12 1 1 10 10 100 12 1 1 1 10 100 12 1 1 10 12 1 1 10 100 12 1 1 10 12 1 10 12 1 1 10 12 1 1 10 12 1 10 12 1 10 12 1 1 100 1 10 12 1 1 10 12 10 12 1 10 12 1 1 10 12 1 1 10 100 12 1 1 1 10 12 1 10 12 1 1 10 12 1 10 12 1 3 3 10 12 1 1 10 12 1 10 12 1 1 10 12 1 1 10 12 1 1 10 12 1 10 12 1 1 10 12 1 1 10 12 1 10 12 1 10 12 1 10 12 1 1 10 12 1 10 12 1 10 12 1 10 12 1 10 12 1 10 12 1 10 100 1 10 8 1 10 12 1 1 10 12 1 8 1 10 12 1 1 10 12 10 12 1 8 1 10 10 12 1 1 10 12 1 1 100 1 5 0 100 1 8 1 10 10 12 1 1 5 0 5 0 5 0 10 12 1 1 10 100 1 10 10 12 1 10 12 1 10 12 1 10 10 12 1 10 12 1 10 12 1 10 12 1 10 12 1 10 12 1 10 12 1 1 10 12 1 1 10 12 1 1 10 10 12 1 1 10 10 12 1 100 1 10 9 100 12 1 1 1 11 100 12 1 1 1 10 12 1 1 10 12 1 1 10 7 1 10 12 1 10 12 1 10 7 12 1 1 1 10 12 1 10 12 1 1 10 12 1 11 7 1 11 12 10 12 1 10 12 1 1 10 12 1 1 10 10 12 1 10 12 1 9 12 1 1 11 100 12 1 1 1 10 12 10 10 12 1 10 12 1 1 10 10 12 1 10 12 1 10 12 1 1 10 12 1 1 10 10 12 1 1 10 10 7 12 1 1 1 10 12 1 10 12 1 10 12 10 10 12 10 10 12 1 10 12 1 10 10 12 10 12 1 1 10 12 10 10 12 10 12 1 10 12 10 12 10 10 12 1 10 12 1 1 10 12 1 1 10 10 12 1 10 7 12 1 1 1 10 12 1 1 10 10 7 12 1 1 1 11 10 12 1 10 12 1 1 10 12 1 1 10 100 12 1 1 1 10 12 1 10 12 1 10 12 1 10 12 1 10 12 1 10 12 1 100 1 10 10 12 1 10 12 1 1 8 1 10 12 1 3 3 10 12 1 10 12 1 1 10 12 7 1 10 10 12 1 1 10 12 10 12 1 10 12 1 10 12 1 1 10 12 1 1 11 7 12 1 1 1 7 1 10 12 1 10 12 1 1 8 1 10 12 1 1 10 12 1 11 100 12 1 1 1 11 100 12 1 1 11 12 1 10 12 1 10 12 1 1 10 10 7 12 1 1 1 10 12 1 10 12 1 10 10 12 10 12 1 1 10 10 12 1 10 10 12 1 10 10 12 1 10 10 12 1 10 12 1 1 10 10 12 1 8 1 10 12 1 1 18 12 1 1 11 100 12 1 1 1 3 18 12 1 18 12 1 8 1 10 100 12 1 1 1 11 12 1 1 10 12 10 10 12 1 10 11 12 1 1 10 12 1 1 11 12 1 18 3 11 10 11 11 10 12 1 10 12 1 1 8 1 10 12 1 10 12 1 10 12 1 1 10 10 12 1 11 100 12 1 100 1 100 1 10 12 100 1 10 10 100 12 1 1 1 100 1 10 7 1 10 10 12 1 10 10 12 1 8 1 10 10 12 1 8 1 8 1 10 12 1 10 12 1 10 10 12 10 100 12 1 1 10 100 12 1 1 10 100 12 1 1 8 1 10 12 1 10 12 1 10 9 12 1 10 12 9 7 12 1 1 1 10 12 1 10 12 1 10 12 1 10 12 10 12 1 10 12 1 8 1 10 100 12 1 1 1 10 12 10 12 1 1 10 12 10 12 10 12 7 1 9 12 1 1 7 1 10 100 1 100 1 100 1 100 1 1 1 1 1 1 5 0 1 1 1 1 1 3 1 3 1 1 1 1 1 1 1 1 1 1 1 1 1 1 1 100 1 1 1 1 1 1 1 1 1 1 1 1 1 1 1 1 1 1 1 1 1 1 1 1 1 1 1 1 1 1 1 100 1 1 1 1 1 1 1 1 1 1 1 1 100 1 1 1 1 1 1 1 1 1 1 1 1 1 1 1 1 1 1 1 1 1 1 1 1 1 1 1 1 1 1 1 1 1 1 1 1 1 1 1 1 1 1 1 1 1 1 1 1 1 1 1 1 1 1 1 1 1 1 1 1 1 1 1 1 1 1 1 1 1 1 1 1 1 1 1 1 1 1 1 1 1 1 1 1 1 1 1 1 1 1 1 1 1 1 1 1 1 1 1 1 1 1 1 1 1 1 1 1 1 1 1 1 1 1 1 1 1 1 1 1 1 1 1 1 1 1 1 1 1 1 1 1 1 1 1 1 1 1 1 1 1 1 1 1 1 1 1 1 1 1 1 1 1 1 1 1 1 1 1 1 1 1 1 1 1 1 1 1 1 1 1 1 1 1 1 1 1 1 1 100 1 1 1 1 1 1 1 1 1 1 1 1 1 1 1 1 1 1 1 1 1 1 1 100 1 1 1 1 1 1 1 1 1 1 1 1 1 1 1 100 1 1 1 1 1 1 1 1 1 1 1 1 1 1 1 16 15 10 12 16 15 10 12 15 10 12 15 10 12 15 10 100 12 1 1 1 1 100 1 1 1 1 1 100 1 100 1 1 1
staticfield java/lang/String COMPACT_STRINGS Z 1
staticfield java/lang/String serialPersistentFields [Ljava/io/ObjectStreamField; 0 [Ljava/io/ObjectStreamField;
staticfield java/lang/String CASE_INSENSITIVE_ORDER Ljava/util/Comparator; java/lang/String$CaseInsensitiveComparator
ciMethod java/lang/String equals (Ljava/lang/Object;)Z 520 0 5415 0 488
ciMethod java/lang/String toString ()Ljava/lang/String; 768 0 28204 0 80
ciMethod java/lang/String hashCode ()I 644 0 5470 0 752
ciInstanceKlass java/lang/Comparable 1 0 12 100 1 100 1 1 1 1 1 1 1 1
ciInstanceKlass java/lang/CharSequence 1 1 131 11 7 12 1 1 1 18 12 1 1 100 1 10 100 12 1 1 1 18 10 100 12 1 1 1 11 12 1 1 11 100 1 11 12 1 1 10 100 12 1 1 1 11 12 1 1 100 1 10 12 1 1 10 100 12 1 1 1 100 1 10 10 12 1 1 100 1 1 1 1 1 1 1 1 1 1 1 1 1 1 1 1 1 1 1 1 1 1 1 1 1 1 1 1 1 1 1 1 1 16 1 15 11 12 16 15 11 12 15 10 100 12 1 1 1 1 1 100 1 100 1 1 100 1 1 100 1 100 1 1
ciMethod java/lang/String length ()I 616 0 291683 0 -1
ciMethod java/lang/String charAt (I)C 884 0 276325 0 -1
ciMethod java/lang/String isEmpty ()Z 512 0 38948 0 0
ciInstanceKlass java/lang/constant/Constable 1 0 11 100 1 100 1 1 1 1 1 1 1
ciInstanceKlass java/lang/constant/ConstantDesc 1 0 37 100 1 100 1 1 1 1 100 1 1 1 1 100 1 100 1 100 1 100 1 100 1 100 1 100 1 100 1 100 1 1 100 1 100 1 1
ciInstanceKlass java/lang/AutoCloseable 1 0 12 100 1 100 1 1 1 1 100 1 1 1
ciInstanceKlass java/io/Closeable 1 0 14 100 1 100 1 100 1 1 1 1 100 1 1 1
ciInstanceKlass java/io/Flushable 1 0 12 100 1 100 1 1 1 1 100 1 1 1
ciInstanceKlass java/lang/Appendable 1 0 14 100 1 100 1 1 1 1 100 1 1 1 1 1
ciInstanceKlass java/util/Set 1 1 144 100 1 10 100 12 1 1 1 9 7 12 1 1 1 7 1 10 12 1 1 10 12 1 7 1 7 1 10 12 1 7 1 7 1 11 7 12 1 1 1 11 12 1 1 7 1 10 12 1 10 12 1 1 11 12 1 1 1 1 1 1 1 1 1 1 1 1 1 1 1 1 1 1 1 1 1 1 1 1 1 1 1 1 1 1 1 1 1 1 1 1 1 1 1 1 1 1 1 1 1 1 1 1 1 1 1 1 1 1 1 1 1 1 1 1 1 1 1 1 1 1 1 1 1 1 1 1 1 1 1 1 1 1 1 1 1 1 1 1 1 1 1 1
ciInstanceKlass java/util/Iterator 1 1 53 100 1 8 1 10 12 1 1 10 100 12 1 1 1 11 100 12 1 1 1 11 12 1 1 11 100 12 1 1 1 100 1 1 1 1 1 1 1 1 1 1 1 1 1 1 1 1 1 1 1 1 1
ciInstanceKlass java/util/Map$Entry 1 0 178 18 12 1 1 100 1 100 1 18 10 100 12 1 1 1 18 12 1 18 100 1 11 100 12 1 1 1 11 12 1 11 100 12 1 1 1 10 100 12 1 1 1 10 100 12 1 1 1 8 1 10 12 1 1 8 1 8 1 8 1 10 12 1 10 12 1 8 10 100 1 10 12 1 8 10 12 1 8 1 10 12 1 8 10 12 1 8 1 10 12 1 1 8 1 100 1 8 1 10 12 1 1 11 12 100 1 11 12 1 1 1 1 1 1 1 1 1 1 1 1 1 1 1 1 1 1 1 1 1 1 1 1 1 1 1 1 1 1 1 1 1 1 1 1 1 1 1 16 15 11 12 16 3 3 15 11 12 15 11 12 15 11 12 15 10 100 12 1 1 1 1 1 100 1 100 1 1
instanceKlass sun/nio/ch/NioSocketImpl$1
instanceKlass java/net/Socket$SocketInputStream
instanceKlass sun/nio/ch/ChannelInputStream
instanceKlass java/util/zip/ZipFile$ZipFileInputStream
instanceKlass java/io/FilterInputStream
instanceKlass java/io/FileInputStream
instanceKlass java/io/ByteArrayInputStream
ciInstanceKlass java/io/InputStream 1 1 197 100 1 10 7 12 1 1 1 100 1 10 10 7 12 1 1 1 10 7 12 1 1 1 10 12 1 100 1 100 1 3 10 12 1 1 100 1 8 1 10 12 1 10 100 12 1 1 1 3 100 1 8 1 10 10 100 12 1 1 1 100 1 10 11 100 12 1 1 1 10 12 1 1 11 12 1 1 11 100 12 1 1 1 11 12 1 1 100 1 10 100 12 1 1 1 5 0 10 12 1 10 12 1 1 100 1 10 8 1 10 8 1 8 1 10 12 1 1 10 100 12 1 1 1 100 1 5 0 10 12 1 100 1 100 1 1 1 1 3 1 3 1 1 1 1 1 1 1 1 1 1 1 1 1 1 1 1 1 1 1 1 1 1 1 1 1 1 1 1 1 1 1 1 1 1 1 1 1 1 1 1 1 1 1 1 1 1 1 1 1 1 1 1 1 1 1
instanceKlass java/security/SecureClassLoader
ciInstanceKlass java/lang/ClassLoader 1 1 1057 9 7 12 1 1 1 10 7 12 1 1 1 9 12 1 1 10 7 12 1 1 1 7 1 10 12 1 1 10 12 1 1 9 12 1 1 10 12 1 1 100 1 10 12 1 10 12 1 1 10 7 12 1 1 1 100 1 8 1 10 12 1 10 7 1 10 7 1 7 1 7 1 10 12 1 10 12 1 9 12 1 1 10 10 7 12 1 1 1 9 12 1 1 9 12 1 9 12 1 1 9 12 1 9 12 1 1 9 12 1 1 7 1 10 12 1 9 12 1 1 10 12 1 1 10 7 12 1 1 1 9 12 1 9 12 1 1 9 12 1 10 12 1 1 9 12 10 12 1 1 7 1 10 8 1 10 12 1 1 10 12 1 10 7 1 7 1 10 7 12 1 1 1 10 100 12 1 1 1 8 1 10 12 1 10 12 1 10 12 1 1 10 12 1 1 10 12 1 1 10 12 1 1 10 12 1 1 10 12 1 100 1 10 12 1 10 100 12 1 1 1 10 12 1 1 10 12 1 10 12 1 10 12 1 10 12 1 10 12 1 1 10 10 12 1 10 12 1 10 10 12 1 1 10 12 1 1 100 1 8 1 10 8 1 10 12 1 10 12 1 100 1 8 1 10 12 1 1 10 12 1 1 10 10 12 1 1 10 12 1 1 10 12 1 1 10 7 1 10 12 1 10 12 1 1 10 12 1 1 10 12 1 1 10 12 1 1 10 12 1 1 10 12 1 1 10 12 1 1 10 7 12 1 1 1 10 12 1 10 12 1 10 12 1 1 10 12 1 10 12 1 10 12 1 10 12 1 1 10 12 1 10 12 1 1 8 1 9 12 1 10 12 1 1 8 1 8 1 10 7 12 1 1 100 1 10 10 12 10 12 1 10 12 1 10 12 1 10 12 1 1 10 7 12 1 1 10 12 1 10 7 1 7 1 10 12 1 1 10 12 1 10 7 1 10 12 1 100 1 18 12 1 10 100 12 1 1 1 10 100 12 1 1 1 10 7 12 1 1 10 12 1 10 12 1 100 1 10 12 1 8 1 10 10 12 1 1 10 12 1 10 12 1 1 100 1 10 12 1 1 10 100 12 1 1 10 12 1 10 7 12 1 1 10 12 1 8 1 100 1 10 10 12 1 9 12 1 10 7 12 1 1 10 12 1 100 1 8 1 10 12 1 10 8 1 8 1 10 12 1 1 10 12 1 1 10 12 1 1 10 100 12 1 1 100 1 100 1 10 12 1 1 100 1 100 1 10 100 12 1 1 10 12 1 10 12 1 10 12 1 10 12 1 10 12 1 1 10 12 1 8 1 7 1 18 12 1 1 10 12 1 1 10 12 1 10 12 1 10 12 1 8 1 10 12 1 10 12 1 18 12 1 11 100 12 1 1 1 100 1 10 12 1 1 10 12 1 10 11 12 1 1 10 18 10 12 1 1 11 100 12 1 18 12 1 11 12 1 1 10 12 1 10 12 1 1 10 12 1 1 100 1 8 1 10 10 12 1 8 1 8 1 10 100 12 1 1 10 12 1 100 1 10 10 12 1 8 1 8 1 8 1 10 12 1 10 12 1 10 12 1 1 10 12 1 1 10 12 1 10 100 12 1 1 1 11 100 12 1 1 100 1 10 11 10 12 1 10 12 1 10 12 1 1 9 100 12 1 1 9 12 1 1 9 12 9 12 1 9 12 1 9 12 1 8 10 12 1 1 10 7 12 1 1 1 10 12 1 1 10 12 1 1 10 12 1 10 10 12 1 11 12 1 1 10 100 12 1 1 1 100 1 10 12 1 10 12 1 10 12 1 1 1 1 1 1 1 1 1 1 1 1 1 1 1 1 1 1 1 1 1 1 1 1 1 1 100 1 1 1 1 1 1 1 1 1 1 1 1 1 1 1 1 1 1 1 1 1 1 1 1 1 100 1 1 1 1 1 1 1 1 1 1 1 1 1 1 1 1 1 1 1 1 1 1 1 1 1 1 1 1 1 1 1 1 1 1 1 1 1 1 1 1 1 1 1 100 1 1 1 1 1 1 1 1 1 1 1 1 1 1 1 1 1 1 1 1 1 100 1 1 1 1 1 1 1 1 1 1 1 1 1 1 1 1 1 1 1 1 1 1 1 1 1 1 1 1 1 1 1 1 1 1 1 1 1 1 1 1 1 1 1 1 100 1 1 1 1 1 1 1 1 1 1 1 1 1 1 1 1 1 1 1 1 1 1 1 1 1 1 1 1 1 1 1 1 1 1 1 1 1 1 1 1 1 1 1 1 1 1 1 1 1 1 1 16 1 15 10 12 16 1 16 15 10 12 16 1 16 1 15 10 12 16 15 10 12 16 15 10 12 16 15 10 100 12 1 1 1 1 1 100 1 100 1 1
staticfield java/lang/ClassLoader nocerts [Ljava/security/cert/Certificate; 0 [Ljava/security/cert/Certificate;
staticfield java/lang/ClassLoader $assertionsDisabled Z 1
instanceKlass java/util/concurrent/ForkJoinWorkerThread
instanceKlass jdk/internal/misc/InnocuousThread
instanceKlass java/lang/ref/Finalizer$FinalizerThread
instanceKlass java/lang/ref/Reference$ReferenceHandler
instanceKlass java/lang/BaseVirtualThread
ciInstanceKlass java/lang/Thread 1 1 759 10 7 12 1 1 1 9 12 1 1 10 7 12 1 1 10 12 1 10 100 12 1 1 100 1 8 1 10 12 1 1 9 12 1 1 9 12 1 9 12 1 1 7 1 10 12 1 1 10 12 1 7 1 10 12 10 12 1 1 9 12 1 1 10 12 1 100 1 10 12 1 10 12 1 1 10 12 1 1 10 12 1 10 12 1 1 100 1 8 1 10 9 7 12 1 1 1 10 12 1 1 10 3 8 1 100 1 5 0 10 7 12 1 1 1 9 12 1 10 12 1 1 10 7 1 100 1 8 1 10 7 1 10 12 1 9 12 1 1 10 12 1 1 10 12 1 1 10 7 12 1 1 10 12 1 10 12 1 10 7 12 1 1 5 0 9 12 1 10 7 12 1 1 1 10 12 1 1 9 12 1 1 9 12 1 1 10 100 12 1 1 10 100 12 1 1 1 10 12 1 10 12 1 1 9 12 1 1 10 7 12 1 1 9 12 1 8 1 9 7 12 1 1 1 5 0 7 1 10 7 1 10 100 1 10 100 1 10 8 1 10 12 1 1 10 100 12 1 10 12 1 10 12 1 100 1 8 1 10 10 12 1 10 12 1 1 10 100 12 1 1 1 10 100 12 1 1 1 10 12 1 7 1 9 12 1 1 100 1 10 10 12 1 9 12 1 1 10 12 1 1 10 12 1 1 10 12 1 10 12 1 9 12 1 1 10 10 12 1 1 10 12 1 1 11 7 12 1 1 10 7 12 1 1 9 12 1 9 12 1 1 9 12 1 1 10 100 12 1 1 10 12 1 1 9 7 12 1 1 1 10 7 12 1 1 10 12 1 10 12 1 100 1 10 9 12 1 1 10 12 1 11 100 12 1 1 11 12 1 10 12 1 10 12 1 10 12 1 9 12 1 10 10 12 1 10 12 1 1 9 12 1 9 12 10 12 1 8 1 10 12 1 10 12 1 10 12 1 10 12 1 10 12 1 1 10 12 1 10 12 1 1 10 100 12 1 1 10 12 1 10 12 1 10 12 1 10 12 1 1 9 7 12 1 1 1 8 1 10 9 12 1 10 12 1 100 1 8 1 10 10 12 1 8 1 10 12 1 1 9 12 8 1 10 10 12 1 10 12 1 8 1 10 12 1 10 8 1 9 12 1 1 10 12 1 1 10 10 12 1 10 12 1 100 10 7 12 1 1 1 10 12 1 1 10 12 1 1 10 100 12 1 1 1 11 100 12 1 1 1 10 12 1 1 9 12 1 10 12 1 10 12 1 1 11 100 12 1 1 1 10 12 1 1 1 1 3 1 3 1 3 1 3 1 1 1 1 1 1 1 1 1 1 1 1 1 1 1 1 1 1 1 1 1 1 100 1 1 1 1 1 1 1 1 1 1 1 1 1 1 1 1 1 1 100 1 1 1 1 1 1 1 1 1 1 1 1 1 1 1 100 1 1 1 1 1 1 1 1 1 1 1 1 1 1 1 1 1 1 1 1 1 1 1 1 1 1 1 1 1 1 1 1 1 1 1 1 1 1 1 1 1 1 1 1 1 1 1 1 1 1 1 1 1 1 1 1 1 1 1 1 1 1 1 1 1 1 1 1 1 1 100 100 1 1 1 1 1 1 1 1 1 1 1 1 1 1 1 1 1 1 1 1 1 1 1 100 1 100 1 100 1 1 100 1 1 1 1 1 1 1 1 1 1 1 1 1 1
staticfield java/lang/Thread NEW_THREAD_BINDINGS Ljava/lang/Object; java/lang/Class
staticfield java/lang/Thread EMPTY_STACK_TRACE [Ljava/lang/StackTraceElement; 0 [Ljava/lang/StackTraceElement;
ciInstanceKlass java/lang/Runnable 1 0 11 100 1 100 1 1 1 1 1 1 1
ciMethod java/lang/System identityHashCode (Ljava/lang/Object;)I 208 0 104 0 -1
ciMethod java/lang/System arraycopy (Ljava/lang/Object;ILjava/lang/Object;II)V 256 0 128 0 -1
ciInstanceKlass java/lang/Class 1 1 1647 10 7 12 1 1 1 10 7 12 1 1 9 12 1 1 9 12 1 1 10 12 1 1 8 1 10 12 1 8 1 8 1 10 12 1 1 10 7 12 1 1 1 10 12 1 100 1 10 10 12 1 10 12 1 1 10 12 1 1 10 12 1 1 10 100 12 1 1 10 12 1 10 12 1 10 12 1 1 10 12 1 8 1 10 12 1 8 1 10 12 1 8 1 8 1 10 12 1 1 10 100 12 1 1 1 18 12 1 1 11 100 12 1 1 1 8 1 8 1 8 1 10 100 12 1 1 1 11 12 1 1 8 1 10 12 1 10 10 12 1 1 10 12 1 8 1 10 12 1 1 8 1 10 12 1 10 12 1 1 11 100 12 1 1 1 11 100 12 1 1 1 11 8 1 18 8 1 10 12 1 10 7 12 1 1 10 12 1 1 10 7 12 1 1 1 10 12 1 1 10 12 1 1 10 7 12 1 1 1 10 7 12 1 10 12 1 1 10 7 1 10 12 1 8 1 10 8 1 8 1 8 1 8 1 8 1 8 1 8 1 8 1 9 100 12 1 1 9 100 1 9 100 1 9 100 1 9 100 1 9 100 1 9 100 1 9 100 1 9 100 1 9 12 1 1 100 1 8 1 10 12 1 10 12 1 1 100 1 10 12 1 1 10 7 12 1 1 1 10 7 12 1 1 1 100 1 100 1 10 10 12 1 1 10 12 1 1 100 1 10 100 12 1 1 1 10 12 1 1 10 12 1 1 9 12 1 1 10 12 1 9 12 1 1 9 12 1 1 10 12 1 1 10 100 1 10 12 1 10 12 1 1 10 9 12 1 10 12 1 8 1 10 12 1 1 10 12 1 1 10 12 1 10 12 1 10 12 1 1 10 12 1 9 7 12 1 1 1 10 100 12 1 1 10 12 1 10 12 1 10 12 1 10 12 1 9 100 12 1 1 1 9 12 1 10 12 1 10 100 12 1 1 1 9 12 1 1 10 7 10 12 1 1 10 100 12 1 1 10 12 1 10 12 1 1 10 100 12 1 1 1 10 12 1 10 12 1 1 10 12 1 10 12 1 10 12 1 1 10 7 1 10 10 12 1 1 10 12 1 1 10 12 10 10 12 1 1 100 1 8 1 10 10 12 1 1 10 12 1 100 1 11 12 1 10 12 1 10 12 1 10 100 12 1 1 10 10 12 1 1 8 1 10 12 1 8 1 9 12 1 10 12 1 10 12 1 10 12 1 10 12 100 1 9 12 1 10 12 1 9 12 1 10 12 1 10 12 1 10 12 1 10 10 12 1 10 12 1 10 12 1 10 12 1 10 12 1 10 12 1 7 1 10 10 12 1 10 12 1 11 100 12 1 1 11 12 1 1 10 12 1 1 10 12 1 1 10 12 1 1 10 12 1 1 10 12 1 1 10 12 1 1 100 1 10 10 12 1 1 10 12 1 1 10 12 1 1 10 10 12 1 10 12 1 1 10 12 1 1 10 12 1 1 10 12 1 1 10 12 10 12 1 1 10 7 12 1 1 1 10 12 1 10 12 1 1 10 12 1 10 100 12 1 1 1 10 12 1 1 10 10 12 1 1 100 1 10 10 12 1 1 10 100 12 1 1 1 100 1 100 1 10 12 1 1 10 12 1 10 10 12 1 1 10 12 1 10 12 1 10 12 1 10 100 12 1 1 1 11 100 12 1 1 10 12 1 10 12 1 10 12 1 1 10 12 1 9 100 12 1 1 1 8 1 10 12 1 10 12 1 10 12 1 10 12 1 1 9 12 1 9 12 1 1 10 7 12 1 1 9 12 1 10 12 1 1 10 10 12 1 10 7 12 1 1 1 10 100 12 1 1 10 100 12 1 1 9 12 1 1 10 12 1 9 12 1 10 12 1 10 12 1 1 9 12 1 1 9 12 1 10 12 1 10 12 1 1 9 12 1 100 1 10 10 12 1 1 7 1 10 100 11 100 1 9 12 1 1 9 12 1 10 12 1 9 12 1 1 9 12 1 10 12 1 10 12 1 1 9 12 1 100 1 10 10 12 1 1 10 10 12 1 10 12 10 10 12 1 9 12 1 10 12 1 1 10 12 1 8 10 100 8 1 18 8 1 8 1 10 12 1 9 12 1 9 12 1 1 10 12 1 7 1 100 1 10 12 1 9 12 1 1 10 10 12 1 9 12 1 8 1 10 12 1 10 10 12 1 1 100 1 100 1 9 12 1 100 1 8 1 10 10 7 12 1 1 1 10 12 11 7 12 1 1 1 10 12 1 10 12 1 1 10 8 1 10 12 1 8 1 10 12 1 1 9 100 12 1 1 11 12 100 1 11 100 12 1 1 9 12 1 10 100 12 1 1 1 10 100 12 1 1 10 12 1 1 9 12 1 9 10 12 1 1 10 12 1 1 10 12 1 1 10 12 1 1 10 12 1 1 11 12 1 11 12 1 1 11 100 12 1 1 11 12 1 100 1 11 12 1 10 100 12 1 1 1 10 12 1 11 12 1 10 100 12 1 1 1 10 12 1 10 100 12 1 1 1 11 12 1 11 12 1 1 10 12 1 10 12 1 1 9 12 1 1 10 12 1 10 100 12 1 1 1 10 12 1 1 10 12 1 10 12 1 10 12 1 10 7 12 1 1 1 10 12 1 8 1 10 12 1 10 12 1 10 12 1 8 1 8 1 10 7 12 1 1 10 100 12 1 1 100 1 10 12 10 7 12 1 1 1 10 7 12 1 1 1 10 12 1 1 10 12 1 18 12 1 1 11 12 1 1 18 11 12 1 18 12 1 11 12 1 10 12 1 10 12 1 10 12 1 10 12 10 12 1 8 1 10 12 1 7 1 9 12 1 1 100 1 100 1 100 1 100 1 1 1 3 1 3 1 3 1 1 1 1 1 1 1 1 1 5 0 1 1 1 1 1 1 1 1 1 1 1 1 1 1 1 1 1 1 1 1 1 1 1 1 1 100 1 1 1 1 1 1 1 1 1 1 1 100 1 1 1 1 1 100 1 1 1 1 1 1 1 1 1 1 1 1 1 1 1 1 1 1 1 1 1 1 1 1 1 1 1 1 1 1 1 1 1 1 1 100 1 1 1 1 1 1 1 1 1 1 1 1 1 1 1 1 1 1 1 1 1 1 1 1 1 1 1 1 1 1 1 100 1 1 1 1 1 1 1 1 1 1 1 1 1 1 1 1 1 1 1 1 1 1 1 1 1 1 1 1 1 1 1 1 1 1 1 1 1 1 1 1 1 1 1 1 1 1 1 1 1 1 1 1 1 1 1 1 1 1 1 1 1 100 1 100 1 1 1 1 1 1 1 100 1 1 1 1 1 1 1 1 1 1 1 1 1 1 1 1 1 1 1 1 1 1 1 1 1 1 1 1 1 1 1 1 1 1 1 1 1 1 1 1 1 1 1 1 1 1 1 1 1 1 1 1 1 1 1 1 1 1 1 1 1 1 1 1 1 1 1 1 1 1 1 1 1 1 1 1 1 1 1 1 1 1 1 1 1 1 1 1 1 1 1 1 1 1 1 1 1 1 1 1 1 1 1 1 1 1 1 1 1 1 1 1 1 1 16 15 10 12 16 15 11 12 16 1 15 10 12 16 16 15 10 12 16 15 16 1 15 10 12 16 15 10 100 12 1 1 1 1 1 1 1 1 1 1 1 1 100 1 1 100 1 100 1 1 100 1 100 1 1
staticfield java/lang/Class EMPTY_CLASS_ARRAY [Ljava/lang/Class; 0 [Ljava/lang/Class;
staticfield java/lang/Class serialPersistentFields [Ljava/io/ObjectStreamField; 0 [Ljava/io/ObjectStreamField;
ciInstanceKlass java/lang/reflect/AnnotatedElement 1 1 165 11 7 12 1 1 1 11 12 1 1 100 1 10 100 12 1 1 1 10 12 1 1 10 12 1 1 10 12 1 10 100 12 1 1 1 11 12 1 1 11 100 12 1 1 10 100 12 1 1 1 10 12 1 10 100 12 1 1 1 18 12 1 1 11 100 12 1 1 18 12 1 18 12 1 1 10 100 12 1 1 1 11 100 12 1 1 1 100 1 10 100 12 1 1 1 1 1 1 1 1 1 1 1 1 1 1 1 1 1 1 1 1 1 1 1 1 1 1 100 1 1 1 1 1 1 1 1 1 1 1 16 15 16 1 16 1 15 11 12 16 16 1 15 10 100 12 1 1 1 16 1 15 10 100 12 1 1 1 1 100 1 100 1 1
ciInstanceKlass java/lang/reflect/Type 1 1 17 11 100 12 1 1 1 100 1 1 1 1 1 1 1 1 1
ciInstanceKlass java/lang/invoke/TypeDescriptor 1 0 17 100 1 100 1 1 1 1 1 1 100 1 100 1 1 1 1
ciInstanceKlass java/lang/invoke/TypeDescriptor$OfField 1 0 21 100 1 100 1 100 1 1 1 1 1 1 1 1 1 1 1 1 1 1 1
ciInstanceKlass java/lang/reflect/GenericDeclaration 1 0 30 100 1 100 1 100 1 1 1 1 1 1 1 1 100 1 8 1 1 12 10 1 1 1 8 1 1 1 8 1
ciMethod java/lang/Class getName ()Ljava/lang/String; 516 0 878 0 -1
ciMethod java/lang/Class isInstance (Ljava/lang/Object;)Z 256 0 128 0 -1
ciMethod java/lang/Class isArray ()Z 256 0 128 0 -1
ciMethod java/lang/Class cast (Ljava/lang/Object;)Ljava/lang/Object; 282 0 72720 0 -1
ciInstanceKlass java/lang/Module 1 1 1068 10 7 12 1 1 1 9 7 12 1 1 1 10 7 12 1 1 1 9 12 1 9 12 1 1 9 12 1 1 10 12 1 1 10 12 1 10 12 1 1 10 100 12 1 1 1 100 1 10 7 12 1 1 1 10 12 1 1 11 7 12 1 1 1 10 12 1 1 10 12 1 8 1 10 7 12 1 1 1 10 100 12 1 1 1 10 7 12 1 1 1 10 12 1 1 10 12 1 9 12 1 1 10 7 12 1 1 1 9 7 12 1 1 1 100 1 10 8 1 10 12 1 1 10 12 1 10 12 8 1 10 7 12 1 1 1 10 100 12 1 1 1 10 100 12 1 1 1 8 1 10 12 1 8 1 9 12 1 100 1 8 1 10 12 1 10 8 1 8 1 8 1 10 100 12 1 1 1 8 1 10 100 12 1 1 1 8 1 10 12 1 9 12 1 1 11 12 1 9 100 12 1 1 10 100 12 1 1 1 10 100 12 1 1 1 10 12 1 1 8 1 10 12 1 1 10 12 1 10 12 1 1 9 100 12 1 1 1 10 12 1 1 10 12 1 1 9 12 1 10 12 1 10 12 1 9 12 1 1 11 7 12 1 1 10 12 1 1 9 12 1 9 12 1 10 12 1 10 12 1 100 1 8 1 10 10 12 1 1 10 12 1 8 1 10 12 1 1 8 1 8 1 10 12 1 1 10 12 1 10 12 1 1 18 12 1 1 10 12 1 1 11 12 1 9 12 1 11 12 10 12 1 100 1 8 1 10 11 12 1 1 10 100 12 1 1 1 10 12 1 10 12 1 1 11 12 1 1 11 7 12 1 1 11 12 1 1 9 12 1 11 12 1 10 12 1 1 10 12 1 1 9 12 1 10 12 10 100 12 1 1 10 7 1 18 12 1 1 11 100 12 1 1 1 18 12 1 11 12 1 1 10 100 12 1 1 1 11 12 1 1 10 100 12 1 1 100 1 11 12 1 100 1 100 1 10 12 1 10 7 12 1 1 1 10 100 12 1 1 1 10 11 100 12 1 8 1 10 10 12 1 1 10 100 12 1 1 10 12 1 10 12 1 100 1 10 12 1 10 11 12 1 1 10 12 10 12 1 1 9 12 1 1 100 1 10 10 12 1 1 11 100 1 10 12 1 1 11 12 1 10 10 12 1 11 10 12 1 1 10 12 1 1 10 12 1 1 10 100 12 1 1 10 12 1 10 12 1 1 10 10 12 1 1 10 12 1 18 12 1 11 12 1 18 12 1 10 12 1 10 12 1 10 12 100 1 10 12 1 10 12 1 10 12 1 9 12 1 100 1 10 10 10 10 12 1 10 12 1 10 12 1 10 12 1 1 10 12 1 1 10 12 1 9 12 1 10 12 1 100 1 8 1 10 12 1 1 10 12 1 10 100 12 1 1 100 1 10 12 1 1 100 1 8 1 100 1 9 100 12 1 1 1 11 100 12 1 1 10 12 1 1 11 12 1 1 18 12 1 1 11 12 1 1 100 1 10 12 1 10 12 1 1 100 1 100 1 10 12 8 1 10 12 1 1 10 12 1 1 10 100 12 1 1 10 12 1 1 10 12 1 10 12 10 12 1 1 100 1 10 10 12 1 1 10 100 12 1 1 1 100 1 10 100 12 1 1 1 10 100 12 1 1 8 1 18 12 1 1 100 1 100 1 9 12 1 1 9 12 1 9 12 1 11 100 12 1 1 1 100 1 11 12 1 1 100 1 10 12 1 8 1 10 12 1 10 12 10 12 1 8 1 10 10 100 12 1 1 100 1 10 10 12 1 10 7 12 1 1 9 12 1 9 12 1 9 12 1 9 12 1 10 12 11 12 1 10 12 1 100 1 1 1 1 1 1 1 1 1 1 1 1 1 1 1 1 1 1 1 1 1 1 1 1 1 1 1 1 1 1 1 1 1 1 1 1 1 1 1 1 1 1 1 1 1 1 1 1 1 1 1 1 1 1 1 1 1 1 1 1 1 1 1 1 1 1 1 1 1 1 1 1 1 1 1 1 1 1 1 1 1 1 1 1 1 1 1 1 1 1 1 1 1 1 1 1 1 1 1 1 1 1 1 1 1 1 1 1 1 1 1 1 1 1 100 100 1 1 1 1 1 1 1 1 1 1 1 1 1 1 1 1 1 1 1 1 1 1 1 1 1 1 100 1 100 1 1 1 1 1 1 1 1 1 1 1 1 1 1 1 1 1 1 100 1 1 1 1 1 1 1 1 1 1 1 1 1 1 1 1 1 1 1 1 1 1 1 16 15 10 12 16 16 15 10 12 16 16 15 10 16 1 15 10 12 16 1 15 10 12 16 1 16 1 15 10 12 16 15 10 100 12 1 1 1 15 10 100 12 1 1 1 1 1 1 1 1 1 1 1 1 1 100 1 100 1 1
staticfield java/lang/Module ALL_UNNAMED_MODULE Ljava/lang/Module; java/lang/Module
staticfield java/lang/Module ALL_UNNAMED_MODULE_SET Ljava/util/Set; java/util/ImmutableCollections$Set12
staticfield java/lang/Module EVERYONE_MODULE Ljava/lang/Module; java/lang/Module
staticfield java/lang/Module EVERYONE_SET Ljava/util/Set; java/util/ImmutableCollections$Set12
staticfield java/lang/Module $assertionsDisabled Z 1
ciInstanceKlass java/lang/StringLatin1 1 1 419 7 1 10 100 12 1 1 1 10 12 1 1 10 7 12 1 1 1 10 100 12 1 1 1 10 12 1 10 12 1 1 100 1 5 0 5 0 10 7 12 1 1 1 10 7 12 1 1 1 10 12 1 1 10 7 12 1 1 1 10 7 12 1 1 1 10 12 1 1 10 12 1 1 10 10 12 1 10 12 1 10 9 7 12 1 1 1 10 12 1 1 10 100 12 1 1 1 10 12 10 12 1 1 10 12 1 1 10 12 1 10 12 1 1 10 12 1 10 7 12 1 1 10 12 1 10 12 1 9 12 1 1 100 1 10 10 12 1 1 10 7 12 1 1 1 10 12 1 10 12 1 100 1 100 1 8 1 10 12 1 8 1 10 12 1 1 100 1 10 10 12 1 10 7 12 1 1 1 8 1 8 1 8 1 10 12 1 1 10 12 10 100 12 1 1 10 12 1 10 12 1 1 10 12 1 1 10 12 1 1 10 12 1 10 12 10 12 10 12 1 10 12 10 10 12 1 10 12 1 10 12 1 10 100 12 1 1 1 10 100 12 1 1 1 10 12 1 1 10 12 1 1 10 10 7 12 1 1 1 1 1 1 1 1 1 1 1 1 1 1 1 1 1 1 1 1 1 1 1 1 1 1 1 1 1 1 1 1 1 1 1 1 1 1 1 1 1 1 1 1 1 1 1 1 1 1 1 1 1 1 1 1 1 1 1 1 1 1 1 100 1 1 1 1 1 1 1 1 1 1 1 1 1 1 1 1 1 1 1 1 1 1 1 1 1 1 1 1 1 1 1 1 1 1 1 1 1 1 1 1 1 100 1 1 1 1 1 1 1 1 1 1 1 1 1 1 1 1 1 1 1 1 1 1 1 100 1 1 1 1 1 1 1 1 1 1 1 1 1 1 1 1 1 1 1 1 1 1 1 1 1 1 1 100 1 1 1 1
staticfield java/lang/StringLatin1 $assertionsDisabled Z 1
ciInstanceKlass java/lang/Math 1 1 460 7 1 7 1 10 100 12 1 1 1 10 7 12 1 1 1 10 12 1 10 12 1 10 12 1 10 12 1 10 12 1 6 0 6 0 10 12 1 10 12 1 10 12 1 10 12 1 10 12 1 10 12 1 1 10 12 1 10 12 1 10 12 1 10 12 1 10 12 1 10 7 12 1 1 1 100 1 3 3 3 10 12 1 1 100 1 5 0 5 0 5 0 5 0 5 0 9 100 12 1 1 1 10 100 12 1 1 1 100 1 8 1 10 12 1 8 1 10 12 1 1 10 12 1 1 100 1 5 0 5 0 100 1 3 5 0 3 5 0 10 12 1 10 12 1 10 12 1 10 12 1 10 12 1 8 1 10 12 1 8 1 10 12 1 1 10 12 1 1 9 12 1 1 9 12 1 100 1 100 1 10 10 12 1 1 8 1 10 12 1 10 12 1 1 10 10 12 1 10 12 1 10 12 1 10 12 1 1 8 1 8 1 10 12 1 1 10 12 1 10 12 10 12 10 12 1 10 12 1 10 12 1 10 12 1 10 12 6 0 10 12 1 9 12 1 1 100 1 10 10 12 1 100 1 10 12 1 10 12 1 1 10 12 1 10 12 1 10 12 10 12 1 1 10 12 1 1 10 12 1 1 10 12 6 0 10 12 1 1 10 12 10 12 1 4 10 12 1 10 12 1 10 12 10 12 1 10 12 1 10 12 1 10 12 1 10 12 1 10 12 1 5 0 6 0 4 6 0 4 6 0 4 10 12 1 6 0 6 0 10 12 1 10 12 10 7 12 1 1 1 4 6 0 1 1 1 6 0 1 6 0 1 6 0 1 1 1 1 1 1 1 1 1 1 1 1 1 1 1 1 1 1 1 1 1 1 1 1 1 1 1 1 1 1 1 1 1 1 1 1 1 1 1 1 1 1 1 1 1 1 1 1 1 1 1 1 1 1 1 1 1 1 1 1 1 1 1 1 1 1 1 1 1 1 1 1 1 1 1 1 1 1 1 1 1 1 1 1 1 1 1 1 1 1 1 1 1 1 1
staticfield java/lang/Math negativeZeroFloatBits J -2147483648
staticfield java/lang/Math negativeZeroDoubleBits J -9223372036854775808
staticfield java/lang/Math $assertionsDisabled Z 1
ciInstanceKlass jdk/internal/util/ArraysSupport 1 1 396 7 1 100 1 8 1 10 12 1 1 10 12 1 1 10 100 12 1 1 9 7 12 1 1 1 9 12 1 1 10 7 12 1 1 1 9 12 1 1 10 7 12 1 1 1 9 12 1 10 12 9 12 1 10 12 1 1 10 12 10 12 1 1 10 7 12 1 1 1 9 12 1 1 11 100 12 1 1 1 10 7 12 1 1 1 7 1 10 12 1 1 10 12 1 100 1 10 12 1 10 12 100 1 10 12 1 100 1 10 12 1 100 1 100 1 10 8 1 10 12 1 1 10 12 1 10 12 1 1 10 9 12 1 9 12 1 10 12 1 1 9 12 1 9 12 1 9 12 1 9 12 1 9 12 1 9 12 1 9 12 1 10 12 1 1 10 100 12 1 1 1 9 12 1 9 12 1 10 12 1 1 10 12 1 9 12 1 10 12 1 10 100 12 1 1 1 9 12 1 9 12 1 10 12 1 10 12 1 10 7 12 1 1 1 3 10 12 1 100 1 8 1 8 1 8 1 10 10 100 12 1 1 1 11 100 12 1 1 1 10 12 1 10 100 12 1 1 1 10 12 1 1 10 12 1 1 9 12 1 10 12 1 9 12 1 9 12 1 9 12 1 9 12 1 9 12 1 9 12 1 9 12 1 10 7 12 1 1 1 1 1 3 1 3 1 3 1 3 1 3 1 3 1 3 1 3 1 1 1 1 1 1 1 1 1 1 1 1 1 1 1 1 1 1 1 1 1 1 1 1 1 1 1 1 1 1 1 1 1 1 1 1 1 1 1 1 1 1 1 1 1 1 1 1 1 1 1 1 1 1 1 1 1 1 1 1 1 1 1 1 1 1 1 1 1 1 1 1 1 1 1 1 1 1 1 1 1 1 1 1 100 1 1 1 1
staticfield jdk/internal/util/ArraysSupport U Ljdk/internal/misc/Unsafe; jdk/internal/misc/Unsafe
staticfield jdk/internal/util/ArraysSupport BIG_ENDIAN Z 0
staticfield jdk/internal/util/ArraysSupport LOG2_ARRAY_BOOLEAN_INDEX_SCALE I 0
staticfield jdk/internal/util/ArraysSupport LOG2_ARRAY_BYTE_INDEX_SCALE I 0
staticfield jdk/internal/util/ArraysSupport LOG2_ARRAY_CHAR_INDEX_SCALE I 1
staticfield jdk/internal/util/ArraysSupport LOG2_ARRAY_SHORT_INDEX_SCALE I 1
staticfield jdk/internal/util/ArraysSupport LOG2_ARRAY_INT_INDEX_SCALE I 2
staticfield jdk/internal/util/ArraysSupport LOG2_ARRAY_LONG_INDEX_SCALE I 3
staticfield jdk/internal/util/ArraysSupport LOG2_ARRAY_FLOAT_INDEX_SCALE I 2
staticfield jdk/internal/util/ArraysSupport LOG2_ARRAY_DOUBLE_INDEX_SCALE I 3
staticfield jdk/internal/util/ArraysSupport LOG2_BYTE_BIT_SIZE I 3
staticfield jdk/internal/util/ArraysSupport JLA Ljdk/internal/access/JavaLangAccess; java/lang/System$1
ciInstanceKlass java/util/Arrays 1 1 1020 10 7 12 1 1 1 10 100 12 1 1 1 10 7 12 1 1 1 10 12 1 10 12 1 10 12 1 10 12 1 10 12 1 10 12 1 10 100 12 1 1 1 100 1 100 1 10 8 1 10 12 1 1 10 12 1 8 1 8 1 10 12 1 1 10 12 1 100 1 10 12 1 9 100 12 1 1 1 10 100 12 1 1 100 1 10 12 1 1 10 7 12 1 1 10 7 12 1 1 1 100 1 10 12 1 10 12 1 1 7 1 9 100 12 1 1 1 10 12 1 1 10 100 12 1 1 10 12 1 10 12 1 1 10 12 1 10 12 1 1 7 1 11 12 1 1 10 12 1 10 7 12 1 1 1 10 12 10 12 1 10 12 1 10 12 10 12 1 11 100 12 1 1 1 10 7 12 1 1 1 100 1 10 12 1 10 100 1 10 12 1 10 100 1 10 12 1 10 100 1 10 12 1 10 10 12 1 1 10 12 1 10 12 1 10 12 1 10 12 1 10 12 1 10 100 12 1 1 1 10 12 1 10 100 12 1 1 1 10 12 1 10 12 1 10 7 12 1 1 1 10 12 1 10 12 1 10 12 1 10 12 1 10 12 1 10 12 1 10 12 1 10 12 1 10 12 1 10 12 1 10 12 1 10 12 1 10 12 1 10 12 1 10 12 1 10 12 1 1 10 12 1 1 10 7 12 1 1 1 10 7 1 10 100 1 10 100 1 10 100 1 10 100 1 10 100 1 10 100 1 10 100 1 10 12 1 8 1 7 1 10 12 10 100 12 1 1 1 10 12 10 12 1 10 12 1 10 12 1 10 100 12 1 1 10 12 10 12 1 10 12 1 10 12 10 12 1 1 10 12 1 1 9 100 12 1 1 1 10 12 1 9 100 1 10 12 1 9 10 12 1 9 100 1 10 12 1 9 100 1 10 12 1 9 10 12 1 9 10 12 1 10 12 1 10 12 1 9 12 1 100 1 10 10 12 1 1 10 12 1 10 12 1 10 12 1 10 12 1 10 12 1 10 12 1 10 12 1 10 12 1 10 12 1 8 1 8 1 10 12 1 10 12 1 8 1 10 12 1 10 12 1 10 12 1 10 100 12 1 1 1 3 10 100 1 10 10 12 1 1 11 100 12 1 1 10 12 1 1 10 12 1 10 12 1 10 12 1 10 12 1 10 12 1 10 12 1 10 12 1 10 12 1 11 12 1 8 1 10 11 12 1 11 100 12 1 1 1 11 100 12 1 1 1 11 12 1 1 18 12 1 1 11 12 1 1 11 100 12 1 1 1 18 12 1 11 100 12 1 1 1 18 12 1 11 100 12 1 1 1 18 12 1 100 1 10 7 12 1 1 1 10 12 1 10 12 1 10 12 1 10 12 1 10 12 1 10 12 1 10 12 1 10 12 1 1 10 12 1 10 7 12 1 1 10 12 1 10 12 1 10 12 1 1 10 12 1 10 12 1 10 12 1 1 10 12 1 10 12 1 10 12 1 1 10 12 1 10 12 1 10 12 1 10 12 1 10 12 10 12 1 10 12 10 12 10 12 1 10 12 10 12 1 10 12 1 10 12 1 1 1 1 3 1 3 1 1 1 1 1 1 1 1 1 1 1 1 1 1 1 1 1 1 1 1 1 1 1 1 1 1 1 1 1 1 1 1 1 1 1 1 1 1 1 1 1 1 1 1 1 1 1 1 1 1 1 1 1 1 1 1 1 1 1 1 1 1 1 1 1 1 1 1 1 1 1 1 1 1 1 1 1 1 1 1 1 1 1 1 1 1 1 1 1 1 1 1 1 1 1 1 1 1 1 1 1 1 1 1 1 1 1 1 1 1 1 1 1 1 1 1 1 1 1 1 1 1 1 1 1 1 1 1 1 1 1 1 1 1 1 1 1 1 1 1 1 1 1 1 1 1 1 1 1 1 1 1 1 1 1 1 1 1 1 1 1 1 1 1 1 1 1 1 1 1 1 1 1 1 1 1 1 1 1 1 1 1 1 1 1 1 1 1 1 1 1 1 1 1 1 1 1 1 1 1 1 1 1 1 1 1 1 1 1 1 1 1 1 1 1 1 1 1 1 1 1 1 1 1 1 1 1 1 1 1 1 1 1 1 1 1 1 1 1 1 1 1 1 1 1 1 1 1 1 1 1 1 1 1 1 1 1 1 1 1 100 1 1 16 15 10 12 15 10 12 15 10 12 15 10 12 15 10 100 12 1 1 1 1 1 100 1 100 1 1 1 1 100 1 1 1 1 1 1 100 1 1 100 1 1 100 1 1 1 100 1 100 1 1
staticfield java/util/Arrays $assertionsDisabled Z 1
ciMethod java/lang/StringLatin1 equals ([B[B)Z 426 1512 889 0 -1
ciMethod java/lang/StringLatin1 hashCode ([B)I 54 0 2447 0 0
ciMethod java/lang/StringLatin1 getChars (JI[B)I 544 0 409 0 -1
ciMethod java/lang/StringLatin1 newString ([BII)Ljava/lang/String; 394 0 5641 0 1210
ciMethod java/lang/StringLatin1 trim ([B)Ljava/lang/String; 524 260 5439 0 1090
ciMethod java/lang/StringLatin1 canEncode (C)Z 514 0 60239 0 -1
ciInstanceKlass java/lang/StringUTF16 1 1 638 100 1 7 1 10 100 12 1 1 1 10 7 12 1 1 1 100 1 10 3 100 1 100 1 10 8 1 10 12 1 1 10 12 1 8 1 10 12 1 1 10 12 1 9 12 1 1 10 12 1 1 100 1 8 1 10 12 1 9 12 1 1 9 12 1 10 10 12 1 1 10 12 1 1 10 100 12 1 1 1 10 12 1 10 12 1 1 10 12 1 1 10 12 1 1 10 12 1 1 10 12 1 10 12 1 1 10 12 1 1 10 12 1 1 10 12 1 1 10 12 1 1 10 12 1 10 100 12 1 1 1 10 12 1 1 10 100 12 1 1 1 10 12 1 1 10 12 1 10 12 1 1 10 12 1 1 10 12 1 1 10 12 1 10 12 1 100 1 10 12 1 10 10 12 1 10 12 1 1 10 12 1 10 100 12 1 1 1 10 12 1 1 10 12 10 12 1 1 10 12 1 10 12 1 1 10 12 1 10 12 1 10 12 1 10 12 1 10 100 12 1 1 1 3 10 12 1 10 12 1 10 12 1 10 12 1 10 12 1 10 12 1 1 9 12 1 10 12 1 10 12 10 12 1 1 10 12 1 10 12 1 10 12 1 10 10 12 10 12 10 10 12 1 1 10 12 1 10 12 1 10 12 1 100 1 8 1 8 1 10 12 1 1 100 1 10 10 100 12 1 1 1 10 100 12 1 1 8 1 8 1 8 1 10 12 1 1 10 12 1 1 10 12 10 100 12 1 1 10 12 1 1 10 12 1 1 10 12 1 10 12 10 12 10 12 1 10 12 10 12 1 10 12 1 10 12 1 10 12 1 10 100 12 1 1 1 10 100 12 1 1 1 10 12 1 1 10 12 1 1 11 100 12 1 1 10 12 1 10 12 1 10 12 1 1 10 12 1 5 0 5 0 10 100 12 1 1 1 10 12 1 10 12 10 12 10 7 12 1 1 1 10 7 12 1 1 1 10 12 1 1 1 1 1 1 1 1 1 1 1 1 1 1 1 1 1 1 1 1 1 1 1 1 1 1 1 1 1 1 100 1 1 1 1 1 1 1 1 1 1 1 1 1 1 1 1 1 1 1 1 1 1 1 1 1 1 1 1 1 1 1 1 1 1 1 1 1 1 1 1 1 1 1 1 1 1 1 1 1 1 1 1 1 1 1 1 1 1 1 1 1 1 1 1 1 1 1 1 1 1 1 1 1 1 1 1 1 1 1 1 1 1 1 1 1 1 1 1 1 100 1 1 1 1 1 1 1 1 1 1 1 1 1 1 1 1 1 100 1 1 1 1 1 1 1 1 1 1 1 1 1 1 1 1 1 1 1 1 1 1 1 1 1 1 1 1 1 1 1 1 1 1 1 1 1 1 1 1 1 1 1 1 1 1 1 1 1 1 1 1 1 1 1 1 1 1 1 1 1 100 1 100 1 1 1 1 1
staticfield java/lang/StringUTF16 HI_BYTE_SHIFT I 0
staticfield java/lang/StringUTF16 LO_BYTE_SHIFT I 8
staticfield java/lang/StringUTF16 $assertionsDisabled Z 1
ciInstanceKlass jdk/internal/misc/Unsafe 1 1 1245 10 7 12 1 1 1 10 7 12 1 1 9 12 1 1 9 12 1 1 10 12 1 1 10 100 12 1 1 1 10 12 1 1 10 12 1 1 10 12 1 1 10 12 1 1 10 12 1 1 10 12 1 1 10 12 1 1 10 12 1 1 10 12 1 1 10 12 1 1 10 12 1 1 10 12 1 1 10 12 1 1 10 12 1 10 12 1 100 1 10 10 12 1 1 10 12 1 1 5 0 10 12 1 1 10 12 1 1 10 7 12 1 1 1 10 12 1 1 10 12 1 10 12 1 10 12 1 1 10 12 1 1 10 12 1 10 12 1 100 1 100 1 10 8 1 10 12 1 1 10 12 1 8 1 10 12 1 1 10 12 1 10 12 1 10 12 1 1 10 12 1 10 12 1 1 10 12 1 1 10 12 1 10 12 1 10 12 1 10 12 1 1 10 12 1 10 12 1 10 12 1 1 10 12 1 5 0 5 0 5 0 10 12 1 10 12 1 10 12 1 10 12 1 10 12 1 10 12 1 10 12 1 10 12 1 10 12 1 1 10 12 1 10 12 1 100 1 8 1 10 100 1 10 10 12 1 1 10 12 1 1 10 12 1 10 12 1 1 10 12 1 1 10 12 1 10 12 1 1 10 12 1 9 7 12 1 1 9 12 1 100 1 10 10 12 1 1 8 1 10 8 1 8 1 10 12 1 1 9 7 12 1 1 1 9 100 1 9 100 1 9 7 1 9 9 100 1 9 100 1 9 100 1 10 12 1 1 10 12 1 1 10 12 1 1 10 12 1 1 5 0 5 0 9 12 1 1 10 12 1 10 12 1 10 12 1 1 10 12 1 1 10 12 1 8 1 3 10 12 1 1 10 12 1 1 10 12 1 10 12 1 1 10 12 1 1 10 12 1 10 12 1 10 12 1 10 12 1 10 12 1 10 12 1 1 10 12 1 1 10 12 1 10 12 1 10 12 1 10 12 1 10 12 1 10 12 1 1 10 12 1 1 10 12 1 10 12 1 10 12 1 10 12 1 10 12 1 10 12 1 1 10 12 1 1 10 12 1 1 10 12 1 1 10 12 1 10 12 1 10 12 1 10 12 1 10 12 1 10 12 1 10 12 1 1 10 12 1 1 10 12 1 10 12 1 10 12 1 10 12 1 10 12 1 10 12 1 10 12 1 1 10 12 1 1 10 12 1 10 12 1 10 12 1 10 12 1 10 12 1 10 12 1 10 12 1 10 12 1 1 10 12 1 10 12 1 10 12 1 10 12 1 10 12 1 1 10 12 1 10 12 1 10 12 1 10 12 1 10 12 1 10 12 1 10 12 1 10 12 1 1 10 12 1 10 12 1 10 12 1 10 12 1 10 12 1 10 12 1 1 10 12 1 10 12 1 10 12 1 1 10 12 1 10 12 1 10 12 1 10 12 1 10 12 1 10 12 1 10 12 1 10 12 1 10 12 1 10 12 1 10 12 1 10 12 1 10 12 1 10 12 1 10 12 1 10 12 1 10 12 1 10 12 1 10 12 1 10 12 1 10 12 1 10 12 1 10 12 1 100 1 10 100 1 10 9 12 1 5 0 10 12 1 1 5 0 10 12 1 5 0 10 12 1 10 12 1 10 12 1 1 10 12 1 1 10 12 1 10 12 1 10 12 1 10 12 1 1 10 12 1 10 12 1 10 12 1 10 12 1 10 12 1 1 10 12 1 10 12 1 10 12 1 10 12 1 1 10 12 1 10 12 1 10 12 1 1 10 12 1 10 12 1 10 12 1 10 12 1 1 10 12 1 10 10 12 1 1 10 12 1 10 12 1 1 10 12 1 10 12 5 0 5 0 5 0 10 12 1 1 10 12 1 10 12 1 10 12 10 100 12 1 1 8 1 100 1 11 12 1 1 8 1 11 12 1 1 10 100 12 1 1 10 12 1 10 7 1 10 12 1 9 12 1 7 1 9 12 1 7 1 9 12 1 7 1 9 12 1 7 1 9 12 1 7 1 9 12 1 7 1 9 12 1 7 1 9 12 1 7 1 9 12 1 10 12 1 9 12 1 9 12 1 9 12 1 9 12 1 9 12 1 9 12 1 9 12 1 9 12 1 9 12 1 9 12 1 1 1 3 1 1 1 1 1 1 1 1 1 1 1 1 1 1 1 1 1 1 1 1 1 1 1 1 1 1 1 1 1 1 1 1 1 1 1 1 1 1 1 1 1 1 1 1 1 1 1 1 1 1 1 1 1 1 1 1 1 1 1 1 1 1 1 1 1 1 1 1 1 1 1 1 1 1 1 1 1 1 1 1 1 1 1 1 1 1 1 1 1 1 100 1 1 1 1 1 1 1 1 1 1 1 1 1 1 1 1 1 1 1 1 1 1 1 1 1 1 1 1 1 1 1 1 1 1 1 1 1 1 1 1 1 1 1 1 1 1 1 1 1 1 1 1 1 1 1 1 1 1 1 1 1 1 1 1 1 1 1 1 1 1 1 1 1 1 1 1 1 1 1 1 1 1 1 1 1 1 1 1 1 1 1 1 1 1 1 1 1 1 1 1 1 1 1 1 1 1 1 1 1 1 1 1 1 1 1 1 1 1 1 1 1 1 1 1 1 1 1 1 1 1 1 1 1 1 1 1 1 1 1 1 1 1 1 1 1 1 1 1 1 1 1 1 1 1 1 1 1 1 1 1 1 1 1 1 1 1 1 1 1 1 1 1 1 1 1 1 1 1 1 1 1 1 1 1 1 1 1 1 1 1 1 1 1 1 1 1 1 1 1 1 1 1 1 1 1 1 1 1 1 1 1 1 1
staticfield jdk/internal/misc/Unsafe theUnsafe Ljdk/internal/misc/Unsafe; jdk/internal/misc/Unsafe
staticfield jdk/internal/misc/Unsafe ARRAY_BOOLEAN_BASE_OFFSET I 16
staticfield jdk/internal/misc/Unsafe ARRAY_BYTE_BASE_OFFSET I 16
staticfield jdk/internal/misc/Unsafe ARRAY_SHORT_BASE_OFFSET I 16
staticfield jdk/internal/misc/Unsafe ARRAY_CHAR_BASE_OFFSET I 16
staticfield jdk/internal/misc/Unsafe ARRAY_INT_BASE_OFFSET I 16
staticfield jdk/internal/misc/Unsafe ARRAY_LONG_BASE_OFFSET I 16
staticfield jdk/internal/misc/Unsafe ARRAY_FLOAT_BASE_OFFSET I 16
staticfield jdk/internal/misc/Unsafe ARRAY_DOUBLE_BASE_OFFSET I 16
staticfield jdk/internal/misc/Unsafe ARRAY_OBJECT_BASE_OFFSET I 16
staticfield jdk/internal/misc/Unsafe ARRAY_BOOLEAN_INDEX_SCALE I 1
staticfield jdk/internal/misc/Unsafe ARRAY_BYTE_INDEX_SCALE I 1
staticfield jdk/internal/misc/Unsafe ARRAY_SHORT_INDEX_SCALE I 2
staticfield jdk/internal/misc/Unsafe ARRAY_CHAR_INDEX_SCALE I 2
staticfield jdk/internal/misc/Unsafe ARRAY_INT_INDEX_SCALE I 4
staticfield jdk/internal/misc/Unsafe ARRAY_LONG_INDEX_SCALE I 8
staticfield jdk/internal/misc/Unsafe ARRAY_FLOAT_INDEX_SCALE I 4
staticfield jdk/internal/misc/Unsafe ARRAY_DOUBLE_INDEX_SCALE I 8
staticfield jdk/internal/misc/Unsafe ARRAY_OBJECT_INDEX_SCALE I 4
staticfield jdk/internal/misc/Unsafe ADDRESS_SIZE I 8
ciMethod java/lang/StringUTF16 hashCode ([B)I 0 0 1 0 -1
ciMethod java/lang/StringUTF16 compress ([CI[BII)I 218 26878 1135 0 -1
ciMethod java/lang/StringUTF16 compress ([BII)[B 0 0 1 0 -1
ciMethod java/lang/StringUTF16 compress ([CII)[B 508 0 4167 0 -1
ciMethod java/lang/StringUTF16 compress ([BI[BII)I 0 0 1 0 -1
ciMethod java/lang/StringUTF16 toBytes ([CII)[B 0 0 1 0 -1
ciMethod java/lang/StringUTF16 getChars (JI[B)I 0 0 1 0 -1
ciMethod java/lang/StringUTF16 getChar ([BI)C 1024 0 11577 0 -1
ciMethod java/lang/StringUTF16 coderFromArrayLen ([BI)B 178 0 4170 0 -1
ciMethod java/lang/StringUTF16 newBytesFor (I)[B 0 0 1 0 -1
ciMethod java/lang/StringUTF16 trim ([B)Ljava/lang/String; 0 0 1 0 -1
ciMethod java/lang/StringUTF16 putCharSB ([BII)V 0 0 1 0 -1
ciInstanceKlass java/lang/Thread$FieldHolder 1 1 48 10 7 12 1 1 1 9 7 12 1 1 1 9 12 1 1 9 12 1 1 9 12 1 1 9 12 1 1 1 1 1 1 1 1 1 1 100 1 100 1 1 1 1 100 1 1 1
ciInstanceKlass java/lang/Thread$Constants 1 1 47 7 1 10 100 12 1 1 1 10 12 1 1 10 12 1 1 10 7 12 1 1 8 1 10 12 1 9 7 12 1 1 1 1 1 1 1 1 1 1 1 1 1 1 1 1 1
staticfield java/lang/Thread$Constants VTHREAD_GROUP Ljava/lang/ThreadGroup; java/lang/ThreadGroup
ciInstanceKlass java/lang/ThreadGroup 1 1 383 10 7 12 1 1 1 9 7 12 1 1 1 8 1 9 12 1 1 100 1 9 12 1 1 9 12 1 1 10 7 12 1 1 1 10 12 1 1 10 12 1 10 12 1 1 10 12 1 1 10 12 1 10 12 1 10 12 1 10 100 12 1 1 1 10 12 1 1 18 12 1 1 11 100 12 1 1 1 10 12 1 1 10 12 1 1 10 12 1 1 10 100 12 1 1 1 10 12 1 11 12 1 1 11 100 12 1 1 11 12 1 1 10 12 1 1 10 12 1 10 12 1 11 12 1 11 12 1 1 10 12 1 100 1 10 18 12 1 1 11 100 12 1 1 1 11 12 1 1 9 100 12 1 1 1 10 12 1 1 8 1 10 100 12 1 1 1 10 100 12 1 1 1 10 12 1 1 11 12 10 12 1 1 10 12 1 1 11 100 1 9 12 1 100 1 10 8 1 10 12 1 1 10 12 1 1 8 1 10 12 1 10 100 12 1 1 1 10 12 1 1 10 7 1 8 1 10 8 1 10 12 1 10 12 1 8 1 9 12 1 1 9 12 1 10 100 12 1 1 1 100 9 12 1 1 7 1 9 12 1 10 12 10 12 1 1 100 10 12 9 12 1 10 12 1 100 1 10 11 12 1 1 100 1 10 10 12 1 10 12 1 1 1 1 1 1 1 1 1 1 1 1 1 1 1 1 3 1 1 1 1 1 1 1 1 1 1 1 100 1 1 1 1 1 1 1 1 1 1 1 1 1 1 1 1 1 1 1 1 1 1 1 1 1 1 1 1 1 1 1 1 1 1 1 1 1 1 1 16 15 10 12 16 16 15 10 12 16 15 10 100 12 1 1 1 1 1 100 1 100 1 1
staticfield java/lang/ThreadGroup $assertionsDisabled Z 1
ciInstanceKlass java/lang/Thread$UncaughtExceptionHandler 1 0 16 100 1 100 1 1 1 1 1 1 1 1 100 1 1 1
instanceKlass java/lang/ThreadBuilders$BoundVirtualThread
instanceKlass java/lang/VirtualThread
ciInstanceKlass java/lang/BaseVirtualThread 1 1 36 10 7 12 1 1 1 100 1 1 1 1 1 1 1 1 1 1 1 1 1 1 1 1 1 1 1 1 100 1 100 1 1 100 1 1
ciInstanceKlass java/lang/VirtualThread 1 1 990 9 7 12 1 1 1 9 12 1 1 10 100 12 1 1 1 9 12 1 1 10 7 12 1 1 1 10 7 12 1 1 1 10 7 12 1 1 1 9 12 1 1 7 1 10 12 1 9 12 1 1 18 12 1 1 9 12 1 1 10 12 1 1 100 1 10 12 1 10 12 1 1 10 12 1 1 10 12 1 10 12 1 1 9 12 1 1 10 12 1 10 7 12 1 10 12 1 10 12 1 10 12 1 10 12 1 9 12 1 1 11 100 12 1 1 1 10 10 12 1 11 7 12 1 1 1 10 12 1 100 1 10 12 1 1 100 1 9 12 1 1 5 0 10 7 12 1 1 1 9 12 1 7 1 100 1 10 10 7 12 1 1 1 10 7 12 1 1 1 10 12 1 1 10 12 1 10 12 1 1 10 12 1 10 12 10 12 1 100 1 10 10 12 1 10 12 1 1 9 12 1 1 10 12 1 1 9 12 1 1 10 12 1 9 12 1 10 7 12 1 1 10 9 10 10 12 1 1 10 12 1 1 10 7 12 1 1 10 7 1 10 9 10 100 1 10 12 1 1 10 12 1 10 10 12 1 1 9 12 1 10 12 1 10 12 1 9 12 1 1 10 12 1 10 12 1 10 12 1 1 9 12 1 1 10 12 1 10 12 1 1 10 12 1 10 12 1 1 9 12 1 18 9 7 12 1 1 1 10 12 1 1 9 12 1 10 12 1 10 12 1 1 10 12 1 9 12 1 1 18 12 1 9 12 1 9 12 1 10 12 9 12 1 1 10 100 12 1 1 10 12 1 10 12 1 1 10 7 12 1 1 10 12 1 100 1 8 1 10 12 1 10 12 1 1 10 12 1 10 12 1 10 12 1 10 100 12 1 1 10 12 1 10 12 1 10 12 1 10 12 1 10 7 12 1 1 8 1 10 12 1 10 12 1 10 12 1 10 12 1 1 10 12 1 10 12 10 12 1 100 1 10 10 12 1 10 12 1 1 10 12 1 1 10 12 1 10 12 1 10 12 1 1 10 12 1 1 11 100 12 1 1 11 12 1 10 12 9 100 12 1 1 1 9 12 1 10 12 1 1 9 12 1 9 12 1 9 12 1 9 12 1 100 1 10 10 12 1 1 10 12 1 100 1 100 1 10 8 1 10 12 1 1 10 12 1 10 12 1 10 10 12 1 8 1 10 10 12 1 10 12 1 10 100 12 1 1 8 1 8 1 10 12 1 1 10 10 9 100 12 1 1 1 10 12 1 1 10 12 1 10 10 12 9 12 1 10 12 1 1 10 12 1 9 12 1 10 12 1 1 9 12 1 10 12 1 1 9 12 1 10 12 1 1 18 12 1 1 8 1 10 12 1 1 8 1 8 1 10 7 12 1 1 1 10 7 12 1 1 1 10 12 1 10 12 1 1 10 12 1 18 12 1 1 18 12 1 1 5 0 9 12 1 10 12 1 10 11 7 12 1 1 8 1 10 12 1 1 100 1 8 1 8 1 10 10 7 1 18 12 1 10 7 12 1 1 1 7 1 10 12 1 10 12 1 1 9 12 1 9 12 1 1 10 12 1 1 10 12 1 8 1 10 7 12 1 1 10 12 1 10 12 10 12 1 1 10 7 12 1 1 10 12 1 1 7 1 8 1 10 10 12 1 10 12 1 1 8 10 12 1 1 8 8 9 12 1 8 8 10 12 1 10 12 1 1 8 1 18 12 1 10 12 1 3 1 3 1 3 1 3 1 3 1 3 1 3 1 3 1 3 1 3 1 3 1 3 1 3 3 1 3 3 1 3 3 1 3 3 1 3 1 1 1 1 1 1 1 1 1 1 1 1 1 1 1 1 1 1 1 1 100 1 1 1 1 1 1 1 1 1 1 1 1 1 1 1 1 1 1 1 1 100 1 1 1 1 1 1 1 1 1 1 1 1 1 1 1 1 1 1 1 1 1 1 1 1 1 1 1 1 1 1 1 1 100 1 1 1 1 1 1 1 1 1 1 1 1 1 1 1 1 1 1 1 1 1 1 1 1 1 1 1 100 1 1 1 1 1 1 1 1 1 1 1 1 1 1 1 100 1 1 1 1 1 1 1 1 1 1 1 1 1 1 1 1 1 1 1 100 1 1 16 15 10 12 15 15 10 12 16 15 10 12 16 15 10 12 16 15 10 12 16 16 15 10 12 15 10 12 15 10 7 12 1 1 1 1 1 1 1 100 1 1 100 1 100 1 1
staticfield java/lang/VirtualThread U Ljdk/internal/misc/Unsafe; jdk/internal/misc/Unsafe
staticfield java/lang/VirtualThread VTHREAD_SCOPE Ljdk/internal/vm/ContinuationScope; jdk/internal/vm/ContinuationScope
staticfield java/lang/VirtualThread DEFAULT_SCHEDULER Ljava/util/concurrent/ForkJoinPool; java/util/concurrent/ForkJoinPool
staticfield java/lang/VirtualThread DELAYED_TASK_SCHEDULERS [Ljava/util/concurrent/ScheduledExecutorService; 4 [Ljava/util/concurrent/ScheduledExecutorService;
staticfield java/lang/VirtualThread STATE J 128
staticfield java/lang/VirtualThread PARK_PERMIT J 132
staticfield java/lang/VirtualThread CARRIER_THREAD J 160
staticfield java/lang/VirtualThread TERMINATION J 164
staticfield java/lang/VirtualThread ON_WAITING_LIST J 134
staticfield java/lang/VirtualThread $assertionsDisabled Z 1
ciInstanceKlass java/lang/ThreadBuilders$BoundVirtualThread 0 0 132 10 100 12 1 1 1 9 100 12 1 1 1 10 100 12 1 1 1 9 12 1 1 10 12 1 1 10 12 1 1 9 12 1 1 10 100 12 1 1 1 10 12 1 1 100 1 8 1 10 12 1 10 12 1 1 10 12 1 1 10 12 1 1 10 100 12 1 1 1 8 1 10 12 1 8 1 10 12 1 1 10 100 12 1 1 9 100 12 1 1 1 10 12 1 1 10 10 12 1 1 1 1 1 1 1 1 1 1 1 1 1 1 1 1 1 1 1 1 1 1 1 1 1 1 1 1 100 1 1 1 1
instanceKlass java/lang/Exception
instanceKlass java/lang/Error
ciInstanceKlass java/lang/Throwable 1 1 403 10 7 12 1 1 1 9 7 12 1 1 1 9 12 1 1 9 12 1 9 12 1 1 9 12 1 10 12 1 1 9 12 1 1 10 12 1 1 10 100 12 1 1 1 9 12 1 1 10 12 1 1 10 12 1 100 1 100 1 10 8 1 10 12 1 1 8 1 10 100 12 1 1 10 10 12 1 100 1 8 1 10 10 7 12 1 1 10 12 1 8 1 9 100 12 1 1 1 10 12 1 1 100 1 10 12 10 12 1 100 1 10 10 7 12 1 1 1 11 100 12 1 1 1 10 100 12 1 1 1 10 12 1 1 10 12 1 1 8 1 10 12 1 10 12 1 1 8 1 8 1 10 12 1 1 10 12 1 8 1 8 1 9 12 1 10 100 12 1 1 100 1 10 11 12 1 8 1 8 1 10 7 12 1 1 8 1 10 12 1 8 1 100 1 10 12 1 9 12 1 1 10 12 1 10 100 12 1 9 12 1 1 10 12 1 1 100 1 8 1 10 12 1 10 100 12 1 1 10 12 1 1 100 1 10 100 12 1 1 1 10 12 1 11 100 12 1 1 1 11 100 12 1 1 1 11 12 1 8 1 10 12 1 1 8 1 10 10 9 100 12 1 1 1 8 1 10 12 1 1 11 10 100 1 8 1 10 11 12 1 1 8 1 9 12 1 10 100 12 1 1 11 9 12 1 1 11 12 1 1 100 10 12 1 10 12 1 1 100 1 1 1 1 5 0 1 1 1 1 1 1 1 1 1 1 1 1 100 1 1 1 1 1 1 1 1 1 1 1 1 1 1 1 1 1 1 1 1 1 1 1 1 1 1 1 1 1 1 1 1 1 1 1 1 1 1 1 1 1 1 1 100 1 100 1 1 1 1 1 1 1 1 1 1 1 1 1 1 1 1 1 1
staticfield java/lang/Throwable UNASSIGNED_STACK [Ljava/lang/StackTraceElement; 0 [Ljava/lang/StackTraceElement;
staticfield java/lang/Throwable SUPPRESSED_SENTINEL Ljava/util/List; java/util/Collections$EmptyList
staticfield java/lang/Throwable EMPTY_THROWABLE_ARRAY [Ljava/lang/Throwable; 0 [Ljava/lang/Throwable;
staticfield java/lang/Throwable $assertionsDisabled Z 1
ciMethod java/lang/Throwable getMessage ()Ljava/lang/String; 0 0 1 0 -1
ciInstanceKlass jdk/internal/vm/ContinuationScope 1 1 50 10 7 12 1 1 1 10 7 12 1 1 1 7 1 9 7 12 1 1 1 10 12 1 1 10 100 12 1 1 1 10 12 1 1 10 12 1 1 1 1 1 1 1 1 1 1 1 1 1
ciInstanceKlass jdk/internal/vm/StackChunk 1 1 32 10 100 12 1 1 1 9 100 12 1 1 1 9 12 1 1 9 12 1 1 1 1 1 1 1 1 1 1 1 1 1
ciInstanceKlass java/lang/Boolean 1 1 148 10 7 12 1 1 1 9 7 12 1 1 1 10 12 1 1 10 12 1 8 1 10 7 12 1 1 9 12 1 1 9 12 1 10 12 1 1 10 12 1 1 10 12 1 1 10 12 1 10 7 12 1 1 1 10 12 1 1 9 100 12 1 1 9 12 10 100 12 1 1 1 10 12 1 1 8 1 10 7 12 1 1 1 9 12 1 1 100 1 100 1 100 1 1 1 1 1 1 5 0 1 1 1 1 1 1 1 1 1 1 3 1 1 1 1 1 1 1 1 1 1 1 1 1 1 1 1 1 1 1 1 1 1 1 1 1 1 100 1 1 1 1 1 1 1 1 1
staticfield java/lang/Boolean TRUE Ljava/lang/Boolean; java/lang/Boolean
staticfield java/lang/Boolean FALSE Ljava/lang/Boolean; java/lang/Boolean
staticfield java/lang/Boolean TYPE Ljava/lang/Class; java/lang/Class
ciMethod java/lang/Boolean toString ()Ljava/lang/String; 512 0 2040 0 -1
ciMethod java/lang/Boolean booleanValue ()Z 88 0 44 0 -1
ciMethod java/lang/Boolean valueOf (Z)Ljava/lang/Boolean; 86 0 3428 0 -1
ciMethod java/lang/Boolean parseBoolean (Ljava/lang/String;)Z 54 0 29 0 -1
ciInstanceKlass java/lang/Character 1 1 604 7 1 100 1 100 1 9 12 1 1 8 1 9 12 1 1 100 1 9 12 1 1 10 100 12 1 1 1 10 100 12 1 1 1 10 100 12 1 1 1 10 7 12 1 1 1 9 7 12 1 1 1 10 12 1 10 12 1 1 10 12 1 1 10 100 12 1 1 10 12 1 1 3 3 3 3 3 10 12 1 1 10 12 1 3 11 100 12 1 1 1 11 12 1 1 10 12 1 1 10 12 1 1 100 1 10 10 12 1 3 10 12 1 1 10 12 1 10 12 1 1 100 1 8 1 10 12 1 1 10 12 1 10 12 1 10 12 1 10 100 12 1 1 1 10 12 1 10 12 1 10 12 1 1 10 12 1 10 7 12 1 1 10 10 12 1 10 10 12 1 10 12 1 1 10 12 1 10 10 12 1 10 12 1 10 12 1 10 12 1 10 12 1 10 12 1 10 12 1 10 12 10 10 12 10 10 12 1 10 10 12 1 10 10 12 1 10 10 12 1 10 12 1 10 12 1 10 12 1 10 12 1 10 12 1 10 12 1 10 10 12 1 10 10 12 1 10 10 12 1 1 10 10 12 1 10 5 0 10 12 1 10 12 1 10 10 12 1 10 10 12 1 1 10 10 12 1 10 10 12 1 9 12 1 1 100 1 10 10 12 1 10 12 1 1 3 10 100 12 1 1 1 10 12 1 10 100 12 1 1 100 1 10 10 12 1 1 10 12 1 1 10 12 1 1 8 1 10 12 1 9 100 12 1 1 1 10 12 1 10 10 12 1 10 12 1 1 10 12 1 10 10 12 1 1 10 10 12 1 1 100 1 8 1 10 12 1 1 10 7 12 1 1 1 8 1 10 12 1 1 9 12 1 1 100 1 100 1 100 1 1 1 1 3 1 3 1 3 1 3 1 1 1 1 1 3 1 1 3 1 3 1 3 1 3 1 3 1 3 1 3 1 3 1 3 1 3 1 3 1 3 1 3 1 3 1 3 1 3 1 3 1 3 1 3 1 3 1 3 1 3 1 3 1 3 1 3 1 3 1 3 1 3 1 1 1 1 1 1 1 1 1 1 1 1 1 1 1 1 1 1 1 3 1 1 1 1 1 1 1 3 1 1 3 1 1 1 1 1 3 1 1 5 0 1 1 1 1 1 1 1 1 1 1 1 1 1 1 1 1 1 1 1 1 1 1 1 1 1 1 1 1 1 1 1 1 1 1 1 1 1 1 1 1 1 1 1 1 1 1 1 1 1 1 1 1 1 1 1 1 1 1 1 1 1 1 1 1 1 1 1 1 1 1 1 1 1 1 1 1 1 1 1 1 1 1 1 1 1 1 1 1 1 1 100 1 100 1 1 1 1 1 1
staticfield java/lang/Character TYPE Ljava/lang/Class; java/lang/Class
staticfield java/lang/Character $assertionsDisabled Z 1
ciMethod java/lang/Character isDigit (C)Z 620 0 22448 0 -1
ciInstanceKlass java/lang/Float 1 1 279 7 1 100 1 10 100 12 1 1 1 10 100 12 1 1 1 4 100 1 10 12 1 1 10 12 1 1 8 1 8 1 10 100 12 1 1 1 10 12 1 1 10 12 1 1 10 100 1 4 10 7 12 1 1 9 12 1 1 10 12 1 1 10 12 1 10 10 12 1 1 10 12 1 10 12 1 3 3 100 1 4 4 4 3 10 12 1 1 9 12 1 1 100 1 10 3 3 4 4 10 12 1 3 3 3 10 12 1 1 10 12 1 1 10 12 1 10 100 12 1 1 1 10 12 1 1 10 12 1 1 10 7 12 1 1 1 8 1 10 12 1 1 9 12 1 1 100 1 100 1 100 1 1 1 1 4 1 4 1 1 1 4 1 1 3 1 3 1 3 1 3 1 3 1 1 1 1 5 0 1 1 1 1 1 1 1 1 1 1 100 1 1 1 1 1 1 1 1 1 1 1 1 1 3 1 1 1 1 1 1 1 1 1 1 1 1 1 1 1 1 1 1 1 1 1 1 1 1 1 1 1 1 1 1 1 1 1 1 1 1 1 1 1 1 1 1 1 1 1 1 1 1 1 1 1 1 1 1 1 1 1 1 1 1 1 100 1 1 1 1 1 1 1 100 1 100 1 1
staticfield java/lang/Float TYPE Ljava/lang/Class; java/lang/Class
staticfield java/lang/Float $assertionsDisabled Z 1
instanceKlass java/util/concurrent/atomic/Striped64
instanceKlass java/math/BigInteger
instanceKlass java/math/BigDecimal
instanceKlass com/google/gson/internal/LazilyParsedNumber
instanceKlass java/util/concurrent/atomic/AtomicLong
instanceKlass java/util/concurrent/atomic/AtomicInteger
instanceKlass java/lang/Long
instanceKlass java/lang/Integer
instanceKlass java/lang/Short
instanceKlass java/lang/Byte
instanceKlass java/lang/Double
instanceKlass java/lang/Float
ciInstanceKlass java/lang/Number 1 1 37 10 7 12 1 1 1 10 100 12 1 1 1 100 1 1 1 1 5 0 1 1 1 1 1 1 1 1 1 1 1 1 1 1 1 1 1
ciMethod java/lang/Number doubleValue ()D 0 0 1 0 -1
ciMethod java/lang/Number <init> ()V 300 0 12582 0 0
ciInstanceKlass java/lang/Double 1 1 290 7 1 100 1 10 7 12 1 1 1 10 12 1 1 10 100 1 10 12 1 1 10 7 12 1 1 1 6 0 8 1 10 12 1 1 8 1 10 12 1 1 8 1 6 0 10 12 1 1 100 1 5 0 5 0 8 1 8 1 10 100 12 1 1 1 10 100 12 1 1 1 8 1 10 12 1 1 8 1 8 1 8 1 10 12 1 1 10 12 1 10 12 1 1 10 12 1 10 12 1 10 12 1 1 10 12 1 10 7 1 6 0 10 7 12 1 1 9 12 1 1 10 12 1 10 12 1 10 12 1 10 12 1 10 12 1 5 0 10 12 1 1 10 12 1 10 12 1 10 100 12 1 1 1 10 12 1 1 10 12 1 1 8 1 10 7 12 1 1 1 9 12 1 1 100 1 100 1 100 1 1 1 6 0 1 6 0 1 6 0 1 1 1 6 0 1 1 3 1 3 1 3 1 3 1 3 1 1 1 1 5 0 1 1 1 1 1 1 1 1 1 1 1 1 1 1 1 1 100 1 1 1 1 1 1 1 1 1 1 1 1 3 1 1 1 1 1 1 1 1 1 1 1 1 1 1 1 1 1 1 1 1 1 1 1 1 1 1 1 1 1 1 1 1 1 1 100 1 1 1 1 1 1 1 100 1 100 1 1
staticfield java/lang/Double TYPE Ljava/lang/Class; java/lang/Class
ciMethod java/lang/Double <init> (D)V 100 0 4056 0 0
ciMethod java/lang/Double valueOf (D)Ljava/lang/Double; 106 0 4070 0 0
ciMethod java/lang/Double parseDouble (Ljava/lang/String;)D 0 0 397 0 0
ciInstanceKlass java/lang/Byte 1 1 213 7 1 100 1 10 100 12 1 1 1 9 12 1 1 8 1 9 12 1 1 100 1 10 12 1 1 10 12 1 1 10 100 12 1 1 1 10 100 12 1 1 1 9 100 12 1 1 1 10 12 1 1 100 1 100 1 10 12 1 1 8 1 10 12 1 1 8 1 10 12 1 10 12 1 10 12 1 10 12 1 1 10 12 1 10 12 1 10 12 1 1 10 8 1 8 1 10 7 1 9 12 1 1 10 12 1 1 10 12 1 1 10 12 1 1 10 12 1 5 0 10 12 1 1 8 1 10 7 12 1 1 1 9 12 1 1 100 1 100 1 1 1 3 1 3 1 1 1 1 3 1 3 1 1 5 0 1 1 1 1 1 1 1 1 1 1 1 1 1 1 1 1 1 1 1 1 1 1 1 1 1 1 1 1 1 1 1 1 1 1 1 1 1 1 1 1 1 1 1 1 1 1 1 1 1 1 1 1 1 1 1 1
staticfield java/lang/Byte TYPE Ljava/lang/Class; java/lang/Class
ciMethod java/lang/Byte toUnsignedInt (B)I 1024 0 29551 0 80
ciInstanceKlass java/lang/Short 1 1 222 7 1 100 1 100 1 10 100 12 1 1 1 10 12 1 1 100 1 100 1 10 12 1 1 8 1 10 12 1 1 8 1 10 12 1 10 12 1 10 12 1 10 12 1 1 10 12 1 1 10 12 1 9 12 1 1 8 1 9 12 1 1 100 1 10 12 1 1 10 12 1 10 100 12 1 1 1 10 100 12 1 1 1 9 100 12 1 1 1 10 12 1 10 12 1 1 10 8 1 8 1 10 7 1 9 12 1 1 10 12 1 1 10 12 1 1 10 12 1 1 10 12 1 3 3 5 0 10 12 1 1 8 1 10 7 12 1 1 1 9 12 1 1 100 1 100 1 1 1 3 1 3 1 1 1 1 3 1 3 1 1 5 0 1 1 1 1 1 1 1 1 1 1 1 1 1 1 1 1 1 1 1 1 1 1 1 1 1 1 1 3 1 1 1 1 1 1 1 1 1 1 1 1 1 1 1 1 1 1 1 1 1 1 1 1 1 1 1 1 1 1
staticfield java/lang/Short TYPE Ljava/lang/Class; java/lang/Class
ciInstanceKlass java/lang/Integer 1 1 436 7 1 100 1 7 1 7 1 10 12 1 1 9 12 1 1 9 12 1 1 10 7 12 1 1 1 10 12 1 1 10 100 12 1 1 1 10 10 12 1 1 10 100 12 1 1 1 10 12 1 10 12 1 1 10 7 12 1 1 1 10 12 1 1 10 12 1 1 10 12 1 10 7 12 1 1 10 12 1 1 10 10 12 1 100 1 8 1 10 12 1 8 1 100 1 10 12 1 1 10 12 1 1 8 1 10 12 1 1 8 1 10 12 1 1 10 12 1 1 10 12 1 1 3 3 10 7 12 1 1 1 11 7 1 10 12 1 1 11 10 12 1 1 10 12 1 1 8 1 10 12 1 10 12 1 8 1 100 1 10 12 1 8 1 10 12 1 1 10 12 1 8 1 10 12 1 10 12 1 7 1 9 12 1 1 9 12 1 1 10 12 1 10 7 1 9 12 1 10 12 1 10 12 1 10 12 1 1 10 12 1 1 10 7 12 1 1 1 10 12 1 1 8 1 8 1 10 12 1 1 8 1 8 1 8 1 8 1 8 1 8 1 10 12 1 10 12 1 10 12 1 5 0 3 3 3 3 10 12 1 10 12 1 3 10 12 1 10 100 12 1 1 1 10 12 1 1 10 12 1 1 8 1 10 7 12 1 1 1 9 12 1 1 100 1 100 1 100 1 1 1 1 3 1 1 1 3 1 3 1 1 5 0 1 1 1 1 1 1 1 1 1 1 100 1 1 1 1 1 1 1 1 1 1 1 1 1 1 1 1 1 1 1 1 1 1 1 1 1 1 1 1 1 1 1 1 1 1 3 1 1 1 1 1 1 1 1 1 1 1 1 1 1 1 1 1 1 1 1 1 1 1 1 1 1 1 1 1 1 1 1 1 1 1 1 1 1 1 1 1 1 1 1 1 1 1 1 1 1 1 1 1 1 1 1 1 1 1 1 1 100 1 1 1 1 1 1 1 1 1 100 1 100 1 1
staticfield java/lang/Integer TYPE Ljava/lang/Class; java/lang/Class
staticfield java/lang/Integer digits [C 36
ciMethod java/lang/Integer <init> (I)V 252 0 5666 0 0
ciMethod java/lang/Integer valueOf (I)Ljava/lang/Integer; 362 0 13196 0 0
ciInstanceKlass java/lang/Integer$IntegerCache 1 1 100 10 100 12 1 1 1 7 1 10 7 12 1 1 1 9 7 12 1 1 1 8 1 10 7 12 1 1 1 10 12 1 1 10 100 12 1 1 1 3 10 12 1 100 1 9 12 1 1 10 7 12 1 1 1 9 12 1 1 10 12 1 1 100 1 10 10 12 1 9 12 1 1 1 3 1 1 1 1 1 1 1 1 1 1 1 1 1 1 1 1 1 100 1 100 1 1 1 1 1
staticfield java/lang/Integer$IntegerCache high I 127
staticfield java/lang/Integer$IntegerCache cache [Ljava/lang/Integer; 256 [Ljava/lang/Integer;
staticfield java/lang/Integer$IntegerCache $assertionsDisabled Z 1
ciInstanceKlass java/lang/Long 1 1 499 7 1 100 1 7 1 7 1 10 12 1 1 9 12 1 1 9 7 12 1 1 1 10 7 12 1 1 1 10 12 1 1 10 100 12 1 1 1 10 10 12 10 12 1 10 12 1 10 12 1 5 0 5 0 100 1 10 12 1 1 10 12 1 1 10 12 1 10 12 1 10 12 1 10 12 1 1 10 100 12 1 1 10 12 1 10 12 1 1 10 12 1 1 10 12 1 1 10 12 1 1 10 7 12 1 1 1 10 12 1 1 10 12 1 10 12 1 10 7 12 1 1 10 12 1 1 10 10 12 1 100 1 8 1 10 12 1 8 1 100 1 10 12 1 10 12 1 1 8 1 10 12 1 1 8 1 10 12 1 1 10 12 1 1 10 12 1 1 5 0 5 0 10 100 12 1 1 1 11 100 1 10 12 1 1 11 10 12 1 1 10 12 1 1 8 1 5 0 10 12 1 1 10 12 1 1 8 1 8 1 10 12 1 8 1 10 12 1 10 12 1 5 0 5 0 9 7 12 1 1 1 10 12 1 10 12 1 1 8 1 8 1 10 12 1 1 8 1 8 1 8 1 8 1 8 1 8 1 10 12 1 10 12 1 10 7 1 9 12 1 1 10 12 1 10 12 1 1 10 12 1 1 10 100 12 1 1 1 10 12 1 1 10 12 1 10 12 1 10 12 1 5 0 5 0 5 0 10 12 1 1 10 12 1 5 0 5 0 10 12 10 12 1 10 100 12 1 1 1 10 12 1 1 10 12 1 1 8 1 10 7 12 1 1 1 9 12 1 1 100 1 100 1 100 1 1 1 1 5 0 1 1 1 1 3 1 3 1 5 0 1 1 1 1 1 1 1 1 1 1 100 1 1 1 1 1 1 1 1 1 1 1 1 1 1 1 1 1 1 1 1 1 1 1 1 1 1 1 1 1 1 1 1 1 1 1 1 1 1 1 1 1 1 3 1 1 1 1 1 1 1 1 1 1 1 1 1 1 1 1 1 1 1 1 1 1 1 1 1 1 1 1 1 1 1 1 1 1 1 1 1 1 1 1 1 1 1 1 1 1 1 1 1 1 1 1 1 1 1 1 1 1 1 100 1 1 1 1 1 1 1 1 1 100 1 100 1 1
staticfield java/lang/Long TYPE Ljava/lang/Class; java/lang/Class
ciMethod java/lang/Long doubleValue ()D 516 0 1322 0 88
ciMethod java/lang/Long toString (J)Ljava/lang/String; 426 0 410 0 0
ciInstanceKlass java/lang/Void 1 1 31 10 100 12 1 1 1 8 1 10 7 12 1 1 1 9 7 12 1 1 1 1 1 1 1 1 1 1 1 1 1
staticfield java/lang/Void TYPE Ljava/lang/Class; java/lang/Class
ciInstanceKlass jdk/internal/vm/vector/VectorSupport 0 0 618 100 1 10 100 12 1 1 1 9 12 1 1 10 12 1 1 100 1 10 12 1 11 100 12 1 1 1 11 100 12 1 1 1 11 100 12 1 1 11 100 12 1 1 11 100 12 1 1 11 100 12 1 1 1 11 100 12 1 1 11 100 12 1 1 11 100 12 1 1 11 100 12 1 1 11 100 12 1 1 11 100 12 1 1 11 100 12 1 1 11 100 12 1 1 1 11 100 12 1 1 11 100 12 1 1 1 11 100 12 1 1 1 11 100 12 1 1 11 100 12 1 1 1 11 100 12 1 1 100 1 10 12 1 1 11 100 12 1 1 11 100 12 1 1 11 100 12 1 1 11 100 1 11 100 12 1 1 11 100 12 1 1 11 100 12 1 1 9 12 1 1 10 100 12 1 1 11 100 12 1 1 10 12 1 1 10 100 12 1 1 1 10 12 1 10 12 1 1 10 12 1 1 1 1 1 3 1 3 1 3 1 3 1 3 1 3 1 3 1 3 1 3 1 3 1 3 1 3 1 3 1 3 1 3 1 3 1 3 1 3 1 3 1 3 1 3 1 3 1 3 1 3 1 3 1 3 1 3 1 3 1 3 1 3 1 3 1 3 1 3 1 3 1 3 1 3 1 3 1 3 1 3 1 3 1 3 1 3 1 3 1 3 1 3 1 3 1 3 1 3 1 3 1 3 1 3 1 3 1 3 1 3 1 3 1 3 1 3 1 3 1 3 1 1 1 1 1 1 1 1 1 1 1 1 1 1 1 1 1 1 1 1 1 1 1 1 1 1 1 1 1 1 1 1 1 1 1 1 1 1 1 1 1 1 1 1 1 1 1 1 1 1 1 1 1 1 1 1 1 1 1 1 1 1 1 1 1 1 1 1 1 1 1 1 1 1 1 1 1 1 1 1 1 1 1 1 1 1 1 1 1 1 1 1 1 1 1 1 1 1 1 1 1 1 1 1 1 1 1 1 1 1 1 1 1 1 1 1 1 1 1 1 1 1 1 1 1 1 1 1 1 1 1 1 1 1 1 1 1 1 1 1 1 1 1 1 1 1 1 1 1 1 1 1 1 1 1 1 1 1 1 1 1 1 1 1 1 1 1 1 1 1 1 1 1 1 1 1 1 1 1 1 1 1 1 1 1 1 1 1 1 1 1 1 1 1 1 1 1 1 1 1 1 1 1 1 1 1 1 1 1 1 1 1 1 1 1 1 1 1 1 1 1 1 1 1 1 1 1 1 1 1 1 1 1 1 1 1 1 1 1 1 1 1 1 1 1 1 1 1 1 1 1 1 100 1 100 1 100 1 100 1 100 1 1 1 1 1 1 1 1 1 1 1 1 1 1 1 1 1 1 1 1 1 1 1 1 1 1 1 1 1 1 1 1 1 1
instanceKlass jdk/internal/vm/vector/VectorSupport$VectorShuffle
instanceKlass jdk/internal/vm/vector/VectorSupport$VectorMask
instanceKlass jdk/internal/vm/vector/VectorSupport$Vector
ciInstanceKlass jdk/internal/vm/vector/VectorSupport$VectorPayload 0 0 32 10 100 12 1 1 1 9 100 12 1 1 1 10 100 12 1 1 1 1 1 1 1 1 1 1 1 1 1 1 1 1
ciInstanceKlass jdk/internal/vm/vector/VectorSupport$Vector 0 0 28 10 100 12 1 1 1 100 1 1 1 1 1 1 1 1 1 1 1 1 1 1 1 100 1 1 1 1
ciInstanceKlass jdk/internal/vm/vector/VectorSupport$VectorMask 0 0 28 10 100 12 1 1 1 100 1 1 1 1 1 1 1 1 1 1 1 1 1 1 1 100 1 1 1 1
ciInstanceKlass jdk/internal/vm/vector/VectorSupport$VectorShuffle 0 0 28 10 100 12 1 1 1 100 1 1 1 1 1 1 1 1 1 1 1 1 1 1 1 100 1 1 1 1
ciInstanceKlass jdk/internal/vm/FillerObject 0 0 16 10 100 12 1 1 1 100 1 1 1 1 1 1 1 1
instanceKlass java/lang/ref/PhantomReference
instanceKlass java/lang/ref/FinalReference
instanceKlass java/lang/ref/WeakReference
instanceKlass java/lang/ref/SoftReference
ciInstanceKlass java/lang/ref/Reference 1 1 193 9 7 12 1 1 1 9 7 12 1 1 10 12 1 1 10 12 1 1 9 12 1 1 10 12 1 1 9 12 1 1 9 12 1 1 7 1 10 12 1 10 7 12 1 1 10 12 1 10 12 1 1 10 12 1 7 1 8 1 10 12 1 1 7 1 10 12 1 1 10 12 1 1 10 12 1 9 12 1 10 12 1 1 10 12 1 10 12 1 10 12 1 9 12 1 100 1 100 1 10 12 9 12 1 9 12 1 100 1 10 10 12 1 10 10 7 12 1 1 7 1 10 10 7 12 1 1 1 1 1 1 1 1 1 1 1 1 1 1 1 1 1 1 1 100 1 1 1 100 1 1 1 1 1 1 1 1 1 1 1 1 1 1 1 1 1 1 1 1 1 1 1 1 1 1 1 1 1 1 1 1 1 1 1 100 1 100 1 100 1 1 1
staticfield java/lang/ref/Reference processPendingLock Ljava/lang/Object; java/lang/Object
staticfield java/lang/ref/Reference $assertionsDisabled Z 1
instanceKlass sun/util/locale/provider/LocaleResources$ResourceReference
instanceKlass sun/util/resources/Bundles$BundleReference
instanceKlass jdk/internal/util/SoftReferenceKey
ciInstanceKlass java/lang/ref/SoftReference 1 1 47 10 7 12 1 1 1 9 7 12 1 1 1 9 12 1 10 12 1 10 12 1 1 1 1 1 1 1 1 1 1 1 1 1 1 1 1 1 1 1 1 100 1 1 1 1 1
instanceKlass java/lang/ThreadLocal$ThreadLocalMap$Entry
instanceKlass jdk/internal/util/WeakReferenceKey
instanceKlass java/util/WeakHashMap$Entry
ciInstanceKlass java/lang/ref/WeakReference 1 1 31 10 7 12 1 1 1 10 12 1 100 1 1 1 1 1 1 1 1 1 1 1 1 1 1 1 1 1 1 1 1
instanceKlass java/lang/ref/Finalizer
ciInstanceKlass java/lang/ref/FinalReference 1 1 50 10 100 12 1 1 1 10 100 12 1 1 1 10 12 1 1 100 1 8 1 10 12 1 1 1 1 1 1 1 1 1 1 1 1 1 1 1 1 1 1 1 1 1 1 1 1 1 100 1
instanceKlass jdk/internal/ref/PhantomCleanable
instanceKlass jdk/internal/ref/Cleaner
ciInstanceKlass java/lang/ref/PhantomReference 1 1 44 10 7 12 1 1 1 10 12 1 1 10 7 12 1 1 1 1 1 1 1 1 1 1 1 1 1 1 1 1 1 1 1 1 1 1 1 1 1 1 1 1 1 1
ciInstanceKlass java/lang/ref/Finalizer 1 1 177 9 7 12 1 1 1 10 100 12 1 1 1 9 12 1 1 9 12 1 1 9 12 1 9 12 1 9 12 1 1 10 12 1 100 1 8 1 10 12 1 10 12 1 1 9 12 1 100 1 10 12 1 100 1 11 100 12 1 1 10 12 1 100 1 10 12 1 10 7 12 1 1 1 10 12 1 1 10 100 12 1 1 8 1 10 12 1 10 12 1 10 12 1 100 1 10 12 1 10 100 12 1 1 1 100 1 10 10 12 1 1 7 1 10 12 1 10 12 1 1 10 12 1 1 10 7 12 1 1 1 7 1 10 7 1 10 10 12 1 1 1 1 1 1 1 1 1 1 1 1 1 1 1 1 1 1 1 1 1 1 1 1 1 1 100 1 1 1 1 1 1 1 1 1 1 1
staticfield java/lang/ref/Finalizer lock Ljava/lang/Object; java/lang/Object
staticfield java/lang/ref/Finalizer ENABLED Z 1
staticfield java/lang/ref/Finalizer $assertionsDisabled Z 1
instanceKlass java/lang/reflect/Executable
instanceKlass java/lang/reflect/Field
ciInstanceKlass java/lang/reflect/AccessibleObject 1 1 374 10 7 12 1 1 1 10 100 12 1 1 1 10 7 12 1 1 1 10 12 1 1 9 12 1 1 100 1 10 7 12 1 1 1 11 12 1 100 1 10 12 1 7 1 100 1 10 12 1 1 10 12 1 1 10 12 1 1 10 12 1 1 10 12 1 1 7 1 10 100 12 1 1 1 10 12 1 1 11 10 7 12 1 1 1 10 12 1 1 10 12 1 10 12 1 10 12 1 1 10 12 1 8 1 100 1 100 1 10 10 12 1 1 8 1 10 12 1 10 12 1 8 1 8 1 8 1 8 1 8 1 8 1 8 1 8 1 8 1 100 1 10 12 1 10 12 1 9 100 12 1 1 1 10 12 1 1 10 12 1 10 100 1 100 1 8 1 10 8 1 10 12 1 8 1 10 12 1 10 12 1 1 10 100 1 8 1 10 11 7 12 1 1 1 10 12 1 1 10 12 1 1 10 12 1 1 9 12 1 1 100 1 10 12 1 7 1 10 12 1 10 12 1 1 10 100 1 10 12 1 10 12 10 12 1 10 12 1 10 12 1 1 10 12 1 9 12 1 10 100 12 1 1 8 1 10 12 1 1 8 1 10 100 12 1 1 1 9 12 1 100 1 10 7 1 10 10 7 12 1 1 1 10 7 12 1 1 1 9 12 1 1 1 1 1 1 1 1 1 1 1 1 1 1 1 1 1 1 1 1 1 1 1 1 1 1 1 1 1 1 1 1 1 1 1 1 1 1 1 1 1 1 1 1 1 1 1 1 1 1 1 1 1 1 1 1 1 1 1 1 1 1 1 1 1 1 1 1 1 1 1 1 1 1 1 1 1 1 1 1 1 1 1
staticfield java/lang/reflect/AccessibleObject reflectionFactory Ljdk/internal/reflect/ReflectionFactory; jdk/internal/reflect/ReflectionFactory
ciInstanceKlass java/lang/reflect/Method 1 1 468 9 7 12 1 1 1 10 100 12 1 1 1 10 100 12 1 1 9 12 1 1 9 12 1 1 10 12 1 1 10 12 1 1 10 12 1 1 10 100 12 1 1 10 7 12 1 1 1 9 12 1 1 9 12 1 9 12 1 1 9 12 1 9 12 1 9 12 1 1 9 12 1 9 12 1 1 9 12 1 9 12 1 100 1 8 1 10 12 1 10 12 1 9 12 1 1 10 7 12 1 1 1 10 12 1 1 10 12 1 1 10 12 1 10 12 1 1 9 100 12 1 1 1 10 12 1 1 10 12 10 100 12 1 1 10 12 1 1 10 12 1 10 12 1 10 12 1 10 100 12 1 1 1 10 12 1 1 9 12 1 10 100 1 10 100 12 1 1 1 10 100 12 1 1 10 12 1 1 10 12 1 1 10 12 1 10 100 12 1 1 1 10 12 1 10 8 1 10 12 1 10 12 1 100 1 8 1 8 1 8 1 10 12 1 10 12 1 1 10 12 1 1 10 10 12 1 1 10 12 1 11 100 1 10 12 1 9 12 1 1 10 12 1 1 10 12 1 10 12 1 1 10 12 1 1 11 7 12 1 1 1 11 12 1 9 12 1 1 10 12 1 10 12 1 10 12 1 10 12 1 10 12 1 10 12 1 9 12 1 1 10 7 12 1 1 1 10 7 12 1 1 10 12 1 1 10 100 12 1 1 1 10 100 12 1 1 1 10 100 12 1 1 1 11 100 12 1 1 1 10 100 12 1 1 1 100 1 100 1 100 1 10 12 1 10 12 1 1 10 12 1 100 1 8 1 10 12 1 10 10 12 1 1 10 12 1 1 10 12 1 1 10 12 1 1 8 1 10 12 1 1 1 1 1 1 1 1 1 1 1 1 1 1 1 1 1 1 1 1 1 1 1 1 1 1 1 1 1 1 1 1 1 1 1 1 1 1 1 1 1 1 1 1 1 1 1 1 1 1 1 1 1 100 1 100 1 100 1 1 1 1 1 1 1 1 1 1 1 1 1 1 1 1 1 1 1 1 1 1 1 1 1 1 1 1 1 1
ciInstanceKlass java/lang/reflect/Member 1 1 37 100 1 10 12 1 1 100 1 100 1 1 1 1 3 1 3 1 1 1 1 1 1 1 1 1 1 1 1 1 1 1 1 1 1 1 1
instanceKlass java/lang/reflect/Constructor
instanceKlass java/lang/reflect/Method
ciInstanceKlass java/lang/reflect/Executable 1 1 581 10 7 12 1 1 1 10 7 12 1 1 1 10 7 12 1 1 1 11 7 12 1 1 1 10 7 12 1 1 1 10 12 1 1 10 100 12 1 1 1 10 100 12 1 1 1 10 12 1 8 1 10 10 12 1 1 10 12 1 1 10 100 12 1 1 1 18 12 1 1 11 100 12 1 1 1 8 1 8 1 8 1 10 100 12 1 1 1 11 12 1 1 100 1 8 1 8 1 10 12 1 100 1 8 1 10 12 1 8 1 11 100 12 1 1 1 100 1 11 100 12 1 1 1 11 12 1 8 1 18 8 1 10 12 1 10 12 1 1 18 8 1 10 12 1 100 1 10 12 1 10 12 1 11 12 1 10 12 1 1 8 1 8 1 10 12 1 1 10 12 1 1 10 10 12 1 9 100 12 1 1 1 10 100 12 1 1 1 10 12 1 10 12 1 1 10 100 12 1 1 10 12 1 10 12 1 10 12 1 10 7 12 1 1 100 1 10 100 12 1 1 1 10 12 1 1 10 100 12 1 1 10 12 1 10 12 1 1 9 100 12 1 1 1 10 100 10 12 1 8 1 10 12 1 10 12 1 3 100 1 8 1 10 12 1 10 12 1 10 10 12 1 10 12 1 1 8 1 8 1 8 1 9 12 1 1 9 12 1 10 12 1 100 1 8 1 10 12 1 10 12 1 10 12 1 1 10 12 1 1 10 12 1 10 12 10 12 1 100 1 10 12 1 10 12 1 1 100 1 10 100 12 1 1 1 100 1 10 7 12 1 1 1 10 12 1 1 11 7 12 1 1 10 12 1 10 100 12 1 1 1 10 12 1 1 9 12 1 10 12 1 1 10 12 1 10 12 1 1 9 100 12 1 1 1 10 100 12 1 1 1 10 12 1 10 12 1 1 9 12 1 10 10 10 10 100 12 1 1 1 10 12 1 9 12 1 10 12 1 1 9 12 1 100 1 100 1 1 1 1 1 1 1 1 1 1 1 1 1 1 1 1 1 1 1 1 1 1 1 1 1 1 1 1 1 1 1 1 1 1 1 1 100 1 1 1 1 1 1 1 1 1 1 1 1 1 1 1 1 1 1 1 100 1 1 1 1 1 1 1 1 1 1 1 1 1 1 1 1 1 1 1 1 1 1 1 1 1 1 1 1 1 1 1 1 1 1 1 1 1 1 1 1 1 1 1 100 1 1 1 1 1 1 1 1 1 1 1 1 1 1 1 1 1 1 1 1 1 1 100 1 1 16 15 16 1 16 1 15 10 12 16 15 10 100 12 1 1 1 1 1 1 100 1 1 100 1 100 1 1
ciInstanceKlass java/lang/reflect/Constructor 1 1 437 10 100 12 1 1 1 10 100 12 1 1 9 7 12 1 1 1 9 12 1 1 10 12 1 1 10 12 1 1 10 12 1 1 10 100 12 1 1 10 7 12 1 1 1 9 12 1 1 9 12 1 1 9 12 1 9 12 1 1 9 12 1 9 12 1 1 9 12 1 1 9 12 1 100 1 8 1 10 12 1 10 12 1 9 12 1 1 10 7 12 1 1 1 10 12 1 1 10 12 1 1 10 12 1 7 1 100 1 8 1 10 10 12 1 10 12 1 10 12 1 1 9 100 12 1 1 1 10 100 12 1 1 10 12 1 1 10 12 1 10 12 1 1 10 100 12 1 1 1 10 100 12 1 1 10 12 1 1 10 12 1 10 100 12 1 1 1 8 1 10 10 12 1 100 1 8 1 10 12 1 10 12 1 1 10 12 1 1 10 12 1 10 12 1 10 12 1 1 10 12 1 1 9 12 1 1 10 12 1 1 10 12 1 1 10 12 1 1 11 7 12 1 1 1 10 12 1 1 10 12 1 10 12 1 10 12 1 8 1 9 12 1 1 10 7 12 1 1 1 10 7 12 1 1 10 12 1 1 10 12 1 1 10 12 1 1 10 12 1 1 10 12 1 9 100 12 1 1 10 12 1 10 12 1 10 12 1 100 1 8 1 10 10 12 1 1 10 12 1 10 10 12 1 1 10 12 1 1 10 100 12 1 1 1 11 100 12 1 1 1 10 12 1 1 9 100 12 1 1 1 10 100 12 1 1 1 10 12 1 1 1 1 1 1 1 1 1 1 1 1 1 1 1 1 1 1 1 1 1 1 1 1 1 1 1 1 1 1 1 1 1 1 1 1 1 1 1 1 1 1 1 1 1 1 1 1 1 1 1 1 1 1 1 1 100 1 100 1 100 1 100 1 1 1 1 1 1 1 1 1 1 1 1 1 1 1 1 1 1 1 1 1 1 1 1 1 1 1 1 1 1 1 1 100 1 1
ciInstanceKlass java/lang/reflect/Field 1 1 454 9 7 12 1 1 1 10 12 1 1 10 100 12 1 1 1 10 100 12 1 1 9 12 1 1 9 12 1 1 10 12 1 1 10 12 1 1 10 12 1 1 10 100 12 1 1 10 7 12 1 1 1 9 12 1 1 9 12 1 9 12 1 9 12 1 1 9 12 1 1 9 12 1 9 12 1 1 100 1 8 1 10 12 1 10 12 1 9 12 1 1 9 12 1 10 100 12 1 1 10 12 1 1 10 12 1 1 10 12 1 10 12 1 1 9 100 12 1 1 1 10 100 12 1 1 1 100 1 10 12 1 1 10 12 1 1 10 12 1 10 12 1 10 100 1 10 100 12 1 1 100 1 10 8 1 10 12 1 1 10 12 1 1 8 1 10 12 10 12 1 8 1 8 1 10 11 100 1 9 12 1 10 12 1 1 10 12 1 1 11 100 12 1 1 1 10 12 1 11 12 1 1 11 12 1 1 11 12 1 1 11 12 1 1 11 12 1 1 11 12 1 1 11 12 1 1 11 12 1 1 11 12 1 1 11 12 1 1 11 12 1 1 11 12 1 1 11 12 1 1 11 12 1 1 11 12 1 1 11 12 1 1 11 12 1 1 10 12 1 10 100 12 1 1 10 12 1 10 12 1 10 12 1 9 12 1 1 10 100 12 1 1 1 10 12 1 1 10 12 1 10 100 12 1 1 10 12 1 1 11 100 1 10 12 1 100 1 10 100 12 1 1 1 10 100 12 1 1 1 9 12 1 10 100 12 1 1 1 11 100 12 1 1 1 10 12 1 1 10 12 1 1 9 100 12 1 1 10 100 12 1 1 1 10 12 1 1 100 1 1 1 1 1 1 1 1 1 1 1 1 1 1 1 1 1 1 1 1 1 1 1 1 1 1 1 1 1 1 1 1 1 1 1 1 1 1 1 100 1 1 1 1 1 1 1 1 1 1 1 1 1 1 1 1 1 1 1 1 1 1 1 1 1 1 1 1 1 1 1 1 100 1 1 1 1 1 1 1 1 1 100 1 1
ciInstanceKlass java/lang/reflect/Parameter 0 0 243 10 100 12 1 1 1 9 100 12 1 1 1 9 12 1 1 9 12 1 1 9 12 1 10 12 1 1 10 12 1 1 10 100 12 1 1 1 100 1 10 10 12 1 1 11 100 12 1 1 1 10 12 1 10 100 12 1 1 1 10 12 1 1 10 12 1 10 12 1 8 1 8 1 10 100 12 1 1 1 10 12 1 10 12 9 100 12 1 1 1 10 100 12 1 1 1 10 12 1 8 1 10 12 1 9 12 1 1 10 12 1 1 9 12 1 1 10 12 1 1 10 12 1 1 10 12 1 1 10 12 1 10 10 12 1 10 100 12 1 1 1 10 12 1 1 11 100 12 1 1 10 100 12 1 1 100 1 10 100 12 1 1 1 10 12 1 1 10 12 1 1 10 12 1 1 10 12 1 1 9 12 1 100 1 10 11 12 1 1 11 12 1 1 100 1 1 1 1 1 1 1 1 1 1 1 1 1 1 1 1 1 1 1 1 1 1 1 1 1 1 1 1 1 1 1 1 1 1 1 1 1 1 1 1 1 100 1 1 1 1 1 1
ciInstanceKlass java/lang/reflect/RecordComponent 0 0 196 10 100 12 1 1 1 9 100 12 1 1 1 9 12 1 1 9 12 1 10 12 1 1 10 12 1 1 10 100 12 1 1 1 10 12 1 1 9 12 1 1 10 12 1 1 10 12 1 1 10 12 1 10 100 12 1 1 10 100 12 1 1 9 12 1 1 10 100 12 1 1 1 11 100 12 1 1 1 10 9 100 12 1 1 1 10 100 12 1 1 1 9 12 1 1 10 100 12 1 1 1 10 12 1 1 11 100 12 1 1 10 100 12 1 1 100 1 9 12 1 9 12 1 1 9 12 1 10 100 12 1 1 1 10 12 1 1 10 12 1 1 100 1 10 10 12 1 10 12 1 1 8 1 10 12 1 10 12 1 9 12 1 100 1 1 1 1 1 1 1 1 1 1 1 1 1 1 1 1 1 1 1 1 1 1 100 1 1 1 1 1 1 100 1 1
ciInstanceKlass java/lang/StringBuffer 1 1 487 10 7 12 1 1 1 10 12 1 10 12 1 10 12 1 1 9 7 12 1 1 1 10 12 1 1 10 12 1 10 12 1 1 9 12 1 1 10 12 1 10 12 1 1 10 12 1 1 10 12 1 10 12 1 1 10 12 1 10 12 1 1 10 12 1 1 10 7 12 1 1 1 10 12 1 1 10 12 1 10 12 1 10 12 1 10 12 1 10 12 1 10 12 1 10 12 1 10 12 1 10 12 1 10 12 1 10 12 1 10 12 1 10 12 1 10 12 1 1 10 12 1 10 12 1 1 10 12 1 1 10 10 12 1 1 10 12 1 10 12 1 10 12 1 10 12 1 10 12 1 10 12 1 10 12 10 12 1 10 12 1 10 12 1 10 12 1 1 10 12 1 10 12 1 10 10 12 1 1 10 12 1 10 12 1 10 12 1 8 1 10 12 1 10 10 100 12 1 1 1 10 10 12 1 1 9 12 1 1 10 100 12 1 1 10 100 1 8 10 100 12 1 1 1 8 10 12 1 8 1 10 12 1 10 12 1 10 100 12 1 1 1 10 100 12 1 1 1 7 1 10 12 100 1 8 1 10 10 12 1 1 10 12 1 1 10 12 1 10 12 1 10 12 1 1 10 12 1 10 12 1 10 12 1 10 12 1 10 12 1 10 12 10 12 1 10 12 1 10 12 1 10 12 1 10 12 1 10 12 1 10 12 1 10 12 1 10 12 1 10 12 1 10 12 10 12 10 12 1 10 12 1 10 12 1 10 12 10 12 1 10 12 1 10 12 1 10 12 1 10 12 1 10 12 1 10 12 1 10 12 1 10 12 1 10 12 1 10 12 1 7 1 10 12 1 9 7 12 1 1 1 9 7 1 9 12 1 1 100 1 100 1 100 1 100 1 1 1 1 5 0 1 1 1 1 1 1 1 1 1 1 1 1 1 1 1 1 1 1 1 1 1 1 1 1 1 1 1 1 1 1 1 1 1 1 1 1 1 1 1 1 1 1 1 1 1 1 1 1 1 1 1 1 1 1 1 1 1 1 1 1 100 1 1 1 1 1 100 1 1 1 1 1 1 1 1 1 1 1 1 1 1 1 1 1 1
staticfield java/lang/StringBuffer serialPersistentFields [Ljava/io/ObjectStreamField; 3 [Ljava/io/ObjectStreamField;
instanceKlass java/lang/StringBuilder
instanceKlass java/lang/StringBuffer
ciInstanceKlass java/lang/AbstractStringBuilder 1 1 619 7 1 10 7 12 1 1 1 9 7 12 1 1 1 9 12 1 9 12 1 1 9 12 1 1 10 100 12 1 1 1 10 12 1 1 100 1 3 3 10 12 1 10 12 1 1 11 7 1 100 1 100 1 10 8 1 10 12 1 10 12 1 10 12 1 1 10 12 1 10 12 1 9 12 1 10 12 1 9 12 1 1 10 12 1 1 10 7 12 1 1 1 10 10 12 1 10 12 1 10 12 1 1 10 12 1 1 10 7 12 1 1 1 10 7 12 1 1 1 100 1 8 1 10 10 12 1 1 100 1 10 12 10 12 1 1 10 10 12 1 1 10 12 1 1 10 12 1 1 10 12 1 1 10 10 7 12 1 1 1 10 12 1 100 1 10 10 7 12 1 1 1 9 12 1 1 9 12 1 10 12 1 1 10 10 12 1 1 10 12 10 12 1 10 12 1 1 10 12 1 1 10 12 1 1 10 12 1 10 12 1 1 10 12 1 1 10 12 1 10 12 1 1 8 1 10 12 1 1 10 12 1 10 12 1 10 12 1 10 7 12 1 1 10 12 1 10 12 1 10 12 1 10 12 1 10 12 1 100 1 9 12 1 1 9 12 1 10 12 1 1 100 1 9 12 1 9 12 10 12 1 10 12 1 10 12 1 1 10 12 1 10 12 1 1 10 12 1 10 12 1 1 10 12 1 1 10 10 7 12 1 1 1 10 12 1 10 12 1 10 12 1 1 10 12 1 10 12 1 10 12 1 10 12 1 10 12 1 10 12 1 10 12 1 10 12 1 10 12 1 1 10 12 1 10 12 1 10 12 10 12 1 1 18 12 1 1 100 1 10 100 12 1 1 1 18 10 12 1 1 10 12 1 1 10 12 1 10 12 1 1 11 12 1 1 10 12 1 10 12 1 10 12 10 12 1 10 10 10 12 1 10 5 0 10 10 12 1 1 100 1 8 1 10 10 12 1 1 10 100 12 1 1 1 10 12 1 10 12 1 1 100 1 10 12 100 1 10 100 1 10 100 1 1 1 1 1 1 1 1 1 1 1 100 1 1 1 1 1 1 1 1 1 1 1 1 1 1 1 1 1 1 1 1 1 1 1 1 1 1 1 1 1 1 1 1 1 1 1 1 1 1 1 1 1 1 1 1 1 1 1 1 1 1 1 1 1 1 1 1 1 1 1 1 1 1 1 1 1 1 1 1 1 1 1 1 1 1 1 1 1 1 1 1 1 1 1 1 1 1 1 1 1 1 1 1 1 1 1 1 1 1 1 100 1 1 1 1 1 1 1 1 1 1 1 1 100 1 1 1 1 1 1 100 1 1 1 1 1 1 100 1 1 16 1 15 10 12 16 15 10 12 15 10 100 12 1 1 1 1 1 1 1 100 1 100 1 1
staticfield java/lang/AbstractStringBuilder EMPTYVALUE [B 0
ciMethod java/lang/AbstractStringBuilder length ()I 264 0 132 0 0
ciMethod java/lang/AbstractStringBuilder append (Ljava/lang/String;)Ljava/lang/AbstractStringBuilder; 290 0 5337 0 1403
ciMethod java/lang/AbstractStringBuilder append (C)Ljava/lang/AbstractStringBuilder; 630 0 6701 0 1208
ciMethod java/lang/AbstractStringBuilder <init> (I)V 120 0 5191 0 352
ciMethod java/lang/AbstractStringBuilder inflate ()V 0 0 1 0 -1
ciMethod java/lang/AbstractStringBuilder isLatin1 ()Z 512 0 22534 0 -1
ciMethod java/lang/AbstractStringBuilder getValue ()[B 256 0 128 0 -1
ciMethod java/lang/AbstractStringBuilder ensureCapacityInternal (I)V 530 0 5854 0 -1
ciMethod java/lang/AbstractStringBuilder appendNull ()Ljava/lang/AbstractStringBuilder; 0 0 1 0 -1
ciMethod java/lang/AbstractStringBuilder putStringAt (ILjava/lang/String;)V 512 0 5331 0 -1
ciMethod java/lang/StringBuffer toString ()Ljava/lang/String; 510 0 1454 0 -1
ciMethod java/lang/StringBuffer <init> ()V 512 0 1438 0 0
ciMethod java/lang/StringBuffer append (C)Ljava/lang/StringBuffer; 512 0 5387 0 0
ciMethod java/lang/StringBuffer append (Ljava/lang/String;)Ljava/lang/StringBuffer; 524 0 5891 0 0
ciInstanceKlass java/lang/StringBuilder 1 1 425 10 7 12 1 1 1 10 12 1 10 12 1 10 12 1 1 10 7 12 1 1 1 10 7 12 1 1 1 10 12 1 10 12 1 10 12 1 10 12 1 10 12 1 10 12 1 10 12 1 10 12 1 10 12 1 10 12 1 10 12 1 10 12 1 10 12 1 10 12 1 1 10 12 1 10 12 1 1 10 12 1 1 10 12 1 10 12 1 10 12 1 10 12 1 10 12 1 10 12 1 10 12 1 10 12 10 12 1 10 12 1 10 12 1 10 12 1 1 10 12 1 10 12 1 10 12 10 12 1 1 10 12 1 10 12 1 10 12 1 1 8 1 10 12 1 10 100 12 1 1 1 9 12 1 1 10 12 1 10 12 1 10 12 1 1 9 12 1 1 10 100 12 1 1 1 10 100 1 10 12 1 1 10 100 12 1 1 10 12 1 10 12 1 1 100 1 100 1 8 1 10 10 12 1 1 10 12 1 10 12 1 10 12 1 1 10 12 1 10 12 1 10 12 1 10 12 1 10 12 1 10 12 10 12 1 10 12 1 10 12 1 10 12 1 10 12 1 10 12 1 10 12 1 10 12 1 10 12 1 1 10 12 1 1 10 12 1 10 12 1 10 12 1 10 12 10 12 10 12 1 10 12 1 10 12 1 10 12 10 12 1 10 12 1 10 12 1 10 12 1 10 12 1 10 12 1 10 12 1 10 12 1 10 12 1 1 10 12 1 10 12 1 1 10 12 1 10 12 1 1 10 12 1 10 12 1 1 10 12 1 10 12 1 10 12 1 10 10 10 12 1 100 1 100 1 100 1 100 1 1 1 1 5 0 1 1 1 1 1 1 1 1 1 1 1 1 1 1 1 1 1 1 1 1 1 1 1 1 1 1 1 1 1 1 1 1 1 1 1 1 1 1 1 1 1 1 1 1 100 1 1 1 100 1 1 1 1 1 1 1 1 1 1 1
ciMethod java/lang/StringBuilder toString ()Ljava/lang/String; 120 0 31107 0 1152
ciMethod java/lang/StringBuilder length ()I 268 0 36796 0 0
ciMethod java/lang/StringBuilder <init> ()V 84 0 29153 0 224
ciMethod java/lang/StringBuilder append ([CII)Ljava/lang/StringBuilder; 0 0 1 0 -1
ciMethod java/lang/StringBuilder append (Ljava/lang/Object;)Ljava/lang/StringBuilder; 6 0 5295 0 -1
ciMethod java/lang/StringBuilder append (Ljava/lang/String;)Ljava/lang/StringBuilder; 290 0 96963 0 -1
ciMethod java/lang/StringBuilder append (C)Ljava/lang/StringBuilder; 630 0 47789 0 -1
ciInstanceKlass java/security/CodeSource 1 1 396 10 7 12 1 1 1 9 7 12 1 1 1 9 12 1 1 9 12 1 1 9 12 1 1 10 7 12 1 1 1 9 12 1 1 10 100 12 1 1 10 100 10 100 12 1 1 1 10 12 1 1 10 12 1 1 100 1 10 10 100 12 1 1 1 10 100 12 1 1 1 10 12 1 1 100 1 10 12 1 1 10 12 1 1 10 12 1 1 10 12 1 10 10 100 1 10 12 1 1 10 100 12 1 1 1 10 12 1 1 10 12 1 10 12 1 8 1 10 12 1 10 12 1 10 12 1 1 10 12 1 8 1 10 12 1 1 10 100 1 10 10 12 1 1 8 1 10 12 1 10 12 1 10 12 1 8 1 8 1 9 12 1 1 100 1 8 1 10 12 1 10 12 1 1 8 1 10 12 1 8 1 8 1 8 1 10 100 12 1 1 10 12 1 1 10 12 1 10 12 1 1 10 12 1 1 10 12 1 1 100 1 100 1 10 12 1 10 12 10 12 1 1 10 100 12 1 1 10 12 1 100 1 10 12 10 100 12 1 1 1 10 8 1 10 12 1 10 12 1 1 100 1 10 12 1 1 100 1 100 1 8 1 8 1 10 10 12 1 1 10 100 12 1 1 1 100 1 10 12 10 12 1 1 11 100 12 1 1 10 10 12 1 11 10 12 1 8 1 100 1 10 12 1 10 12 1 1 10 12 1 11 12 1 1 100 1 1 1 1 5 0 1 1 1 1 1 1 1 1 1 1 1 1 1 1 1 1 1 1 1 1 1 1 1 1 1 1 1 1 1 1 1 1 1 1 1 1 1 1 1 1 1 1 1 1 1 1 1 1 1 1 1 1 1 1 1 1 1 1 1 1 1 1 1 1 1 1 100 1 1 1 1 1 1 1
ciInstanceKlass java/security/ProtectionDomain 1 1 141 10 7 12 1 1 1 9 7 12 1 1 1 9 12 1 1 9 12 1 1 10 7 12 1 1 7 1 9 12 1 9 12 1 1 7 1 9 12 1 1 9 12 1 10 100 12 1 1 10 100 12 1 1 1 10 12 1 1 10 12 1 8 1 100 1 8 1 10 12 1 10 11 12 1 1 10 100 12 1 1 1 10 12 1 1 8 1 11 8 1 10 12 1 8 1 8 1 8 1 10 12 1 8 1 8 1 1 1 1 1 1 1 1 100 1 1 100 1 1 1 1 1 1 1 1 1 1 1 1 1 1 1 1 1 1 1 100 1 1 1
instanceKlass jdk/internal/loader/BuiltinClassLoader
instanceKlass java/net/URLClassLoader
ciInstanceKlass java/security/SecureClassLoader 1 1 102 10 7 12 1 1 1 7 1 10 12 1 9 7 12 1 1 1 10 12 1 10 12 1 10 12 1 1 10 12 1 1 10 12 1 7 1 10 7 1 10 12 1 7 1 10 12 1 11 7 12 1 1 1 7 1 11 12 1 10 12 1 1 1 1 1 1 1 1 1 1 1 1 1 1 1 1 1 1 1 1 1 1 1 1 1 1 1 1 1 1 1 1 1 1 1 1 100 1 1 1 1
ciInstanceKlass java/net/URL 1 1 721 10 7 12 1 1 1 10 12 1 10 7 12 1 1 9 12 1 1 9 12 1 10 12 1 1 9 12 1 1 10 7 12 1 1 1 8 1 10 12 1 1 100 1 10 10 12 1 1 8 1 10 12 1 1 9 12 1 100 1 8 1 10 12 1 10 12 1 8 1 9 12 1 10 12 1 1 9 12 1 10 12 1 10 12 1 9 12 1 9 12 1 8 1 9 12 1 10 12 1 1 8 1 9 12 1 1 10 12 1 1 10 7 12 1 1 1 8 1 10 12 1 7 1 10 12 1 10 12 1 10 12 1 10 12 1 1 10 12 1 1 8 1 10 12 1 1 10 12 1 8 1 9 12 1 8 1 10 12 1 10 7 12 1 1 1 100 1 10 12 1 10 12 1 1 10 7 12 1 1 1 100 1 8 1 10 10 12 1 8 1 10 12 1 1 10 12 1 10 12 1 10 12 1 10 12 1 10 12 1 10 12 1 8 1 10 12 1 8 1 10 10 100 1 10 10 12 1 8 1 10 7 12 1 1 1 10 12 1 9 12 1 1 10 12 1 10 100 12 1 1 1 100 1 10 12 1 10 12 1 10 12 1 10 12 1 10 12 1 10 12 10 10 12 1 10 12 1 10 12 1 1 8 1 9 100 12 1 1 1 10 100 12 1 1 1 10 12 1 10 12 1 10 100 12 1 1 1 10 12 1 1 10 12 1 9 12 1 1 9 12 1 1 100 1 8 1 10 9 12 1 1 10 7 12 1 1 8 1 10 100 12 1 1 8 1 10 12 1 1 10 12 1 8 1 8 1 10 7 12 1 1 1 100 1 10 100 12 1 1 1 10 12 1 10 12 1 9 100 12 1 1 1 10 100 12 1 1 10 12 1 1 10 12 1 8 1 100 1 10 100 12 1 1 1 10 12 1 1 11 100 12 1 1 11 12 1 10 12 1 10 12 1 8 9 100 12 1 1 1 10 12 1 1 10 12 1 10 12 1 1 10 100 12 1 1 11 7 1 10 12 1 10 12 1 9 12 1 10 12 1 1 10 100 12 1 1 10 100 12 1 1 1 8 10 100 12 1 1 100 1 10 8 8 10 12 1 8 8 8 100 1 10 12 1 9 12 1 1 10 12 1 10 12 1 1 10 12 1 10 12 10 12 1 1 10 12 1 1 10 10 10 12 1 10 12 1 10 12 1 10 12 1 10 12 1 10 10 12 1 100 1 8 1 10 10 10 12 1 1 10 12 1 10 12 1 1 8 1 7 1 10 10 7 1 10 12 1 9 7 12 1 1 1 9 12 1 1 7 1 10 10 7 12 1 1 1 100 1 1 1 1 1 5 0 1 1 1 1 1 1 1 1 1 1 1 1 1 1 1 1 1 1 1 1 1 1 1 1 1 1 1 1 1 1 1 1 1 1 1 1 1 1 1 1 1 1 1 1 1 1 100 1 1 1 1 1 1 1 1 1 1 1 1 1 1 1 1 1 1 1 1 1 1 1 1 1 1 1 1 1 1 1 1 1 1 1 1 100 1 1 1 1 1 1 1 1 1 1 1 1 1 1 1 1 1 1 1 1 1 1 1 100 1 1 1 1 1 1 1 1 1 1 1 1 1 1 1 1 1 1
staticfield java/net/URL defaultFactory Ljava/net/URLStreamHandlerFactory; java/net/URL$DefaultFactory
staticfield java/net/URL handlers Ljava/util/Hashtable; java/util/Hashtable
staticfield java/net/URL streamHandlerLock Ljava/lang/Object; java/lang/Object
staticfield java/net/URL serialPersistentFields [Ljava/io/ObjectStreamField; 7 [Ljava/io/ObjectStreamField;
ciInstanceKlass java/net/URLClassLoader 0 0 467 10 100 12 1 1 1 100 1 10 12 1 9 100 12 1 1 1 100 1 10 12 1 9 12 1 1 10 10 12 1 10 12 1 10 100 12 1 1 1 10 12 1 1 10 100 12 1 1 1 10 100 12 1 1 1 100 1 10 12 1 1 10 12 1 1 10 12 1 1 100 1 100 1 10 12 1 1 10 12 1 1 11 100 12 1 1 1 11 100 12 1 1 1 11 12 1 1 100 1 11 12 1 11 100 12 1 1 10 12 1 11 12 1 11 12 1 1 11 10 12 1 1 10 12 1 1 10 12 1 1 10 100 12 1 1 1 8 1 10 12 1 1 10 12 1 10 12 1 1 100 1 10 12 1 100 1 10 100 12 1 1 1 10 10 12 1 10 12 1 1 10 100 12 1 1 10 12 1 100 1 100 1 10 8 1 10 12 1 1 8 1 10 12 1 1 10 10 12 1 8 1 8 1 10 100 12 1 1 1 10 12 1 1 10 12 1 1 10 12 1 1 10 12 1 1 10 12 1 1 10 12 1 10 12 1 100 1 100 1 8 1 10 12 1 10 12 1 1 10 12 1 1 100 1 10 12 1 10 100 12 1 1 1 10 12 1 1 10 12 1 10 12 1 1 10 12 1 10 100 12 1 1 1 8 1 11 100 12 1 1 1 9 100 12 1 1 1 10 100 12 1 1 1 9 12 1 9 12 1 9 12 1 9 12 1 9 12 1 9 12 1 10 100 12 1 1 1 8 1 10 12 1 1 10 12 1 10 12 1 1 100 1 10 12 1 100 1 10 10 12 1 10 10 100 12 1 1 1 1 1 1 1 1 1 1 1 1 1 1 1 1 1 1 1 1 1 1 1 1 1 1 1 1 1 1 1 1 1 1 1 100 1 100 1 100 1 100 1 1 1 1 1 1 1 1 1 1 1 1 1 1 1 1 1 1 1 1 1 1 1 1 1 1 1 1 1 1 1 1 1 1 1 1 1 1 1 1 1 100 1 1 1 1 1 1 1 1 1 1 1 1 1 1 1 1 1 1 1 1 1 1 1 1 1 1 1
ciInstanceKlass java/util/jar/Manifest 1 1 320 10 7 12 1 1 1 7 1 10 9 7 12 1 1 1 7 1 10 9 12 1 1 9 12 1 1 10 12 1 10 12 1 1 10 12 1 1 10 12 1 1 10 12 1 1 11 7 1 11 12 1 1 10 12 1 1 10 100 12 1 1 1 100 1 100 1 10 8 1 10 12 1 1 10 12 1 1 10 12 1 10 12 1 11 100 1 10 12 1 10 12 1 1 11 12 1 1 10 12 1 11 12 1 1 11 100 12 1 1 1 11 100 12 1 1 11 12 1 1 100 1 10 12 1 8 1 11 12 1 100 1 10 12 1 1 11 12 1 10 12 1 10 12 1 10 9 100 12 1 1 1 10 12 1 1 10 100 12 1 10 12 1 10 12 1 9 100 12 1 1 1 8 1 10 12 1 8 1 8 1 7 1 10 12 1 10 12 1 10 12 1 1 100 1 8 1 10 12 1 1 8 1 10 10 12 1 1 8 1 10 12 1 1 10 100 12 1 1 1 10 12 1 10 11 12 1 1 10 12 1 1 10 100 12 1 1 1 10 12 1 1 10 12 1 10 12 1 1 11 10 12 1 11 10 12 1 100 1 1 1 1 1 1 1 1 1 1 1 1 1 1 1 1 1 1 1 1 1 1 1 1 1 1 1 1 1 1 1 1 1 1 1 100 1 1 1 1 1 1 1 1 1 1 1 1 1 1 100 1 1 1 1 1 1 1 1 1 1 1
ciInstanceKlass java/io/ByteArrayInputStream 1 1 135 10 7 12 1 1 1 9 7 12 1 1 1 9 12 1 1 9 12 1 9 12 1 10 100 12 1 1 1 10 7 12 1 1 1 10 7 12 1 1 1 10 100 12 1 1 1 10 12 1 1 10 100 12 1 1 1 100 1 100 1 100 1 3 10 100 1 10 100 12 1 1 1 9 12 1 1 100 1 10 10 7 12 1 1 1 1 1 1 1 1 1 1 1 1 1 1 1 1 1 1 1 1 1 1 1 1 1 1 1 1 1 1 1 1 1 1 1 100 1 100 1 1 1 1 1 1 1 1 1 1 1 1 1 1
staticfield java/io/ByteArrayInputStream $assertionsDisabled Z 1
instanceKlass java/nio/IntBuffer
instanceKlass java/nio/LongBuffer
instanceKlass java/nio/CharBuffer
instanceKlass java/nio/ByteBuffer
ciInstanceKlass java/nio/Buffer 1 1 259 100 1 10 7 12 1 1 1 9 7 12 1 1 1 9 12 1 9 12 1 1 9 12 1 9 12 1 1 10 12 1 1 10 12 1 1 10 12 100 1 100 1 10 8 1 10 12 1 1 10 12 1 8 1 8 1 10 12 1 1 10 12 1 8 1 9 12 1 1 100 1 8 1 10 12 1 8 1 8 1 9 12 10 12 1 8 1 8 1 8 1 10 12 1 8 1 8 1 8 1 100 1 10 100 1 10 100 1 10 9 12 1 1 10 7 12 1 1 1 100 1 10 12 1 1 10 12 1 10 100 12 1 1 10 7 12 1 1 1 10 7 12 1 1 1 9 12 1 1 10 7 12 1 1 1 9 12 1 1 7 1 10 10 12 1 1 7 1 10 10 7 12 1 1 1 1 1 3 1 1 1 1 1 1 1 1 1 1 1 1 1 1 100 1 1 1 1 1 1 1 100 1 1 1 1 1 1 1 1 1 1 1 1 1 1 1 1 1 1 1 1 1 1 1 1 1 1 1 1 1 1 1 1 1 1 1 1 1 1 1 1 1 1 100 1 100 1 100 1 100 1 100 1 100 1 100 1 1
staticfield java/nio/Buffer UNSAFE Ljdk/internal/misc/Unsafe; jdk/internal/misc/Unsafe
staticfield java/nio/Buffer SCOPED_MEMORY_ACCESS Ljdk/internal/misc/ScopedMemoryAccess; jdk/internal/misc/ScopedMemoryAccess
staticfield java/nio/Buffer IOOBE_FORMATTER Ljava/util/function/BiFunction; jdk/internal/util/Preconditions$4
staticfield java/nio/Buffer $assertionsDisabled Z 1
ciInstanceKlass jdk/internal/util/Preconditions 1 1 194 10 100 12 1 1 1 11 100 12 1 1 1 11 100 12 1 1 1 100 1 100 1 10 7 12 1 1 1 10 12 1 8 1 100 1 10 100 12 1 1 1 10 12 1 1 8 1 8 1 10 100 12 1 1 7 1 10 12 1 8 1 10 100 12 1 1 1 8 1 10 12 1 1 10 12 1 1 11 12 1 8 1 8 1 11 12 1 1 8 1 8 1 8 1 10 12 1 1 10 12 1 1 10 12 1 10 12 1 10 12 1 10 12 7 1 10 10 12 1 1 9 12 1 1 7 1 10 9 12 1 7 1 10 9 12 1 1 1 1 1 1 1 1 1 1 1 1 1 1 1 1 1 1 1 1 1 1 1 1 1 1 1 1 1 1 1 1 1 1 1 1 1 1 1 1 1 1 1 1 1 1 1 1 1 1 1 1 1 1 1 1 1 1
staticfield jdk/internal/util/Preconditions SIOOBE_FORMATTER Ljava/util/function/BiFunction; jdk/internal/util/Preconditions$4
staticfield jdk/internal/util/Preconditions AIOOBE_FORMATTER Ljava/util/function/BiFunction; jdk/internal/util/Preconditions$4
staticfield jdk/internal/util/Preconditions IOOBE_FORMATTER Ljava/util/function/BiFunction; jdk/internal/util/Preconditions$4
ciInstanceKlass jdk/internal/util/Preconditions$4 1 1 61 9 7 12 1 1 1 10 7 12 1 1 1 10 100 12 1 1 1 11 100 12 1 1 1 100 1 100 1 100 1 10 12 1 100 1 1 1 1 1 1 1 1 1 1 1 1 1 1 1 1 1 1 1 1 1 12 1 1 1 1
ciInstanceKlass java/util/function/BiFunction 1 1 65 10 100 12 1 1 1 18 12 1 1 11 100 12 1 1 11 100 12 1 100 1 1 1 1 1 1 1 1 1 1 1 1 1 1 1 1 1 1 1 1 1 1 1 1 1 1 1 16 15 11 12 15 10 100 12 1 1 1 1 100 1 100 1 1
ciMethod jdk/internal/util/Preconditions checkFromIndexSize (IIILjava/util/function/BiFunction;)I 566 0 57535 0 0
ciMethod jdk/internal/util/Preconditions outOfBounds (Ljava/util/function/BiFunction;Ljava/lang/String;[Ljava/lang/Number;)Ljava/lang/RuntimeException; 0 0 1 0 -1
ciMethod jdk/internal/util/Preconditions outOfBoundsMessage (Ljava/lang/String;Ljava/util/List;)Ljava/lang/String; 0 0 1 0 -1
ciMethod jdk/internal/util/Preconditions outOfBoundsCheckFromIndexSize (Ljava/util/function/BiFunction;III)Ljava/lang/RuntimeException; 0 0 1 0 -1
ciInstanceKlass java/lang/AssertionStatusDirectives 0 0 24 10 100 12 1 1 1 100 1 1 1 1 1 1 1 1 1 1 1 1 1 1 1 1
instanceKlass jdk/internal/classfile/impl/AbstractInstruction$SwitchCaseImpl
instanceKlass java/util/Formatter$FixedString
instanceKlass org/example/json/JsonTokenizer$Token
instanceKlass jdk/net/UnixDomainPrincipal
instanceKlass java/util/zip/ZipFile$EntryPos
instanceKlass java/lang/invoke/StringConcatFactory$InlineHiddenClassStrategy$MethodHandlePair
instanceKlass java/lang/invoke/MethodHandles$Lookup$ClassDefiner
instanceKlass jdk/internal/classfile/impl/ClassHierarchyImpl$ClassHierarchyInfoImpl
instanceKlass java/lang/classfile/ClassHierarchyResolver$1Factory
instanceKlass jdk/internal/classfile/impl/RawBytecodeHelper$CodeRange
instanceKlass jdk/internal/classfile/impl/StackMapGenerator$Type
instanceKlass jdk/internal/classfile/impl/Util$1WithCodeMethodHandler
instanceKlass jdk/internal/classfile/impl/DirectCodeBuilder$DeferredLabel
instanceKlass java/lang/invoke/InvokerBytecodeGenerator$ClassData
instanceKlass jdk/internal/classfile/impl/AnnotationImpl
instanceKlass java/security/SecureClassLoader$CodeSourceKey
instanceKlass jdk/internal/reflect/ReflectionFactory$Config
instanceKlass jdk/internal/foreign/abi/UpcallLinker$CallRegs
instanceKlass jdk/internal/foreign/abi/VMStorage
ciInstanceKlass java/lang/Record 1 1 22 10 7 12 1 1 1 100 1 1 1 1 1 1 1 1 1 1 1 1 1 1
ciInstanceKlass java/util/concurrent/ConcurrentHashMap 1 1 1218 100 1 7 1 10 7 12 1 1 1 10 12 1 1 9 12 1 1 3 10 7 12 1 1 1 3 100 1 10 7 12 1 1 1 100 1 10 100 12 1 1 1 100 1 11 12 1 1 11 12 1 11 12 1 1 9 12 1 1 9 12 1 9 12 1 10 7 12 1 1 1 7 1 10 12 1 1 10 12 1 1 10 7 12 1 1 1 4 10 12 1 11 7 12 1 1 10 12 1 10 12 1 1 100 1 10 5 0 10 12 1 9 12 1 10 12 1 1 5 0 10 12 1 10 12 1 9 12 1 1 10 12 1 1 9 12 1 9 12 1 1 10 12 1 1 9 12 1 10 12 1 1 9 12 1 1 10 12 1 1 100 1 10 100 1 10 12 1 10 12 1 1 10 12 1 1 10 12 1 1 10 12 1 10 12 1 1 10 12 1 1 100 1 10 12 1 1 7 1 100 1 8 1 10 12 1 10 12 1 1 10 12 1 1 10 10 12 1 11 12 1 1 11 7 12 1 1 1 11 7 12 1 1 1 11 12 1 7 1 11 12 1 11 12 1 10 12 1 1 10 12 1 1 9 12 1 1 10 100 12 1 1 1 9 10 12 1 1 9 12 1 10 12 1 1 5 0 9 12 1 1 7 1 10 12 1 9 12 1 1 7 1 10 12 1 9 12 1 7 1 10 100 1 10 10 12 1 1 8 1 10 12 1 10 12 1 1 11 100 1 10 12 1 10 100 12 1 1 1 8 1 10 100 12 1 1 1 8 1 10 12 1 8 1 10 12 1 10 12 1 1 10 100 12 1 1 10 12 1 10 12 1 10 12 1 9 12 1 9 10 12 1 9 12 1 1 11 100 12 1 1 1 11 7 12 1 1 1 100 1 10 12 11 100 12 1 1 10 11 7 12 1 10 12 1 100 1 10 12 1 100 1 10 10 9 7 12 1 1 1 3 10 7 12 1 1 9 12 1 10 12 1 1 9 12 1 1 9 12 1 10 12 1 1 10 7 12 1 1 9 12 1 9 7 12 1 1 10 12 1 1 10 12 1 3 9 12 1 9 12 1 10 12 1 1 7 1 9 3 100 1 10 12 1 9 12 1 10 12 1 9 12 1 10 12 1 9 12 1 10 100 12 1 1 1 100 10 12 1 100 1 5 0 10 100 12 1 1 100 1 10 12 1 1 10 12 1 10 12 1 100 1 10 12 1 10 100 1 100 1 10 10 12 1 10 100 1 10 12 1 10 100 1 10 12 1 10 100 1 10 12 1 1 100 1 10 12 1 10 10 12 1 100 1 10 12 1 10 10 12 1 100 1 10 12 1 10 100 1 10 12 1 10 100 1 10 12 1 10 100 1 10 12 1 10 100 1 10 12 1 10 100 1 10 12 1 10 100 1 10 12 1 10 100 1 10 12 1 10 100 1 10 10 100 1 10 10 100 1 10 10 100 1 10 12 1 10 100 1 10 12 1 10 100 1 10 12 1 10 100 1 10 12 1 10 100 1 10 12 1 10 100 1 10 10 100 1 10 10 100 1 10 10 100 1 10 12 1 10 100 1 10 12 1 10 100 1 10 12 1 10 100 1 10 12 1 10 100 1 10 12 1 10 10 12 1 10 12 1 7 1 7 1 10 12 1 9 12 1 1 9 12 1 1 10 12 1 1 8 10 12 1 1 8 8 8 8 7 10 12 1 1 10 12 1 100 1 8 1 10 7 1 100 1 100 1 1 1 5 0 1 1 3 1 3 1 1 1 1 3 1 3 1 3 1 1 1 1 1 3 1 3 1 3 1 1 1 1 1 1 1 1 1 1 1 1 1 1 1 1 1 1 1 1 1 1 1 1 1 1 1 100 1 1 1 1 1 1 1 1 1 1 1 1 1 1 1 1 1 1 1 1 1 1 1 1 1 1 1 1 1 1 1 1 1 1 1 1 1 1 1 1 1 1 1 1 1 1 1 1 1 1 1 1 1 1 1 1 1 1 1 1 1 1 1 1 1 1 1 1 1 1 1 1 1 1 1 1 1 1 1 1 1 1 1 1 100 1 1 1 1 1 1 1 1 1 1 1 100 1 1 1 1 1 1 1 1 1 1 1 1 1 1 1 1 1 1 1 1 1 1 1 1 1 1 1 1 1 1 1 1 1 1 1 1 1 1 1 1 1 1 1 1 1 1 1 1 1 1 1 1 1 1 1 1 1 1 1 1 1 1 1 1 1 1 1 1 1 1 1 1 1 1 1 1 1 1 1 1 1 1 1 1 1 1 1 1 1 1 1 1 1 1 1 1 1 1 1 1 1 1 1 1 1 1 1 1 1 1 1 1 1 1 1 1 1 1 1 1 1 1 1 1 1 1 1 1 1 1 1 1 1 1 1 1 1 1 1 1 1 1 1 1 1 1 1 1 1 1 1 1 1 1 1 1 1 1 1 1 1 1 1 1 1 1 1 1 1 1 1 1 1 1 1 1 1 1 1 1 1 1 1 1 1 1 1 1 1 1 1 1 1 1 1 1 1 1 1 1 1 1 1 1 1 1 1 1 1 1 1 1 1 1 1 1 1 1 1 1 1 1 1 100 1 100 1 100 1 100 1 100 1 100 1 100 1 100 1 100 1 1 1 1 1 1 1 1 1 1 1 1 1 1 1 1 1 1 1 1 1 1 1 1 1 1 1 1 1 1 1 1 1 1 1 1 1 1 1 1 1 1 1 1 1 1 1 1 1 1 1 1 1 1 1 1 1 1
staticfield java/util/concurrent/ConcurrentHashMap serialPersistentFields [Ljava/io/ObjectStreamField; 3 [Ljava/io/ObjectStreamField;
staticfield java/util/concurrent/ConcurrentHashMap U Ljdk/internal/misc/Unsafe; jdk/internal/misc/Unsafe
staticfield java/util/concurrent/ConcurrentHashMap SIZECTL J 20
staticfield java/util/concurrent/ConcurrentHashMap TRANSFERINDEX J 32
staticfield java/util/concurrent/ConcurrentHashMap BASECOUNT J 24
staticfield java/util/concurrent/ConcurrentHashMap CELLSBUSY J 36
staticfield java/util/concurrent/ConcurrentHashMap CELLVALUE J 144
staticfield java/util/concurrent/ConcurrentHashMap ABASE I 16
staticfield java/util/concurrent/ConcurrentHashMap ASHIFT I 2
instanceKlass com/google/gson/internal/LinkedTreeMap
instanceKlass java/util/concurrent/ConcurrentSkipListMap
instanceKlass java/util/EnumMap
instanceKlass java/util/IdentityHashMap
instanceKlass java/util/WeakHashMap
instanceKlass java/util/Collections$EmptyMap
instanceKlass sun/util/PreHashedMap
instanceKlass java/util/HashMap
instanceKlass java/util/ImmutableCollections$AbstractImmutableMap
instanceKlass java/util/concurrent/ConcurrentHashMap
ciInstanceKlass java/util/AbstractMap 1 1 198 10 7 12 1 1 1 10 7 12 1 1 1 11 100 12 1 1 1 10 11 12 1 1 11 100 12 1 1 1 11 12 1 1 100 1 11 12 1 10 12 1 1 11 12 1 100 1 10 11 12 1 11 100 1 10 12 1 1 11 12 1 9 12 1 1 100 1 10 12 1 9 12 1 1 100 1 10 11 11 12 1 1 11 12 1 100 1 100 1 11 12 1 8 1 100 1 10 10 12 1 1 8 1 10 12 1 10 12 1 1 10 12 1 1 1 1 1 1 1 1 1 1 1 1 1 1 1 1 1 1 1 1 1 1 1 1 1 1 1 1 1 1 1 1 1 1 1 1 1 1 1 1 100 1 1 1 1 1 1 1 100 1 1 1 1 1 1 1 1 1 100 1 1 1 1 1 1 1 1 1 100 1 100 1 100 1 100 1 100 1 1 1 1 1 1 1 1
ciMethod java/util/concurrent/ConcurrentHashMap get (Ljava/lang/Object;)Ljava/lang/Object; 528 4 5394 0 936
ciInstanceKlass java/util/concurrent/ConcurrentMap 1 1 201 11 100 12 1 1 1 10 100 12 1 1 11 12 1 1 11 100 12 1 1 1 11 100 12 1 1 1 11 12 1 1 100 1 11 12 1 11 12 1 100 1 11 100 12 1 1 1 18 12 1 11 12 1 1 11 100 12 1 1 11 12 1 1 11 100 12 1 11 12 1 1 11 12 1 1 100 1 100 1 1 1 1 1 1 1 1 1 1 1 1 1 1 1 1 1 1 1 1 1 1 1 1 1 1 1 1 1 1 1 1 1 1 1 1 1 1 1 1 1 1 1 1 1 1 1 1 1 1 1 1 1 1 1 1 1 1 1 1 16 15 11 12 15 10 100 12 1 1 1 1 1 100 1 100 1 1 1 100 1 8 1 1 12 10 1 8 1 1 1 8 1 8 1 1 8 1 1 1 8 1 1 1 8 1 1 8 1 8 1 1 1 8 1 1 8 1 1 1 8 1
ciInstanceKlass java/util/Collection 1 1 115 11 100 12 1 1 1 100 1 11 7 12 1 1 1 10 100 12 1 1 1 11 12 1 1 11 100 12 1 1 1 11 12 1 1 11 100 12 1 1 1 11 12 1 1 10 100 12 1 1 1 11 12 1 10 7 12 1 1 1 100 1 100 1 1 1 1 1 1 1 1 1 1 1 1 1 1 1 1 1 1 1 1 1 1 1 1 1 1 1 1 1 1 1 1 1 1 1 1 1 1 1 1 1 1 1 1 1 1 1 1 1 1 1 1
ciInstanceKlass java/util/Deque 1 1 100 10 100 12 1 1 1 11 100 12 1 1 1 100 1 100 1 100 1 1 1 1 1 1 1 1 1 1 1 1 1 1 1 1 1 1 1 1 1 1 1 1 1 1 1 1 1 1 1 1 1 1 1 1 1 1 1 1 1 1 1 1 1 1 1 1 1 1 1 1 1 100 1 8 1 1 12 10 1 1 1 8 1 1 1 8 1 1 1 8 1 1 8 1 1 8 1 1 8 1
instanceKlass jdk/internal/loader/ClassLoaders$BootClassLoader
instanceKlass jdk/internal/loader/ClassLoaders$PlatformClassLoader
instanceKlass jdk/internal/loader/ClassLoaders$AppClassLoader
ciInstanceKlass jdk/internal/loader/BuiltinClassLoader 1 1 652 9 7 12 1 1 1 10 7 12 1 1 1 10 7 12 1 1 1 9 12 1 1 9 12 1 1 7 1 10 12 1 9 12 1 10 12 1 9 12 1 10 7 12 1 1 1 10 7 12 1 1 1 10 100 12 1 1 1 11 7 12 1 1 1 100 1 100 1 10 10 12 1 1 8 1 10 12 1 10 12 7 1 10 12 1 10 12 1 1 11 100 12 1 1 1 11 7 12 1 1 1 11 12 1 1 7 1 8 1 8 1 10 9 12 1 1 10 7 12 1 1 11 12 1 1 10 12 1 1 10 12 1 1 10 12 1 1 11 7 12 1 1 1 10 7 12 1 1 100 1 10 100 12 1 1 1 10 7 12 1 1 1 10 12 1 10 12 1 100 1 8 1 10 12 1 1 10 8 1 10 12 1 1 10 12 1 1 10 12 1 1 11 7 12 1 1 11 12 1 7 1 10 11 12 1 1 11 10 12 1 1 7 1 10 12 1 10 7 12 1 10 12 1 11 12 1 1 11 7 1 11 12 1 100 1 10 12 1 1 100 1 100 1 11 12 1 1 10 12 1 10 12 10 12 1 10 7 12 1 1 1 100 1 10 10 12 1 1 10 12 1 1 10 12 1 1 10 12 1 9 12 1 1 100 1 10 10 12 1 1 10 12 1 1 10 12 1 10 12 10 12 1 1 10 12 1 1 10 12 1 1 10 12 1 10 12 1 1 10 12 1 1 10 12 1 10 12 1 1 10 12 1 7 1 10 12 10 7 12 1 1 1 10 12 1 11 12 1 7 1 10 12 1 7 1 100 1 10 12 1 10 12 1 11 12 1 1 10 12 1 1 10 12 1 1 10 12 1 1 10 12 1 1 10 12 1 10 12 1 10 12 1 10 12 1 8 1 10 12 1 1 10 7 12 1 1 10 12 1 100 1 8 1 8 1 10 10 12 1 8 1 8 1 10 7 12 1 1 1 11 7 12 1 1 1 9 7 12 1 1 1 10 7 12 1 1 1 9 12 1 9 12 1 9 12 1 9 12 1 9 12 1 9 12 1 10 7 12 1 1 1 8 1 10 12 1 7 1 10 11 12 1 1 10 12 10 12 1 10 12 1 100 1 10 12 1 10 12 1 11 11 12 1 10 7 12 1 1 10 7 12 1 1 8 1 10 7 12 1 1 10 12 1 1 1 1 1 1 1 1 1 1 1 1 1 1 1 1 1 1 1 1 1 1 1 1 1 1 1 1 1 1 1 1 1 1 1 1 1 1 1 1 1 1 1 1 1 1 1 1 1 1 1 1 1 1 1 100 1 1 1 1 1 1 1 1 1 1 1 1 1 100 1 100 1 1 1 1 1 1 1 1 1 1 1 1 1 1 1 1 1 1 1 1 1 1 1 1 1 1 1 1 1 1 1 1 1 1 1 1 1 1 1 1 1 1 1 1 1 1 1 100 1 1 1 100 1 1 1 1 1
staticfield jdk/internal/loader/BuiltinClassLoader packageToModule Ljava/util/Map; java/util/concurrent/ConcurrentHashMap
staticfield jdk/internal/loader/BuiltinClassLoader $assertionsDisabled Z 1
ciInstanceKlass jdk/internal/loader/ClassLoaders$AppClassLoader 1 1 57 8 1 10 7 12 1 1 1 10 100 12 1 1 1 10 12 1 1 10 7 12 1 1 1 100 1 10 12 1 1 1 1 1 1 1 1 1 1 1 1 1 1 1 1 1 1 1 1 1 1 1 1 100 1 1 1
ciInstanceKlass jdk/internal/loader/ClassLoaders$PlatformClassLoader 1 1 42 8 1 10 7 12 1 1 1 10 7 12 1 1 1 100 1 10 12 1 100 1 1 1 1 1 1 1 1 1 1 1 1 1 1 100 1 1 1 100 1 1
ciInstanceKlass java/lang/ArithmeticException 1 1 26 10 100 12 1 1 1 10 12 1 100 1 1 1 1 5 0 1 1 1 1 1 1 1 1 1
instanceKlass java/text/ParseException
instanceKlass java/net/URISyntaxException
instanceKlass java/lang/CloneNotSupportedException
instanceKlass java/io/IOException
instanceKlass java/lang/ReflectiveOperationException
instanceKlass java/lang/RuntimeException
ciInstanceKlass java/lang/Exception 1 1 40 10 7 12 1 1 1 10 12 1 10 12 1 10 12 1 10 12 1 100 1 1 1 1 5 0 1 1 1 1 1 1 1 1 1 1 1 1 1 1
instanceKlass java/util/ConcurrentModificationException
instanceKlass java/util/NoSuchElementException
instanceKlass org/example/json/JsonException
instanceKlass java/lang/UnsupportedOperationException
instanceKlass java/lang/IllegalStateException
instanceKlass com/google/gson/JsonParseException
instanceKlass java/lang/IllegalArgumentException
instanceKlass java/lang/IndexOutOfBoundsException
instanceKlass java/lang/ArithmeticException
instanceKlass java/lang/NullPointerException
instanceKlass java/lang/IllegalCallerException
instanceKlass java/lang/IllegalMonitorStateException
instanceKlass java/lang/ArrayStoreException
instanceKlass java/lang/ClassCastException
ciInstanceKlass java/lang/RuntimeException 1 1 40 10 100 12 1 1 1 10 12 1 10 12 1 10 12 1 10 12 1 100 1 1 1 1 5 0 1 1 1 1 1 1 1 1 1 1 1 1 1 1
ciInstanceKlass java/lang/ArrayIndexOutOfBoundsException 1 1 45 10 100 12 1 1 1 10 12 1 100 1 10 8 1 10 12 1 1 10 12 1 10 12 1 1 100 1 1 1 1 5 0 1 1 1 1 1 1 1 1 1 1 1 1
instanceKlass java/lang/ArrayIndexOutOfBoundsException
ciInstanceKlass java/lang/IndexOutOfBoundsException 1 1 49 10 100 12 1 1 1 10 12 1 100 1 10 8 1 10 12 1 1 10 12 1 10 12 1 1 10 12 1 100 1 1 1 1 5 0 1 1 1 1 1 1 1 1 1 1 1 1 1
ciMethod java/lang/IndexOutOfBoundsException <init> (Ljava/lang/String;)V 0 0 1 0 -1
ciInstanceKlass java/lang/ArrayStoreException 1 1 26 10 100 12 1 1 1 10 12 1 100 1 1 1 1 5 0 1 1 1 1 1 1 1 1 1
ciInstanceKlass java/lang/ClassCastException 1 1 26 10 100 12 1 1 1 10 12 1 100 1 1 1 1 5 0 1 1 1 1 1 1 1 1 1
ciInstanceKlass java/lang/ClassNotFoundException 0 0 96 100 1 10 100 12 1 1 1 10 12 1 10 12 1 1 10 100 12 1 1 1 8 1 10 100 12 1 1 1 10 100 12 1 1 10 100 12 1 1 1 10 100 12 1 1 1 10 12 1 1 100 1 10 12 1 9 12 1 1 1 1 1 5 0 1 1 1 1 1 1 1 1 1 1 1 1 1 1 1 1 1 1 100 1 1 1 1 1 1 1 1 1 1 1 1
instanceKlass java/lang/InstantiationException
instanceKlass java/lang/IllegalAccessException
instanceKlass java/lang/NoSuchFieldException
instanceKlass java/lang/NoSuchMethodException
instanceKlass java/lang/ClassNotFoundException
ciInstanceKlass java/lang/ReflectiveOperationException 0 0 34 10 100 12 1 1 1 10 12 1 10 12 1 10 12 1 100 1 1 1 1 5 0 1 1 1 1 1 1 1 1 1 1 1
instanceKlass java/lang/NumberFormatException
ciInstanceKlass java/lang/IllegalArgumentException 1 1 35 10 100 12 1 1 1 10 12 1 10 12 1 10 12 1 100 1 1 1 1 5 0 1 1 1 1 1 1 1 1 1 1 1 1
ciInstanceKlass java/lang/IllegalCallerException 0 0 35 10 100 12 1 1 1 10 12 1 10 12 1 10 12 1 100 1 1 1 1 5 0 1 1 1 1 1 1 1 1 1 1 1 1
ciInstanceKlass java/lang/IllegalMonitorStateException 1 1 26 10 100 12 1 1 1 10 12 1 100 1 1 1 1 5 0 1 1 1 1 1 1 1 1 1
ciInstanceKlass java/lang/BootstrapMethodError 0 0 45 10 100 12 1 1 1 10 12 1 10 12 1 10 100 12 1 1 1 10 100 12 1 1 1 1 1 1 5 0 1 1 1 1 1 1 1 1 1 1 1 100 1 1 1
instanceKlass java/lang/AssertionError
instanceKlass java/lang/VirtualMachineError
instanceKlass java/lang/LinkageError
ciInstanceKlass java/lang/Error 1 1 58 10 7 12 1 1 1 9 12 1 1 10 100 12 1 1 1 10 100 12 1 1 1 10 12 1 10 12 1 10 12 1 10 12 1 100 1 1 1 1 5 0 1 1 1 1 1 1 1 1 100 1 1 1 1 1 1 1
instanceKlass java/lang/IncompatibleClassChangeError
instanceKlass java/lang/BootstrapMethodError
instanceKlass java/lang/NoClassDefFoundError
ciInstanceKlass java/lang/LinkageError 1 1 31 10 7 12 1 1 1 10 12 1 10 12 1 100 1 1 1 1 5 0 1 1 1 1 1 1 1 1 1 1 1
ciInstanceKlass java/lang/NullPointerException 1 1 52 10 100 12 1 1 1 10 12 1 9 100 12 1 1 1 10 12 1 1 9 12 1 1 10 12 1 1 10 12 1 1 1 1 5 0 1 1 1 1 1 1 1 1 100 1 100 1 100 1 1 1
instanceKlass java/io/ObjectStreamException
instanceKlass java/nio/channels/ClosedChannelException
instanceKlass java/io/EOFException
instanceKlass com/google/gson/stream/MalformedJsonException
instanceKlass java/io/FileNotFoundException
ciInstanceKlass java/io/IOException 1 1 34 10 7 12 1 1 1 10 12 1 10 12 1 10 12 1 100 1 1 1 1 5 0 1 1 1 1 1 1 1 1 1 1 1
ciInstanceKlass java/lang/InternalError 1 1 34 10 100 12 1 1 1 10 12 1 10 12 1 10 12 1 100 1 1 1 1 5 0 1 1 1 1 1 1 1 1 1 1 1
instanceKlass java/lang/StackOverflowError
instanceKlass java/lang/OutOfMemoryError
instanceKlass java/lang/InternalError
ciInstanceKlass java/lang/VirtualMachineError 1 1 34 10 100 12 1 1 1 10 12 1 10 12 1 10 12 1 100 1 1 1 1 5 0 1 1 1 1 1 1 1 1 1 1 1
ciInstanceKlass java/lang/NoClassDefFoundError 0 0 26 10 100 12 1 1 1 10 12 1 100 1 1 1 1 5 0 1 1 1 1 1 1 1 1 1
ciInstanceKlass java/lang/OutOfMemoryError 1 1 26 10 100 12 1 1 1 10 12 1 100 1 1 1 1 5 0 1 1 1 1 1 1 1 1 1
ciInstanceKlass java/lang/StackOverflowError 1 1 26 10 100 12 1 1 1 10 12 1 100 1 1 1 1 5 0 1 1 1 1 1 1 1 1 1
ciInstanceKlass java/lang/StackTraceElement 0 0 235 10 100 12 1 1 1 10 100 12 1 1 9 12 1 1 9 12 1 1 9 12 1 9 12 1 8 1 10 100 12 1 1 1 100 1 9 12 1 8 1 9 12 1 9 12 1 9 12 1 1 10 12 1 1 10 12 1 8 1 10 100 12 1 1 1 100 1 10 12 1 10 12 1 1 10 12 1 10 12 1 1 10 12 1 10 12 1 10 10 12 1 8 1 10 12 1 10 12 1 1 10 12 1 1 10 12 1 10 12 1 10 12 1 9 12 1 1 10 100 12 1 1 1 10 12 1 1 100 1 10 12 1 1 10 100 12 1 1 10 100 12 1 1 1 10 100 12 1 1 10 100 12 1 1 10 10 12 1 1 10 12 1 1 10 12 1 1 10 12 1 100 1 1 1 1 1 1 1 3 1 3 1 1 5 0 1 1 1 1 1 1 1 1 1 1 1 1 1 1 1 1 1 1 1 1 1 1 1 1 1 1 1 1 1 100 1 100 1 1 1 1 1 1 1 100 1 1 1 1 1 1 1 1 1
instanceKlass java/util/concurrent/locks/AbstractQueuedSynchronizer
ciInstanceKlass java/util/concurrent/locks/AbstractOwnableSynchronizer 1 1 32 10 7 12 1 1 1 9 7 12 1 1 1 100 1 1 1 1 5 0 1 1 1 1 1 1 1 1 1 1 1 1
instanceKlass java/lang/VirtualThread$VThreadContinuation
ciInstanceKlass jdk/internal/vm/Continuation 1 1 551 9 7 12 1 1 1 9 12 1 9 12 1 9 12 1 100 1 100 1 10 12 1 1 8 1 10 12 1 1 10 12 1 10 12 1 1 10 12 1 9 7 12 1 1 1 11 7 12 1 1 1 10 7 1 9 12 1 1 9 12 1 1 10 8 1 10 12 1 9 12 1 1 10 11 12 1 1 100 1 10 100 12 1 1 1 10 12 1 1 10 12 1 10 12 1 1 11 12 1 1 9 12 1 1 10 12 1 1 18 12 1 1 10 100 12 1 1 1 100 1 10 12 1 11 100 12 1 1 1 10 12 1 9 12 1 10 12 1 1 100 1 8 1 10 12 1 10 12 1 1 9 12 1 1 11 12 1 1 9 12 1 1 8 1 10 11 12 1 1 11 12 1 1 10 12 1 1 10 12 1 1 9 12 1 10 12 1 10 10 12 1 8 1 10 12 1 8 1 8 1 10 7 12 1 1 1 10 100 12 1 1 1 10 12 1 9 12 1 11 12 1 100 1 10 12 1 10 12 1 1 9 12 1 1 100 1 10 12 1 1 9 12 1 1 10 12 1 10 12 1 11 7 12 1 1 10 7 1 10 12 1 8 1 10 12 1 1 9 12 1 1 10 7 12 1 1 8 1 8 1 8 1 8 1 10 12 1 1 10 12 1 10 12 1 10 12 1 10 12 1 1 10 12 1 1 8 1 9 12 1 10 12 1 1 9 12 1 1 10 12 1 1 9 12 1 8 1 10 100 12 1 1 1 10 12 1 8 1 100 1 8 1 10 9 12 1 1 8 1 10 100 12 1 1 10 100 12 1 1 8 1 8 1 10 12 10 12 1 1 10 100 1 10 100 12 1 1 1 18 11 100 12 1 1 1 18 12 1 11 12 1 1 100 1 10 7 12 1 1 10 12 1 1 8 10 12 1 1 10 7 12 1 1 1 10 7 12 1 1 10 12 1 8 1 10 12 1 100 1 100 1 10 12 1 1 1 1 1 1 1 1 1 1 1 1 1 1 1 1 1 1 1 1 1 1 1 1 1 1 1 1 1 1 1 1 1 1 1 1 1 1 1 1 1 1 1 1 1 1 1 1 1 1 1 1 1 1 1 1 1 1 1 1 1 1 1 1 1 1 1 1 1 1 1 1 1 1 1 1 100 1 1 16 1 15 10 12 16 15 11 100 12 1 1 1 16 1 16 1 15 10 12 16 15 10 100 12 1 1 1 1 1 1 1 1 100 1 100 1 1
staticfield jdk/internal/vm/Continuation U Ljdk/internal/misc/Unsafe; jdk/internal/misc/Unsafe
staticfield jdk/internal/vm/Continuation MOUNTED_OFFSET J 13
staticfield jdk/internal/vm/Continuation PRESERVE_SCOPED_VALUE_CACHE Z 1
staticfield jdk/internal/vm/Continuation JLA Ljdk/internal/access/JavaLangAccess; java/lang/System$1
staticfield jdk/internal/vm/Continuation $assertionsDisabled Z 1
ciInstanceKlass jdk/internal/misc/UnsafeConstants 1 1 34 10 100 12 1 1 1 9 7 12 1 1 1 9 12 1 9 12 1 1 9 12 1 9 12 1 1 1 1 1 1 1 1 1
staticfield jdk/internal/misc/UnsafeConstants ADDRESS_SIZE0 I 8
staticfield jdk/internal/misc/UnsafeConstants PAGE_SIZE I 4096
staticfield jdk/internal/misc/UnsafeConstants BIG_ENDIAN Z 0
staticfield jdk/internal/misc/UnsafeConstants UNALIGNED_ACCESS Z 1
staticfield jdk/internal/misc/UnsafeConstants DATA_CACHE_LINE_FLUSH_SIZE I 0
instanceKlass java/lang/invoke/BoundMethodHandle
instanceKlass java/lang/invoke/DelegatingMethodHandle
instanceKlass java/lang/invoke/DirectMethodHandle
ciInstanceKlass java/lang/invoke/MethodHandle 1 1 734 100 1 9 7 12 1 1 1 10 7 12 1 1 1 10 7 12 1 1 1 7 1 7 1 10 12 1 1 9 12 1 1 10 12 1 10 12 1 1 10 12 1 1 10 100 12 1 1 1 10 12 1 1 10 12 1 1 11 100 12 1 1 1 10 12 1 1 10 12 1 10 12 1 9 12 1 1 9 12 1 1 10 100 12 1 1 1 10 12 1 10 12 1 1 10 12 1 10 12 1 100 1 100 1 10 8 1 10 12 1 1 10 12 1 8 1 10 12 1 1 10 12 1 10 7 12 1 1 1 10 12 1 1 10 12 1 1 10 12 1 1 10 7 12 1 1 1 10 12 1 1 10 12 1 1 10 12 1 10 12 1 1 10 100 12 1 1 10 7 12 1 1 10 12 1 10 12 1 10 12 1 1 10 12 1 1 10 12 1 1 10 12 1 1 10 7 12 1 1 1 10 100 12 1 1 1 10 12 1 1 10 12 1 1 10 12 1 1 8 1 10 7 12 1 1 1 8 1 10 12 1 10 12 1 1 10 12 1 1 10 12 1 8 1 10 12 1 1 8 1 10 12 1 8 1 10 100 12 1 1 1 9 12 1 1 100 1 10 9 100 12 1 1 1 9 100 1 8 1 10 12 1 1 10 12 1 10 12 1 1 10 12 1 10 12 1 1 10 12 1 10 12 1 1 10 12 1 10 12 1 1 10 12 1 1 8 1 10 12 1 1 8 1 10 12 1 10 12 1 1 10 12 1 10 12 1 10 12 1 1 9 100 12 1 1 1 10 12 1 1 11 12 1 10 12 1 10 12 1 1 10 100 12 1 1 100 1 11 12 1 10 100 1 11 12 1 100 1 10 12 1 11 12 1 9 100 12 1 1 1 11 12 1 1 11 100 12 1 1 1 10 12 1 1 9 12 1 11 12 1 9 12 1 9 12 1 9 12 1 11 12 1 1 9 12 1 9 12 1 9 12 1 9 12 1 9 12 1 9 12 1 9 12 1 8 1 10 12 1 10 12 1 8 1 10 12 1 10 12 1 10 12 1 1 10 10 10 7 12 1 1 10 12 1 1 100 1 100 1 8 1 8 1 10 10 12 1 1 10 12 1 10 12 1 100 1 10 100 12 1 1 1 10 9 7 12 1 1 1 10 12 1 1 10 12 1 1 8 1 8 1 10 100 12 1 1 9 12 1 9 12 1 1 9 12 1 1 10 12 1 100 1 10 12 1 10 12 1 1 9 12 1 1 9 12 1 1 10 7 12 1 1 1 11 7 12 1 1 9 12 1 10 12 1 1 9 12 1 10 12 1 8 10 12 1 1 8 1 1 1 1 1 1 1 1 100 1 1 1 1 1 1 1 1 1 1 1 1 1 1 1 1 1 1 1 1 1 1 1 1 1 1 1 1 1 1 1 1 100 1 1 1 1 1 1 1 1 1 1 1 1 1 1 1 1 1 1 1 1 1 1 1 1 1 1 1 1 1 1 1 1 1 1 1 1 1 1 1 1 1 1 1 1 1 1 1 1 1 1 1 1 1 1 1 1 1 1 1 1 1 1 1 1 1 1 1 1 1 1 1 1 1 1 1 1 1 1 1 1 1 1 1 1 1 1 100 1 1 100 1 100 1 100 1 1 100 1 1 100 1 1 1 1
staticfield java/lang/invoke/MethodHandle FORM_OFFSET J 20
staticfield java/lang/invoke/MethodHandle UPDATE_OFFSET J 13
staticfield java/lang/invoke/MethodHandle $assertionsDisabled Z 1
ciInstanceKlass java/lang/invoke/MethodType 1 1 766 7 1 10 7 12 1 1 1 9 12 1 1 9 12 1 1 9 12 1 1 10 7 12 1 1 1 9 7 12 1 1 8 1 10 100 12 1 1 1 9 7 1 9 7 1 10 12 1 1 100 1 10 8 1 10 12 1 1 10 12 1 10 12 1 1 100 1 8 1 10 12 1 100 1 10 10 12 1 10 12 1 1 10 12 1 1 11 7 12 1 1 1 9 12 1 11 12 1 1 7 10 12 1 1 10 12 1 1 7 1 7 1 10 7 12 1 1 1 10 12 1 10 12 1 9 12 1 1 9 12 1 1 10 100 12 1 1 1 100 1 10 10 100 12 1 1 9 12 1 1 10 7 1 10 12 1 1 10 7 12 1 1 1 10 7 12 1 1 1 10 12 1 9 12 1 1 10 12 1 1 10 12 1 1 10 12 1 1 10 12 1 1 10 12 1 1 10 12 1 10 12 1 10 12 1 1 10 12 1 8 1 8 1 10 12 1 1 10 12 1 10 12 1 10 12 1 1 10 12 1 1 10 12 1 10 12 1 10 12 1 8 1 10 12 1 1 10 100 12 1 1 1 10 12 1 10 12 1 1 10 12 1 10 12 1 10 12 1 1 10 12 1 10 12 1 9 12 1 10 12 1 10 10 12 1 1 10 12 1 9 12 1 1 10 12 1 1 11 12 1 1 10 12 1 1 10 12 1 10 12 1 100 1 8 1 8 1 8 1 10 12 1 10 12 1 10 12 1 1 10 10 12 1 11 12 1 1 11 12 1 10 100 12 1 1 1 9 12 1 10 12 1 10 12 1 1 10 12 1 1 10 12 1 10 12 1 10 100 12 1 1 1 10 12 1 1 10 12 1 10 12 1 10 12 1 10 9 12 1 1 7 1 10 12 1 10 100 12 1 1 1 10 12 1 1 10 100 12 1 1 1 10 12 1 1 8 1 10 100 12 1 1 1 11 12 1 1 9 12 1 1 10 12 1 1 10 12 1 10 12 1 1 10 12 1 1 10 100 12 1 1 10 12 1 10 12 100 1 11 100 12 1 1 10 12 1 11 12 1 10 100 12 1 1 10 12 1 1 10 12 1 1 9 12 1 1 9 100 12 1 1 1 10 100 12 1 1 1 9 12 1 10 100 12 1 1 10 12 1 100 10 10 12 1 1 11 100 12 1 1 11 12 1 10 12 1 1 10 12 1 10 12 1 1 10 12 1 10 12 1 1 10 12 1 7 1 10 10 12 1 1 7 1 7 1 9 12 1 1 100 1 100 1 100 1 1 1 5 0 1 1 1 1 1 1 1 3 1 3 1 3 1 1 1 1 1 1 1 1 1 1 1 1 1 1 1 1 1 1 1 1 1 1 1 1 1 1 1 1 1 1 1 1 1 1 1 1 1 1 1 1 1 1 1 1 1 1 1 1 1 1 1 1 1 1 1 1 1 1 1 1 1 1 1 1 1 1 1 1 1 1 1 1 1 1 1 1 1 1 1 1 1 1 1 1 1 1 1 1 1 1 1 1 1 1 1 1 1 1 1 1 1 1 1 1 1 1 1 1 1 1 1 1 1 1 1 1 1 1 1 1 1 1 1 1 1 1 1 1 1 100 1 100 1 1 1 1 1 1 1 1 1 1 1 1 1 100 1 1 1 1 100 1 1 1 100 1 1 1 1 1 1 1 1 1 1 1 1 1 1 1 1 1 1 1 1 1 1 1 100 1 1 100 1 1
staticfield java/lang/invoke/MethodType internTable Ljdk/internal/util/ReferencedKeySet; jdk/internal/util/ReferencedKeySet
staticfield java/lang/invoke/MethodType NO_PTYPES [Ljava/lang/Class; 0 [Ljava/lang/Class;
staticfield java/lang/invoke/MethodType objectOnlyTypes [Ljava/lang/invoke/MethodType; 20 [Ljava/lang/invoke/MethodType;
staticfield java/lang/invoke/MethodType METHOD_HANDLE_ARRAY [Ljava/lang/Class; 1 [Ljava/lang/Class;
staticfield java/lang/invoke/MethodType serialPersistentFields [Ljava/io/ObjectStreamField; 0 [Ljava/io/ObjectStreamField;
staticfield java/lang/invoke/MethodType $assertionsDisabled Z 1
ciInstanceKlass java/lang/invoke/TypeDescriptor$OfMethod 1 0 43 100 1 100 1 100 1 1 1 1 1 1 1 1 1 1 1 1 1 1 1 1 1 1 1 1 1 1 1 1 1 1 1 1 1 1 1 1 1 1 100 1 1
instanceKlass jdk/internal/reflect/DirectMethodHandleAccessor
ciInstanceKlass jdk/internal/reflect/MethodAccessorImpl 1 1 38 10 7 12 1 1 1 10 100 12 1 1 1 100 1 1 1 1 1 1 1 100 1 100 1 1 1 1 1 1 1 1 1 1 1 1 1 1
ciInstanceKlass jdk/internal/reflect/MethodAccessor 1 0 17 100 1 100 1 1 1 1 100 1 100 1 1 1 1 1 1
ciInstanceKlass java/util/Objects 1 1 184 10 7 12 1 1 1 100 1 8 1 10 12 1 10 12 1 1 10 7 12 1 1 1 10 12 1 1 10 12 1 10 100 12 1 1 1 10 12 1 1 10 7 12 1 1 1 7 1 10 10 12 1 1 10 7 12 1 1 10 12 1 1 8 1 10 7 12 1 1 1 10 7 12 1 1 1 10 11 100 12 1 1 1 100 1 10 10 12 1 8 1 10 12 1 8 1 100 1 11 12 1 1 8 1 10 7 12 1 1 1 10 12 1 1 10 12 1 10 12 1 10 12 1 10 12 1 1 1 1 1 1 1 1 1 1 1 1 1 1 1 1 1 1 1 1 1 1 1 1 1 1 1 1 1 1 1 1 1 1 1 1 1 1 1 1 1 1 1 1 1 1 1 1 1 1 1 1 1 1 1 1 1 1
instanceKlass java/util/LinkedHashMap
ciInstanceKlass java/util/HashMap 1 1 629 10 7 12 1 1 1 100 1 10 12 1 1 100 1 10 100 12 1 1 1 100 1 11 12 1 1 11 12 1 11 12 1 1 10 7 12 1 1 1 7 1 3 10 7 12 1 1 1 100 1 100 1 10 8 1 10 12 1 1 10 12 1 10 12 1 1 10 12 1 10 7 12 1 1 1 8 1 10 12 1 9 12 1 1 10 12 1 9 12 1 1 4 10 12 1 10 12 1 1 11 7 12 1 1 9 12 1 1 10 7 12 1 1 1 6 0 10 12 1 1 11 12 1 1 11 7 12 1 1 1 11 7 12 1 1 1 11 12 1 1 7 1 11 12 1 11 12 1 10 12 1 10 12 1 1 9 12 10 12 1 1 9 7 12 1 1 1 9 12 9 12 1 10 12 1 1 9 12 1 7 1 10 12 1 1 10 12 1 1 10 12 1 1 10 12 1 1 10 12 1 1 9 12 1 10 12 1 1 3 4 10 12 1 1 10 12 1 1 9 12 1 1 9 10 12 1 1 10 12 1 1 10 12 1 1 10 12 1 9 12 1 1 7 1 10 12 1 10 12 1 10 100 12 1 1 1 100 1 9 12 1 1 7 1 10 9 12 7 1 10 100 1 10 11 7 12 1 1 1 100 1 10 11 100 12 1 1 11 100 12 1 1 1 10 12 1 100 1 100 1 10 12 1 10 12 1 10 12 1 10 100 12 1 1 10 12 1 1 10 12 1 1 10 100 12 1 1 1 8 10 100 12 1 1 1 100 1 10 4 4 10 12 1 1 10 100 12 1 1 1 10 12 1 8 1 6 0 10 100 12 1 1 1 100 1 11 100 12 1 1 1 10 12 1 10 12 1 10 10 12 1 1 6 0 8 1 10 12 1 10 12 100 1 100 1 1 1 1 5 0 1 3 1 1 1 3 1 3 1 3 1 1 1 1 1 1 1 1 1 1 1 1 1 1 1 1 1 1 1 1 1 1 100 1 1 1 1 1 1 1 1 1 1 1 1 1 1 1 1 1 1 1 1 1 1 1 1 1 1 1 1 1 1 1 1 1 100 1 1 1 1 1 1 1 1 1 1 1 1 1 1 1 1 1 1 1 1 1 1 1 1 1 1 1 1 1 1 1 1 1 1 1 1 1 1 1 1 1 1 1 1 1 1 1 1 1 1 1 100 1 1 1 1 1 1 1 1 1 1 1 1 1 1 1 1 1 1 1 1 1 1 1 1 1 1 1 1 1 1 1 1 1 1 1 1 1 1 1 1 1 1 1 1 1 1 1 1 100 1 1 1 1 1 1 1 1 100 1 1 1 1 1 1 1 1 1 1 1 1 1 1 1 1 1 1 100 1 100 1 100 1 100 1 100 1 100 1 100 1 100 1 1 1 1 1 1 1 1 1 1 1 1 1 1 1 1 1 1
ciMethod java/util/HashMap get (Ljava/lang/Object;)Ljava/lang/Object; 516 0 13591 0 1224
ciInstanceKlass jdk/internal/reflect/CallerSensitive 0 0 17 100 1 100 1 100 1 1 1 1 1 1 1 1 1 1 1
ciInstanceKlass jdk/internal/reflect/DirectConstructorHandleAccessor$NativeAccessor 1 1 44 10 7 12 1 1 1 9 7 12 1 1 1 10 12 1 1 1 1 1 1 1 1 1 1 1 1 1 1 1 1 1 100 1 100 1 1 1 1 1 100 1 1 1
ciInstanceKlass jdk/internal/reflect/ConstructorAccessor 1 0 16 100 1 100 1 1 1 1 100 1 100 1 100 1 1 1
instanceKlass jdk/internal/reflect/DirectConstructorHandleAccessor
instanceKlass jdk/internal/reflect/DirectConstructorHandleAccessor$NativeAccessor
ciInstanceKlass jdk/internal/reflect/ConstructorAccessorImpl 1 1 27 10 7 12 1 1 1 100 1 100 1 1 1 1 1 1 1 1 1 100 1 100 1 100 1 1 1
ciInstanceKlass jdk/internal/reflect/ConstantPool 1 1 142 10 100 12 1 1 1 9 7 12 1 1 1 10 12 1 1 10 12 1 1 10 12 1 10 12 1 1 10 12 1 1 10 12 1 10 12 1 1 10 12 1 10 12 1 1 10 12 1 10 12 1 10 12 1 10 12 1 1 10 12 1 1 10 12 1 1 10 12 1 1 10 12 1 10 12 1 1 10 100 12 1 1 1 8 11 7 12 1 1 1 10 7 12 1 1 1 1 1 1 1 1 1 1 1 1 1 1 1 1 1 1 1 1 1 1 1 1 1 1 1 1 1 1 1 1 1 1 1 1 1 1 1 1 1 1 1 1 1 1 1 1
instanceKlass java/lang/invoke/VolatileCallSite
instanceKlass java/lang/invoke/MutableCallSite
instanceKlass java/lang/invoke/ConstantCallSite
ciInstanceKlass java/lang/invoke/CallSite 1 1 297 10 7 12 1 1 1 10 7 12 1 1 1 9 12 1 1 10 7 12 1 1 1 10 12 1 100 1 10 12 1 1 10 12 1 1 9 100 12 1 1 1 10 100 12 1 1 10 12 1 1 100 1 100 1 10 10 100 12 1 1 1 10 12 1 1 8 1 10 12 1 10 12 1 1 10 12 1 10 12 1 1 10 12 1 1 10 10 100 12 1 1 10 12 1 1 9 12 1 9 100 12 1 1 1 8 1 10 7 12 1 1 1 10 12 1 1 100 1 10 12 1 1 9 12 1 8 1 100 1 10 12 1 10 12 1 100 1 8 1 10 10 12 1 10 12 1 1 100 1 10 12 1 1 10 12 1 10 12 1 10 12 1 1 10 12 1 1 9 12 1 1 8 10 12 1 1 9 12 1 1 100 1 10 10 12 1 10 100 12 1 1 1 10 12 1 1 10 12 1 1 10 12 1 10 7 12 1 1 1 100 1 8 1 10 10 12 10 12 1 1 100 1 100 1 100 1 8 1 10 12 1 10 7 12 1 1 1 1 1 1 1 1 1 1 1 1 1 1 1 1 1 1 1 1 1 1 1 1 1 1 1 1 1 1 1 1 1 1 1 1 1 1 1 1 1 1 1 1 1 1 1 1 1 1 1 1 1 1 1 1 100 1 100 1 1 1
staticfield java/lang/invoke/CallSite $assertionsDisabled Z 1
ciInstanceKlass java/lang/invoke/ConstantCallSite 1 1 65 10 7 12 1 1 1 9 7 12 1 1 1 9 12 1 1 10 7 12 1 1 1 10 12 1 100 1 10 12 9 12 1 1 100 1 10 10 12 1 1 10 12 1 1 1 1 1 1 1 1 1 1 1 1 1 100 1 1 1 1 1 1 1 1
staticfield java/lang/invoke/ConstantCallSite UNSAFE Ljdk/internal/misc/Unsafe; jdk/internal/misc/Unsafe
instanceKlass java/lang/invoke/DirectMethodHandle$Interface
instanceKlass java/lang/invoke/DirectMethodHandle$Constructor
instanceKlass java/lang/invoke/DirectMethodHandle$Accessor
ciInstanceKlass java/lang/invoke/DirectMethodHandle 1 1 931 7 1 7 1 100 1 7 1 7 1 10 7 12 1 1 1 10 7 12 1 1 1 100 1 10 12 1 10 12 1 1 10 7 12 1 1 10 12 1 1 10 12 1 10 12 1 7 1 10 12 1 1 10 12 1 1 10 12 1 10 12 1 1 10 7 12 1 1 1 10 12 1 9 12 1 1 100 1 10 9 12 1 1 9 12 1 10 12 1 10 12 1 10 12 1 1 10 12 1 10 12 1 10 12 1 10 7 12 1 1 1 10 12 1 10 12 1 1 8 1 10 12 1 1 100 1 10 12 1 7 1 10 10 12 1 10 12 1 10 12 1 10 7 12 1 1 1 10 12 1 1 100 1 10 12 1 10 12 1 7 1 10 12 1 10 12 1 1 10 12 1 1 10 12 8 10 100 12 1 1 1 10 12 1 10 12 1 10 12 1 1 10 12 1 9 7 12 1 1 1 7 1 10 12 1 10 7 12 1 1 1 10 12 1 10 12 1 1 9 12 1 1 100 1 10 8 1 10 12 1 1 10 12 1 1 8 1 10 12 1 10 12 1 10 10 12 1 10 12 1 10 12 1 10 12 1 10 12 1 1 10 12 1 10 12 1 1 10 12 1 10 12 1 1 10 10 7 12 1 1 1 10 12 1 10 12 1 1 10 12 1 10 12 1 1 8 1 9 7 12 1 1 1 8 1 9 12 1 9 12 1 8 1 9 12 1 9 12 1 8 1 9 12 1 9 12 1 8 1 10 12 1 10 12 1 1 10 7 12 1 1 1 10 12 1 10 12 1 1 9 12 1 1 7 1 10 12 1 1 100 1 10 7 12 1 1 1 10 12 1 1 10 12 1 1 7 1 10 12 1 1 10 12 1 10 12 1 1 7 1 10 12 1 1 10 12 1 10 12 1 10 12 1 1 10 12 1 9 12 1 1 10 7 1 9 12 1 9 12 1 10 7 12 1 1 1 10 12 1 7 1 7 1 7 1 9 12 1 1 10 7 12 1 1 1 10 12 10 12 1 7 1 10 12 1 10 12 1 1 8 1 9 12 1 9 12 1 10 12 1 1 9 12 1 1 10 100 12 1 1 1 9 12 1 1 9 12 1 1 10 12 1 10 12 1 10 12 1 10 12 1 1 10 12 1 9 12 1 10 12 1 10 12 1 10 12 1 10 12 1 1 10 12 1 1 9 12 1 1 10 12 1 1 9 7 12 1 1 1 9 12 1 9 12 1 9 12 1 9 12 1 9 12 1 9 12 1 9 12 1 9 12 1 9 12 1 9 12 1 9 12 1 9 12 1 9 12 1 9 12 1 9 12 1 9 12 1 9 12 1 9 12 1 9 12 1 9 12 1 9 12 1 9 12 1 9 12 1 9 12 1 9 12 1 9 12 1 9 12 1 9 12 1 9 12 1 9 12 1 9 12 1 9 12 1 9 12 1 9 12 1 9 12 1 9 12 1 8 1 9 12 1 1 9 12 1 1 10 12 1 10 12 1 1 9 7 1 10 12 1 9 12 1 1 10 12 10 12 1 10 12 1 10 12 1 10 12 1 10 8 1 8 1 8 1 8 1 10 12 1 1 9 12 1 1 10 12 1 10 100 12 1 1 1 8 9 12 1 1 10 12 1 1 8 1 8 8 9 12 1 8 1 8 8 8 8 8 1 8 10 12 1 7 1 10 12 1 8 1 8 1 10 12 1 10 12 1 10 12 1 10 12 1 1 7 1 1 1 1 3 1 3 1 3 1 3 1 3 1 3 1 3 1 3 1 3 1 3 1 1 1 1 1 1 1 1 1 1 3 1 3 1 1 1 1 3 1 1 1 1 1 1 1 1 1 1 1 1 1 1 1 1 1 1 1 1 1 1 1 1 1 1 1 1 1 1 1 1 1 1 1 1 1 1 1 1 1 1 1 1 1 1 1 1 1 1 1 1 1 1 1 1 1 1 1 1 1 100 1 1 1 1 1 1 1 1 1 100 1 1 1 1 1 1 1 1 1 1 1 1 1 1 1 1 1 1 1 1 1 1 1 1 1 1 1 1 1 1 1 1 1 1 1 1 1 1 1 1 1 1 1 1 1 1 1 1 1 1 1 1
staticfield java/lang/invoke/DirectMethodHandle IMPL_NAMES Ljava/lang/invoke/MemberName$Factory; java/lang/invoke/MemberName$Factory
staticfield java/lang/invoke/DirectMethodHandle FT_UNCHECKED_REF I 8
staticfield java/lang/invoke/DirectMethodHandle ACCESSOR_FORMS [Ljava/lang/invoke/LambdaForm; 132 [Ljava/lang/invoke/LambdaForm;
staticfield java/lang/invoke/DirectMethodHandle ALL_WRAPPERS [Lsun/invoke/util/Wrapper; 10 [Lsun/invoke/util/Wrapper;
staticfield java/lang/invoke/DirectMethodHandle NFS [Ljava/lang/invoke/LambdaForm$NamedFunction; 12 [Ljava/lang/invoke/LambdaForm$NamedFunction;
staticfield java/lang/invoke/DirectMethodHandle OBJ_OBJ_TYPE Ljava/lang/invoke/MethodType; java/lang/invoke/MethodType
staticfield java/lang/invoke/DirectMethodHandle LONG_OBJ_TYPE Ljava/lang/invoke/MethodType; java/lang/invoke/MethodType
staticfield java/lang/invoke/DirectMethodHandle $assertionsDisabled Z 1
ciInstanceKlass java/lang/invoke/MutableCallSite 0 0 61 10 100 12 1 1 1 10 12 1 9 100 12 1 1 1 10 12 1 10 12 1 1 9 100 12 1 1 1 10 100 12 1 1 1 10 100 12 1 1 1 1 1 1 1 1 1 1 1 1 1 1 1 1 1 1 1 1 100 1 1
ciInstanceKlass java/lang/invoke/VolatileCallSite 0 0 37 10 100 12 1 1 1 10 12 1 10 100 12 1 1 1 10 12 1 10 12 1 1 1 1 1 1 1 1 1 1 1 1 1 1 1 1
instanceKlass java/lang/invoke/VarHandleBooleans$FieldInstanceReadOnly
instanceKlass java/lang/invoke/VarHandleInts$FieldInstanceReadOnly
instanceKlass java/lang/invoke/VarHandleLongs$FieldInstanceReadOnly
instanceKlass java/lang/invoke/VarHandleReferences$FieldInstanceReadOnly
ciInstanceKlass java/lang/invoke/VarHandle 1 1 474 10 7 12 1 1 1 10 7 12 1 1 9 12 1 1 9 12 1 1 10 12 1 1 8 1 10 12 1 1 10 7 12 1 1 1 10 12 1 1 10 100 12 1 1 1 9 100 12 1 1 1 10 12 1 1 10 100 12 1 1 1 10 12 1 1 9 12 1 10 12 1 9 12 1 1 10 100 12 1 1 10 12 1 9 100 12 1 1 1 9 12 1 1 10 12 1 1 100 1 100 1 10 8 1 10 12 1 1 10 12 1 8 1 10 12 1 10 12 1 9 12 1 1 9 12 1 10 12 1 10 12 1 1 10 12 1 10 10 100 12 1 1 1 10 12 1 1 10 12 1 1 10 100 12 1 1 1 10 100 12 1 1 1 10 100 12 1 1 1 9 12 1 1 9 10 12 1 10 12 1 1 10 12 1 1 10 12 1 10 100 12 1 1 1 9 12 1 1 10 12 1 1 9 12 1 10 12 1 10 12 1 10 100 12 1 1 100 1 10 9 7 12 1 1 1 9 12 1 1 10 7 12 1 1 1 10 12 1 10 12 1 10 12 1 10 12 1 10 12 1 10 12 1 1 8 10 12 1 1 7 1 10 12 1 1 100 1 1 1 1 1 1 1 1 1 1 1 1 1 1 1 1 1 1 1 1 1 1 1 1 1 1 1 1 1 1 1 1 1 1 1 1 1 1 1 1 1 1 1 1 1 1 1 1 1 1 1 1 1 1 1 1 1 1 1 1 1 1 1 1 1 100 1 1 1 1 1 1 1 1 100 1 1 1 1 1 1 1 1 1 1 1 1 100 1 100 1 1 100 1 100 1 100 1 100 1 100 1 100 1 100 1 100 1 100 1 100 1 100 1 100 1 100 1 100 1 100 1 100 1 100 1 100 1 100 1 100 1 100 1 100 1 100 1 100 1 100 1 100 1 100 1 100 1 100 1 100 1 100 1 100 1 100 1 100 1 100 1 100 1 1 1 1 1 1 100 1 1 1 100 1 1 100 1 100 1 100 1 100 1 100 1 100 1 1 1 1 100 1 100 1 100 1 100 1 100 1 100 1 100 1 100 1
staticfield java/lang/invoke/VarHandle VFORM_OFFSET J 16
staticfield java/lang/invoke/VarHandle $assertionsDisabled Z 1
ciInstanceKlass java/lang/invoke/MemberName 1 1 728 7 1 7 1 100 1 9 12 1 1 10 7 12 1 1 1 9 12 1 1 10 12 1 1 10 12 1 1 10 12 1 1 10 12 1 10 12 1 1 10 7 12 1 1 1 10 12 1 9 7 12 1 1 10 12 1 100 1 100 1 10 12 1 8 1 10 12 1 1 10 12 1 10 12 1 1 10 12 1 9 12 1 1 8 1 10 100 12 1 1 1 7 1 10 10 12 1 1 7 1 7 1 10 12 1 9 12 1 1 100 1 8 1 10 12 1 10 12 1 10 12 1 10 12 1 10 12 1 1 10 12 1 10 12 1 10 12 1 1 8 1 8 1 10 12 1 8 1 9 12 1 1 3 10 12 1 10 12 1 10 12 1 10 10 7 12 1 1 1 10 12 1 10 12 1 10 12 1 10 12 1 7 1 8 10 12 1 1 10 12 1 1 8 1 9 100 1 8 9 100 1 10 12 1 1 10 12 1 10 12 1 8 1 10 12 1 1 10 12 1 10 12 1 10 12 1 10 12 1 1 100 1 10 12 1 1 10 12 1 8 1 10 12 1 10 12 1 8 1 10 12 1 1 10 12 1 1 100 1 10 12 1 1 10 12 8 1 8 1 100 1 10 12 1 10 100 12 1 1 1 100 1 10 12 10 12 1 10 12 1 10 12 1 10 12 1 10 10 12 1 10 12 1 10 12 1 3 10 12 1 3 10 12 1 3 3 3 3 3 3 10 12 1 3 9 12 1 10 12 1 1 3 10 12 1 10 10 7 12 1 1 1 10 12 1 1 10 100 12 1 1 10 10 12 1 10 12 1 1 10 12 1 10 10 12 1 1 10 12 1 10 12 1 10 12 1 100 1 10 10 10 12 100 1 10 10 10 12 1 1 10 12 1 1 10 10 12 1 8 10 7 1 10 12 1 10 100 1 10 12 1 10 12 1 10 12 1 10 10 12 1 10 12 1 1 10 12 1 1 10 12 1 10 12 1 10 12 1 100 1 10 12 1 1 100 1 8 1 10 7 1 10 12 1 10 12 10 12 1 1 10 12 1 10 12 1 8 1 8 1 8 1 8 1 10 12 1 10 12 1 10 7 12 1 1 1 8 1 8 1 10 12 1 8 1 10 10 10 12 1 10 12 1 8 1 8 1 10 10 12 1 8 1 10 100 12 1 1 1 8 1 100 1 10 12 1 10 12 1 1 10 12 1 8 1 8 1 8 1 8 1 100 1 10 8 1 8 1 8 1 8 1 10 12 1 100 1 100 1 100 1 10 100 1 10 100 1 10 100 12 1 1 1 9 7 12 1 1 1 100 1 100 1 1 1 1 1 1 1 3 1 3 1 3 1 3 1 3 1 3 1 1 1 1 1 1 1 1 3 1 3 1 1 1 1 1 1 1 1 1 1 1 1 1 1 1 1 1 1 1 1 1 1 1 1 1 1 1 1 1 1 1 1 1 1 1 1 1 1 1 1 1 1 1 1 1 1 1 1 1 1 1 1 1 1 1 1 1 1 1 1 1 1 1 1 1 1 1 1 1 1 1 1 1 1 1 1 1 1 1 1 1 1 1 1 1 1 1 1 1 1 1 1 1 1 1 1 1 1 1 100 1 1 1 1 1 1 1 1 1 1 1 1 1 1 1 1
staticfield java/lang/invoke/MemberName $assertionsDisabled Z 1
ciInstanceKlass java/lang/invoke/ResolvedMethodName 1 1 25 10 100 12 1 1 1 9 100 12 1 1 1 1 1 1 1 1 1 1 1 1 1 1 1
ciInstanceKlass java/lang/invoke/MethodHandleNatives 1 1 706 100 1 10 7 12 1 1 1 9 7 12 1 1 1 10 12 1 1 100 1 10 10 12 1 1 10 12 1 10 12 1 8 1 8 1 8 1 8 1 8 1 8 1 8 1 8 1 8 1 8 1 10 12 1 1 7 1 10 7 12 1 1 1 10 100 12 1 1 1 7 1 10 10 12 1 1 8 1 10 12 1 8 1 10 12 1 1 8 1 10 12 1 1 9 7 12 1 1 1 8 1 10 100 12 1 1 1 100 1 10 12 100 1 100 1 8 1 7 1 10 10 12 1 7 1 9 7 12 1 1 10 12 1 1 10 12 1 10 7 12 1 1 1 10 12 1 1 9 12 1 8 1 10 12 1 1 10 12 1 8 1 10 12 1 1 7 1 10 12 1 10 7 12 1 1 1 10 12 1 10 12 1 1 10 12 1 1 8 1 10 12 1 1 8 1 10 12 1 8 1 8 1 8 1 100 1 10 12 1 8 1 10 100 12 1 1 1 10 12 1 1 10 100 12 1 1 10 10 12 1 1 10 12 1 10 100 12 1 1 1 100 1 8 1 10 100 12 1 1 1 7 1 8 1 10 12 1 8 1 8 1 8 1 8 1 8 1 10 12 1 1 10 12 1 1 10 12 1 10 12 1 1 10 12 1 1 7 1 10 12 1 100 1 100 1 10 12 1 10 12 1 8 1 8 1 10 10 12 1 1 10 12 1 1 8 1 10 100 12 1 1 8 1 8 1 10 12 1 1 10 7 12 1 1 1 100 1 10 12 1 1 7 1 9 12 1 1 10 7 12 1 1 1 10 10 12 1 9 12 1 10 12 1 9 12 1 9 12 1 10 12 1 1 10 12 1 10 12 1 1 7 1 7 1 10 12 1 1 10 12 1 10 12 1 1 10 7 12 1 1 1 10 12 1 8 1 10 12 1 10 12 1 10 12 1 1 10 12 1 10 7 12 1 1 1 10 12 1 1 100 1 8 1 10 9 7 12 1 1 1 10 12 1 1 10 12 1 1 100 1 10 12 1 1 10 12 1 1 100 1 100 1 10 10 100 1 100 1 10 100 1 10 10 12 1 1 10 100 1 10 12 1 10 12 1 1 10 12 1 1 10 12 1 1 10 12 1 10 12 1 1 10 8 1 10 12 1 10 12 1 10 12 1 10 12 1 10 12 1 1 10 12 1 10 12 1 10 12 1 10 10 7 12 1 1 10 12 1 8 1 8 1 10 12 1 1 10 7 12 1 1 1 9 12 1 1 1 1 1 1 1 1 1 1 1 1 1 100 1 1 1 1 1 1 1 1 1 1 1 1 1 1 1 1 1 1 1 1 1 1 1 1 1 1 1 1 1 1 1 1 1 1 1 1 1 1 1 1 1 1 1 1 1 1 1 1 1 1 1 1 1 1 1 1 1 1 1 1 1 1 1 100 1 1 1 1 1 1 1 1 1 1 1 1 1 1 1 1 1 1 1 1 1 1 1 1 1 1 1 1 1 1 1 1 1 1 1 100 1 1 1 1 1 1 1 1 1 1 1 1 1 1 1 1 1 1 1 1 1 1 1 1 1 1 1 1 1 1 1 1 1 1 100 1 1
staticfield java/lang/invoke/MethodHandleNatives USE_SOFT_CACHE Z 1
staticfield java/lang/invoke/MethodHandleNatives $assertionsDisabled Z 1
ciInstanceKlass java/lang/invoke/LambdaForm 1 1 1051 7 1 100 1 10 7 12 1 1 1 9 12 1 1 9 12 1 9 12 1 9 12 1 1 9 12 1 1 9 12 1 1 9 12 1 1 9 12 1 1 9 12 1 10 7 12 1 1 9 12 1 10 12 1 1 100 1 10 10 12 1 1 10 12 1 10 12 1 10 12 1 1 10 12 1 9 12 1 9 12 1 10 12 1 1 10 7 12 1 1 1 10 12 1 1 9 100 12 1 1 1 10 12 1 1 9 7 12 1 1 10 12 1 10 12 1 1 10 12 1 1 10 12 1 1 7 1 10 7 12 1 1 1 10 12 1 1 10 12 1 10 12 1 1 9 12 1 1 9 12 1 9 12 1 1 10 12 1 9 12 1 10 100 12 1 1 1 10 12 1 1 100 1 10 12 1 9 12 1 1 10 100 12 1 1 1 10 12 1 10 12 1 7 1 10 12 1 10 12 1 10 12 1 1 10 12 1 1 10 12 1 10 12 1 10 12 1 10 12 1 1 8 1 10 12 1 10 12 1 10 10 12 1 8 1 8 1 9 12 1 9 12 1 1 9 12 1 10 7 12 1 1 1 10 12 1 1 10 12 1 10 12 1 1 10 12 1 10 12 1 10 100 12 1 1 1 9 12 1 10 12 1 8 1 8 1 8 1 8 1 8 1 8 1 8 1 8 1 10 12 1 9 12 1 7 1 10 12 1 1 9 12 1 10 12 1 10 12 1 1 10 12 10 12 1 10 12 1 1 10 12 1 1 10 10 12 1 1 10 12 1 1 7 1 8 1 10 12 1 1 10 12 1 10 12 1 1 10 8 1 10 12 1 1 8 1 8 1 8 1 10 12 1 10 12 1 10 12 1 1 100 1 10 12 1 1 10 12 1 1 10 7 12 1 1 1 10 12 1 1 9 12 1 1 8 1 10 100 12 1 1 1 10 7 12 1 1 10 12 10 12 1 1 10 12 1 1 9 12 1 8 10 12 1 1 100 1 10 12 1 1 10 12 1 9 7 12 1 1 9 100 12 1 1 1 8 1 10 100 12 1 1 10 12 1 1 100 1 100 1 10 10 12 1 1 10 12 1 1 8 1 8 1 100 1 8 1 10 12 10 12 1 10 12 1 10 12 1 1 8 1 8 1 10 12 1 10 12 1 1 8 1 8 1 8 1 100 1 8 1 100 1 8 1 100 1 8 1 10 12 1 8 1 9 10 7 12 1 1 1 10 12 1 9 12 1 1 10 12 1 10 10 12 1 10 12 1 10 12 1 10 12 1 1 10 12 1 10 12 1 1 10 12 1 1 10 12 1 1 10 12 1 1 8 1 100 10 12 1 10 12 1 9 12 1 1 10 7 12 1 1 8 1 8 1 100 1 8 1 8 1 8 1 8 1 8 1 8 1 8 1 8 1 10 12 1 1 10 12 1 1 10 12 1 10 12 1 10 12 1 10 12 1 8 1 8 1 8 1 10 12 1 8 1 10 12 1 8 1 8 1 8 1 8 1 8 1 10 12 1 10 12 1 10 12 1 1 10 7 12 1 1 1 10 12 1 10 12 1 10 12 1 10 12 1 10 12 1 9 12 1 1 8 1 10 12 1 1 9 12 1 9 12 1 1 10 12 1 1 9 12 1 9 12 1 1 9 12 1 9 12 1 1 7 1 10 7 12 1 1 1 9 12 1 10 12 1 10 12 1 8 1 10 12 1 9 12 1 1 7 1 10 7 12 1 1 1 8 1 100 1 10 12 1 9 12 1 10 12 1 10 12 1 10 7 12 1 1 1 10 12 1 9 7 12 1 1 10 12 1 1 10 12 1 10 12 1 10 12 1 9 12 10 12 1 10 10 12 1 9 12 1 9 9 12 1 7 9 12 1 1 10 12 1 1 9 12 1 10 12 1 10 7 1 9 1 1 1 1 3 1 3 1 1 3 1 3 1 1 1 1 1 1 1 1 1 1 1 1 1 1 1 1 1 1 1 1 1 1 1 1 1 1 1 1 1 1 1 1 1 1 1 1 1 1 1 1 1 1 1 1 1 1 1 1 1 100 1 1 1 1 1 1 1 1 1 1 1 1 1 1 1 1 1 1 1 1 1 1 1 1 1 1 1 1 1 1 1 1 1 1 1 1 1 1 1 1 1 1 1 1 1 1 1 1 1 1 1 1 1 1 1 1 1 1 1 1 1 1 1 1 100 1 1 1 1 1 1 1 1 1 1 1 1 1 1 1 1 1 1 1 1 1 1 1 1 1 1 1 1 1 1 1 1 1 1 1 1 100 1 1 1 1 1 1 1 1 1 1 1 1 1 1 1 1 1 1 1 1 1 1 100 1 1 1 100 1 1 100 1 1 1 1 1 1 1 1 1 1 1
staticfield java/lang/invoke/LambdaForm DEFAULT_CUSTOMIZED Ljava/lang/invoke/MethodHandle; 
staticfield java/lang/invoke/LambdaForm DEFAULT_KIND Ljava/lang/invoke/LambdaForm$Kind; java/lang/invoke/LambdaForm$Kind
staticfield java/lang/invoke/LambdaForm COMPILE_THRESHOLD I 0
staticfield java/lang/invoke/LambdaForm INTERNED_ARGUMENTS [[Ljava/lang/invoke/LambdaForm$Name; 5 [[Ljava/lang/invoke/LambdaForm$Name;
staticfield java/lang/invoke/LambdaForm IMPL_NAMES Ljava/lang/invoke/MemberName$Factory; java/lang/invoke/MemberName$Factory
staticfield java/lang/invoke/LambdaForm LF_identity [Ljava/lang/invoke/LambdaForm; 6 [Ljava/lang/invoke/LambdaForm;
staticfield java/lang/invoke/LambdaForm LF_zero [Ljava/lang/invoke/LambdaForm; 6 [Ljava/lang/invoke/LambdaForm;
staticfield java/lang/invoke/LambdaForm NF_identity [Ljava/lang/invoke/LambdaForm$NamedFunction; 6 [Ljava/lang/invoke/LambdaForm$NamedFunction;
staticfield java/lang/invoke/LambdaForm NF_zero [Ljava/lang/invoke/LambdaForm$NamedFunction; 6 [Ljava/lang/invoke/LambdaForm$NamedFunction;
staticfield java/lang/invoke/LambdaForm createFormsLock Ljava/lang/Object; java/lang/Object
staticfield java/lang/invoke/LambdaForm DEBUG_NAME_COUNTERS Ljava/util/HashMap; 
staticfield java/lang/invoke/LambdaForm DEBUG_NAMES Ljava/util/HashMap; 
staticfield java/lang/invoke/LambdaForm TRACE_INTERPRETER Z 0
staticfield java/lang/invoke/LambdaForm $assertionsDisabled Z 1
ciInstanceKlass jdk/internal/foreign/abi/NativeEntryPoint 0 0 223 10 100 12 1 1 1 9 100 12 1 1 1 9 12 1 1 100 1 8 1 10 12 1 10 12 1 1 100 1 10 100 12 1 1 1 10 12 1 9 12 1 1 18 12 1 1 10 100 12 1 1 1 9 100 12 1 1 1 8 1 10 12 1 1 8 1 8 1 8 1 8 1 10 100 12 1 1 1 100 1 10 10 12 1 1 8 1 10 12 1 8 1 10 12 1 10 12 1 1 10 12 1 1 100 1 8 1 10 12 1 10 12 1 1 100 1 8 1 10 10 12 1 9 12 1 1 18 12 1 1 10 100 12 1 1 1 10 12 1 1 10 12 1 10 100 12 1 1 1 10 1 1 1 1 1 1 1 1 1 1 1 1 1 1 1 1 1 1 1 1 1 1 1 1 1 1 1 1 1 1 1 1 1 1 1 1 1 1 1 1 1 1 1 1 16 1 15 10 12 16 1 16 15 10 12 15 10 100 12 1 1 1 1 1 100 1 1 100 1 100 1 1
ciInstanceKlass jdk/internal/foreign/abi/ABIDescriptor 0 0 55 10 100 12 1 1 1 9 100 12 1 1 1 9 12 1 1 9 12 1 9 12 1 9 12 1 1 9 12 1 9 12 1 1 9 12 1 9 12 1 9 12 1 9 12 1 1 1 1 1 1 1 1 1 1
ciInstanceKlass jdk/internal/foreign/abi/VMStorage 0 0 91 10 100 12 1 1 1 9 100 12 1 1 1 9 12 1 1 9 12 1 1 9 12 1 1 100 1 10 8 1 10 12 1 1 10 12 1 10 12 1 1 10 12 1 18 12 1 18 12 1 1 18 12 1 1 1 1 1 1 1 1 1 1 1 1 1 1 1 1 1 1 1 8 1 15 15 15 15 15 10 100 12 1 1 1 1 100 1 100 1 1
ciInstanceKlass jdk/internal/foreign/abi/UpcallLinker$CallRegs 0 0 66 10 100 12 1 1 1 9 100 12 1 1 1 9 12 1 18 12 1 1 18 12 1 1 18 12 1 1 1 1 1 1 1 1 1 1 1 1 1 1 1 1 1 1 100 1 1 1 8 1 15 15 15 10 100 12 1 1 1 1 1 100 1 100 1 1
instanceKlass java/lang/StackFrameInfo
ciInstanceKlass java/lang/ClassFrameInfo 0 0 126 10 100 12 1 1 1 9 100 12 1 1 1 100 1 3 9 12 1 1 9 12 1 1 100 1 9 12 1 1 3 11 100 12 1 1 1 11 12 1 10 12 1 1 10 12 1 1 10 12 1 100 1 10 10 12 1 1 8 1 8 1 10 12 100 1 10 10 12 1 1 8 1 10 12 1 8 1 10 12 8 1 10 12 1 10 100 12 1 1 1 100 1 1 1 1 1 1 1 1 1 1 1 1 1 1 1 1 1 1 1 1 1 1 1 1 1 1 1 100 1 1 1 1 1 1
ciInstanceKlass java/lang/StackWalker$StackFrame 0 0 41 100 1 10 12 1 1 100 1 100 1 1 1 1 1 1 1 1 1 1 1 1 1 1 1 1 1 1 1 1 1 1 1 1 1 1 1 100 1 1 1
ciInstanceKlass java/lang/StackWalker 0 0 236 9 100 12 1 1 1 10 100 12 1 1 1 100 1 10 100 12 1 1 1 10 12 1 1 11 100 12 1 1 1 10 12 1 1 10 12 1 1 100 1 8 1 10 12 1 10 12 1 10 12 1 10 100 12 1 1 9 12 1 1 9 12 1 1 9 12 1 1 9 12 1 1 10 12 1 1 9 12 1 1 9 12 1 1 9 12 1 1 9 12 1 1 10 12 1 1 10 100 12 1 1 1 10 100 12 1 1 1 18 12 1 1 100 1 8 1 10 8 1 10 12 1 1 10 100 12 1 1 1 10 12 1 1 10 12 1 11 12 1 1 9 100 12 1 1 11 100 12 1 1 1 10 12 1 1 1 1 1 1 1 1 1 1 1 1 1 1 1 1 1 1 1 1 1 1 1 1 1 1 1 1 1 1 1 1 1 1 1 1 1 1 1 1 1 1 1 1 1 1 1 1 1 1 1 1 1 1 1 100 1 1 16 15 10 12 16 1 15 10 100 12 1 1 1 1 1 1 1 1 1 100 1 100 1 1
instanceKlass java/lang/LiveStackFrameInfo
ciInstanceKlass java/lang/StackFrameInfo 0 0 150 10 100 12 1 1 1 9 100 12 1 1 1 9 12 1 1 11 100 12 1 1 1 10 12 1 1 10 100 12 1 1 1 9 12 1 1 10 12 1 1 9 12 1 1 100 1 10 12 10 12 1 9 12 1 100 1 100 1 10 12 1 1 11 12 1 1 10 12 1 10 12 1 10 12 1 1 9 12 1 1 10 12 1 1 10 100 12 1 1 10 12 1 1 9 12 1 10 100 12 1 1 1 9 12 1 1 10 100 1 10 12 1 9 12 1 1 10 12 1 1 10 12 1 1 1 1 1 1 1 1 1 1 1 1 1 1 1 1 100 1 100 1 1 1 1 1 1 1 1
ciInstanceKlass java/lang/LiveStackFrameInfo 0 0 97 10 100 12 1 1 1 9 100 12 1 1 1 9 12 1 9 12 1 9 12 1 9 12 1 1 100 1 10 12 1 1 10 12 1 8 1 10 12 1 1 8 1 8 1 8 1 10 100 1 10 12 1 100 1 10 12 1 100 1 100 1 1 1 3 1 3 1 1 1 1 1 1 1 1 1 1 1 1 1 1 1 1 1 1 1 1 1 1 1 1 1 1 1 100 1 1
ciInstanceKlass java/lang/LiveStackFrame 0 0 112 100 1 10 100 12 1 1 1 11 100 12 1 1 1 11 12 1 9 100 12 1 1 1 10 100 12 1 1 1 10 100 12 1 1 1 11 12 1 10 12 1 100 1 100 1 1 1 1 1 1 1 1 1 1 1 1 1 1 1 1 1 1 1 1 1 1 1 1 1 100 1 1 1 1 1 1 1 100 1 8 1 1 12 10 1 1 1 8 1 1 1 8 1 1 1 8 1 1 1 8 1 1 8 1 1 1 8 1 1 8 1
ciInstanceKlass java/lang/StackStreamFactory$AbstractStackWalker 1 0 364 100 1 100 1 3 10 100 12 1 1 1 10 100 12 1 1 10 100 12 1 1 1 9 12 1 1 9 12 1 1 9 12 1 1 9 12 1 9 12 1 10 100 12 1 1 1 10 12 1 1 10 100 12 1 1 9 12 1 1 9 12 1 1 10 12 1 1 9 12 1 1 10 100 12 1 1 1 10 12 1 1 9 12 1 1 9 100 12 1 1 1 100 1 10 8 1 10 12 1 1 10 12 1 8 1 10 12 1 1 10 100 12 1 1 1 100 1 8 1 10 12 1 8 1 10 12 10 100 12 1 1 9 12 1 1 8 1 5 0 8 1 8 1 9 12 1 1 10 12 1 1 18 12 1 1 10 100 12 1 1 1 10 12 1 1 10 12 1 10 12 1 9 100 12 1 1 1 10 12 1 1 9 12 1 10 12 1 10 12 1 10 12 1 10 12 1 10 12 1 10 12 1 1 8 1 10 12 1 10 12 1 10 12 1 10 12 1 1 8 1 10 12 1 1 10 12 1 1 10 12 1 1 10 12 1 10 12 1 10 12 1 9 12 1 8 1 10 12 1 8 1 10 12 1 10 12 1 1 10 12 1 10 12 1 10 12 1 1 10 12 1 10 12 1 10 12 1 10 12 1 10 12 1 10 12 1 1 10 12 1 10 12 1 10 12 1 10 12 1 8 1 1 1 1 1 1 1 1 1 1 1 1 1 100 1 1 1 1 1 1 100 1 1 1 1 100 1 1 1 1 1 1 1 1 1 1 1 1 1 1 1 1 1 1 16 15 15 10 100 12 1 1 1 1 1 1 1 1 100 1 100 1 1
ciInstanceKlass jdk/internal/module/Modules 0 0 481 10 100 12 1 1 1 9 7 12 1 1 1 11 100 12 1 1 1 11 12 1 1 11 12 1 1 11 12 1 1 11 12 1 11 12 1 11 12 1 11 12 1 11 12 1 11 12 1 1 10 100 12 1 1 1 10 12 1 1 10 100 12 1 1 10 100 12 1 1 1 10 100 12 1 1 10 12 1 1 11 12 1 9 12 1 1 11 100 12 1 1 1 10 12 1 1 10 10 12 1 10 100 1 9 12 1 1 10 100 12 1 1 10 12 1 1 10 100 12 1 1 1 100 1 11 100 12 1 1 1 10 100 12 1 1 1 11 100 12 1 1 10 12 1 1 10 100 12 1 1 10 100 12 1 1 1 10 12 1 1 10 12 1 1 11 12 1 1 18 12 1 1 11 100 12 1 1 10 100 12 1 1 1 11 100 12 1 1 1 100 1 11 12 1 1 11 100 12 1 1 1 11 12 1 1 10 12 1 1 10 100 12 1 1 18 12 1 1 11 12 1 1 18 12 1 1 11 12 1 1 10 12 1 18 18 10 12 1 1 9 12 1 1 11 100 12 1 1 1 100 1 10 11 12 1 11 12 1 1 10 100 1 10 12 1 1 10 100 12 1 1 10 12 1 1 11 12 10 12 1 1 100 1 10 18 12 1 10 12 1 1 100 1 8 1 10 12 1 10 100 12 1 1 18 12 1 11 11 12 10 12 1 10 10 100 1 18 12 1 10 10 10 7 12 1 1 10 100 12 1 1 1 10 12 1 1 1 1 1 1 1 1 1 1 1 1 1 1 1 1 1 1 1 1 1 1 1 1 1 1 1 1 1 1 1 1 1 1 1 1 1 1 1 1 1 1 1 1 1 1 1 1 1 1 1 1 1 1 1 1 1 1 1 1 1 1 1 1 100 1 1 1 1 1 1 1 1 1 1 1 1 1 1 1 1 1 1 1 1 1 1 1 16 15 10 12 1 16 1 16 1 15 10 12 1 16 1 16 1 15 10 12 16 1 15 10 16 1 15 10 12 16 1 16 15 10 12 16 15 10 12 16 15 10 12 15 10 100 12 1 1 1 1 1 1 100 1 100 1 1
instanceKlass com/google/gson/stream/JsonToken
instanceKlass java/lang/invoke/MethodHandles$Lookup$ClassOption
instanceKlass java/lang/reflect/AccessFlag$Location
instanceKlass java/lang/reflect/AccessFlag
instanceKlass com/google/gson/Strictness
instanceKlass sun/util/locale/provider/LocaleProviderAdapter$Type
instanceKlass java/util/Locale$Category
instanceKlass sun/nio/ch/Poller$Mode
instanceKlass java/util/stream/StreamShape
instanceKlass org/example/json/JsonTokenizer$TokenType
instanceKlass java/net/Proxy$Type
instanceKlass java/security/Security$SecPropLoader$LoadingMode
instanceKlass java/net/StandardProtocolFamily
instanceKlass jdk/internal/util/OperatingSystem
instanceKlass java/util/stream/StreamOpFlag$Type
instanceKlass java/util/stream/StreamOpFlag
instanceKlass org/example/http/HttpMethod
instanceKlass com/google/gson/LongSerializationPolicy
instanceKlass com/google/gson/ToNumberPolicy
instanceKlass com/google/gson/FieldNamingPolicy
instanceKlass java/util/regex/Pattern$Qtype
instanceKlass java/util/concurrent/TimeUnit
instanceKlass java/nio/file/LinkOption
instanceKlass sun/nio/fs/WindowsPathType
instanceKlass java/nio/file/StandardOpenOption
instanceKlass java/lang/classfile/Opcode$Kind
instanceKlass java/lang/classfile/Opcode
instanceKlass java/lang/invoke/VarHandle$AccessType
instanceKlass java/lang/invoke/VarHandle$AccessMode
instanceKlass java/lang/invoke/MethodHandleImpl$Intrinsic
instanceKlass java/lang/classfile/AttributeMapper$AttributeStability
instanceKlass jdk/internal/classfile/impl/AbstractPoolEntry$Utf8EntryImpl$State
instanceKlass java/lang/classfile/TypeKind
instanceKlass java/lang/invoke/LambdaForm$BasicType
instanceKlass java/lang/invoke/LambdaForm$Kind
instanceKlass java/lang/constant/DirectMethodHandleDesc$Kind
instanceKlass sun/invoke/util/Wrapper
instanceKlass jdk/internal/vm/Continuation$Pinned
instanceKlass java/io/File$PathStatus
instanceKlass jdk/internal/module/ModuleBootstrap$IllegalNativeAccess
instanceKlass java/lang/reflect/ClassFileFormatVersion
instanceKlass java/lang/Thread$State
instanceKlass java/lang/module/ModuleDescriptor$Requires$Modifier
ciInstanceKlass java/lang/Enum 1 1 204 9 7 12 1 1 1 9 12 1 1 10 7 12 1 1 1 9 12 1 10 7 12 1 1 1 100 1 10 10 12 1 1 10 12 1 100 1 10 10 7 12 1 1 10 12 1 1 18 12 1 1 10 100 12 1 1 1 10 12 1 1 11 7 12 1 1 1 100 1 8 1 10 12 1 100 1 100 1 10 8 1 10 12 1 1 10 12 1 1 8 1 10 12 1 10 100 1 8 1 10 10 12 1 1 10 100 12 1 1 1 100 1 100 1 100 1 1 1 1 1 1 1 1 1 1 1 1 1 1 1 1 1 1 1 1 1 1 1 1 1 1 1 1 1 1 1 1 1 1 1 1 1 1 1 1 1 1 1 1 1 1 1 3 1 1 1 1 100 1 100 1 1 100 1 1 1 1 1 1 1 1 1 1 1 16 15 10 12 16 15 10 100 12 1 1 1 1 1 100 1 100 1 1
ciMethod java/lang/Enum equals (Ljava/lang/Object;)Z 46 0 23 0 0
ciMethod java/lang/Enum hashCode ()I 512 0 11521 0 144
ciMethod java/lang/Enum ordinal ()I 272 0 136 0 0
ciInstanceKlass jdk/internal/loader/ClassLoaders 1 1 185 10 100 12 1 1 1 10 7 12 1 1 1 10 12 1 1 10 7 12 1 1 1 9 7 12 1 1 1 9 12 1 1 9 12 1 1 7 1 11 100 12 1 1 1 100 1 11 12 1 1 11 12 1 1 10 100 12 1 1 1 10 100 12 1 1 1 100 1 100 1 10 7 12 1 1 1 9 12 1 1 8 1 10 7 12 1 1 1 10 12 1 1 7 1 10 12 1 10 12 1 1 7 1 10 12 1 1 10 12 1 1 10 12 1 7 1 10 12 10 12 1 8 1 10 7 12 1 1 8 1 8 1 10 12 1 7 1 10 10 12 1 10 12 1 1 1 1 1 1 1 1 1 1 1 1 1 1 1 1 1 1 1 1 100 1 1 1 1 1 1 1 1 1 1 1 1 1 1 1 1 1 1 1 1
staticfield jdk/internal/loader/ClassLoaders JLA Ljdk/internal/access/JavaLangAccess; java/lang/System$1
staticfield jdk/internal/loader/ClassLoaders BOOT_LOADER Ljdk/internal/loader/ClassLoaders$BootClassLoader; jdk/internal/loader/ClassLoaders$BootClassLoader
staticfield jdk/internal/loader/ClassLoaders PLATFORM_LOADER Ljdk/internal/loader/ClassLoaders$PlatformClassLoader; jdk/internal/loader/ClassLoaders$PlatformClassLoader
staticfield jdk/internal/loader/ClassLoaders APP_LOADER Ljdk/internal/loader/ClassLoaders$AppClassLoader; jdk/internal/loader/ClassLoaders$AppClassLoader
ciInstanceKlass java/util/ArrayList 1 1 514 10 7 12 1 1 1 7 1 9 7 12 1 1 1 9 12 1 100 1 100 1 10 8 1 10 12 1 1 10 12 1 10 12 1 1 10 12 1 9 12 1 11 7 12 1 1 1 9 12 1 1 11 12 1 1 100 10 7 12 1 1 1 9 12 1 10 12 1 10 12 1 1 10 7 12 1 1 1 10 7 12 1 1 1 10 12 1 1 10 12 1 1 10 12 1 1 10 12 1 10 12 1 1 100 1 100 1 10 12 1 10 10 7 12 1 1 1 10 7 12 1 1 10 12 1 100 1 10 10 12 10 12 1 1 10 12 1 1 10 12 1 10 12 10 12 1 1 100 1 10 12 1 1 10 12 1 1 10 12 1 100 1 10 11 12 1 1 11 100 12 1 1 1 11 12 1 10 12 1 10 12 1 10 12 1 1 100 1 10 12 1 1 10 10 12 1 1 10 12 1 8 1 8 1 8 1 8 1 10 12 1 1 10 12 1 1 11 12 1 100 1 10 100 12 1 1 10 12 1 10 12 1 1 10 100 12 1 1 10 12 1 10 100 12 1 1 1 11 100 12 1 1 1 10 12 1 100 1 8 1 10 100 1 10 12 1 7 1 10 12 1 10 12 1 1 7 1 10 12 1 10 12 1 1 11 100 12 1 1 7 1 10 12 1 10 12 1 1 11 100 12 1 1 10 12 1 1 10 12 1 1 10 12 1 1 10 12 1 1 11 100 12 1 1 10 12 1 1 10 12 1 1 100 1 100 1 100 1 1 1 1 5 0 1 3 1 1 1 1 1 1 1 1 1 1 1 1 1 1 1 1 1 1 1 1 1 1 1 1 1 1 1 1 1 1 1 1 1 1 1 1 1 1 1 1 1 1 1 1 1 1 1 1 1 1 1 1 1 1 1 1 1 1 1 1 1 1 1 1 1 1 1 1 1 1 1 1 1 1 1 1 1 1 1 1 1 1 1 1 1 1 1 1 1 1 1 1 1 1 1 1 1 1 1 1 1 1 1 1 100 1 1 1 1 100 1 1 1 1 1 1 1 1 1 1 1 1 1 1 1 1 1 1 1 1 1 1 1 1 1 1 1 1 1 100 1 1 1 1 1 1 1 1 1 1 1 1 1 1 1 1 1 1 1 100 1 100 1 1 1 1 1 1
staticfield java/util/ArrayList EMPTY_ELEMENTDATA [Ljava/lang/Object; 0 [Ljava/lang/Object;
staticfield java/util/ArrayList DEFAULTCAPACITY_EMPTY_ELEMENTDATA [Ljava/lang/Object; 0 [Ljava/lang/Object;
ciInstanceKlass java/util/List 1 1 251 10 100 12 1 1 1 11 100 12 1 1 1 11 100 12 1 1 1 11 12 1 1 11 100 12 1 1 11 12 1 1 11 12 1 1 10 100 12 1 1 1 100 1 100 1 10 12 1 1 100 1 10 100 12 1 1 1 11 12 1 1 11 12 1 11 12 1 100 1 10 12 1 11 12 1 1 11 12 1 1 11 12 1 10 100 12 1 1 1 9 7 12 1 1 1 7 1 10 12 10 12 1 7 1 10 12 1 1 10 12 1 10 12 1 1 11 12 1 1 100 1 1 1 1 1 1 1 1 1 1 1 1 1 1 1 1 1 1 1 1 1 1 1 1 1 1 1 1 1 1 1 1 1 1 1 1 1 1 1 1 1 1 1 1 100 1 100 1 1 1 1 1 1 1 1 1 1 1 1 1 1 1 1 1 1 1 1 1 1 1 1 1 1 1 1 1 1 1 1 1 1 1 1 1 1 1 1 1 1 1 1 1 1 1 1 1 1 1 1 1 1 1 1 1 1 1 1 1 1 1 1 1 1 1 1 1 1 1 1 1 1 1 1 100 1 1 100 1 1 1
ciInstanceKlass java/util/SequencedCollection 1 1 104 100 1 10 12 1 1 11 100 12 1 1 1 11 100 12 1 1 1 11 12 1 1 11 12 1 100 1 100 1 1 1 1 1 1 1 1 1 1 1 1 1 1 1 1 1 1 1 1 1 1 1 1 1 1 1 1 1 100 1 8 1 12 10 1 1 8 1 1 1 8 1 1 8 1 1 1 8 1 1 8 1 1 1 8 1 1 8 1 8 1 1 8 1 1 1 8 1 1 8 1 1 8 1
ciInstanceKlass java/lang/Iterable 1 1 62 10 100 12 1 1 1 11 7 12 1 1 1 11 7 12 1 1 1 11 12 1 1 11 100 12 1 1 1 10 100 12 1 1 1 100 1 1 1 1 1 1 1 1 1 1 1 1 1 1 1 1 1 1 1 1 1 1 1 1 1 1
ciMethod java/util/List add (Ljava/lang/Object;)Z 0 0 1 0 -1
ciMethod java/util/List iterator ()Ljava/util/Iterator; 0 0 1 0 -1
ciMethod java/util/List of ([Ljava/lang/Object;)Ljava/util/List; 64 0 32 0 -1
ciInstanceKlass java/util/RandomAccess 1 0 7 100 1 100 1 1 1
instanceKlass java/util/AbstractQueue
instanceKlass java/util/HashMap$Values
instanceKlass java/util/ArrayDeque
instanceKlass java/util/AbstractSet
instanceKlass java/util/ImmutableCollections$AbstractImmutableCollection
instanceKlass java/util/AbstractList
ciInstanceKlass java/util/AbstractCollection 1 1 160 10 7 12 1 1 1 10 7 12 1 1 1 10 12 1 1 11 7 12 1 1 1 11 12 1 1 10 12 1 1 10 100 12 1 1 1 10 12 1 1 10 12 1 1 10 7 12 1 1 10 100 12 1 1 1 7 1 10 100 12 1 1 1 10 100 12 1 1 1 100 1 10 11 12 1 11 7 1 10 12 1 10 12 1 10 100 12 1 1 1 11 8 1 100 1 10 10 12 1 1 8 1 10 12 1 10 12 1 1 1 1 1 1 1 1 1 1 1 1 1 1 1 1 1 1 1 1 1 1 1 1 1 1 1 1 1 1 1 1 1 1 1 1 1 1 1 1 1 1 1 1 1 1 1 1 1 1 1 1
ciMethod java/util/AbstractCollection <init> ()V 212 0 46532 0 0
instanceKlass java/util/ArrayList$SubList
instanceKlass java/util/Arrays$ArrayList
instanceKlass java/util/Collections$EmptyList
instanceKlass java/util/ArrayList
ciInstanceKlass java/util/AbstractList 1 1 218 10 7 12 1 1 1 9 7 12 1 1 1 10 12 1 1 10 12 1 1 100 1 10 10 12 1 1 11 100 12 1 1 1 11 12 1 1 11 12 1 10 100 12 1 1 1 10 12 1 11 12 1 11 12 1 11 12 1 10 12 1 1 10 12 1 1 11 100 12 1 1 1 11 100 1 11 100 1 10 12 1 100 1 10 12 1 10 12 1 1 100 1 100 1 10 12 1 100 1 10 100 1 100 1 10 8 1 10 12 1 1 10 12 1 10 12 1 1 10 12 1 8 1 100 1 8 1 8 1 8 1 10 100 1 11 10 10 12 1 11 12 1 10 12 1 1 8 1 8 1 1 1 1 1 1 1 1 1 1 1 1 1 1 1 1 1 1 1 1 1 1 1 1 1 1 1 1 1 1 1 1 1 1 1 1 1 1 1 1 1 1 1 1 1 1 1 1 1 1 1 1 1 1 1 1 1 1 100 1 100 1 1 1 1 1 1 1
ciMethod java/util/AbstractList <init> ()V 100 0 29897 0 0
ciMethod java/util/ArrayList iterator ()Ljava/util/Iterator; 516 0 5384 0 200
ciMethod java/util/ArrayList <init> ()V 54 0 17092 0 105
ciInstanceKlass java/lang/Readable 1 0 12 100 1 100 1 1 1 1 100 1 1 1
ciInstanceKlass java/util/Comparator 1 1 288 10 100 12 1 1 1 10 100 12 1 1 1 18 12 1 1 100 1 100 1 11 12 1 1 11 12 1 11 12 1 11 12 1 1 11 12 1 1 11 12 1 1 10 12 1 9 100 12 1 1 1 100 1 10 12 1 1 18 12 1 18 12 18 12 18 12 18 12 10 100 12 1 1 1 10 100 12 1 1 1 8 1 10 12 1 1 8 1 8 1 8 1 8 1 8 1 10 12 1 10 12 1 8 10 100 1 10 12 1 8 10 12 1 8 1 10 12 1 10 12 1 8 1 10 12 1 1 100 1 8 1 100 1 8 1 8 1 100 1 8 1 8 1 100 1 100 1 8 1 10 12 1 11 12 1 1 10 100 12 1 1 11 12 1 1 10 100 12 1 1 11 12 1 1 10 100 12 1 1 11 12 1 100 1 11 12 1 11 12 1 1 1 1 1 1 1 1 1 1 1 1 1 1 1 1 1 1 1 1 1 1 1 1 1 1 1 1 1 1 1 1 1 1 1 1 1 1 1 1 1 1 1 1 1 1 1 1 1 1 1 1 1 1 1 1 1 1 1 1 16 15 11 12 3 3 15 11 12 15 11 12 15 11 12 15 11 12 15 11 12 15 10 100 12 1 1 1 1 100 1 1 1 100 1 100 1 1
ciMethod java/util/Comparator compare (Ljava/lang/Object;Ljava/lang/Object;)I 0 0 1 0 -1
ciInstanceKlass java/util/regex/Pattern 1 1 1575 7 1 10 12 1 1 9 12 1 1 9 12 1 1 10 12 1 1 7 1 10 12 1 9 12 1 1 10 12 1 10 12 1 1 10 12 1 1 10 12 1 1 7 1 10 12 10 12 1 10 12 1 1 10 12 1 11 7 12 1 1 1 11 12 1 1 10 12 1 1 11 12 1 7 1 10 12 1 10 12 1 1 10 12 1 10 12 1 1 11 7 12 1 1 1 7 1 8 1 10 12 1 1 7 1 10 8 1 10 12 1 1 10 10 100 1 3 10 12 1 10 12 1 8 1 10 12 1 10 100 12 1 1 9 12 1 9 12 1 9 12 1 9 12 1 7 1 9 12 1 1 10 12 1 9 12 1 9 12 1 10 7 1 100 1 8 1 10 7 12 1 1 1 10 12 1 100 1 8 1 10 12 1 1 10 12 1 1 10 12 1 1 10 12 1 9 12 1 100 1 10 10 7 12 1 1 1 10 12 1 1 8 1 10 12 10 12 1 10 100 12 1 1 1 10 12 1 1 9 100 12 1 1 1 10 100 12 1 1 1 10 12 1 1 10 7 12 1 1 10 12 1 100 1 10 11 100 1 10 12 1 1 8 1 18 12 1 1 11 12 1 1 10 10 12 1 1 8 1 9 12 1 10 12 1 8 1 10 12 1 10 12 10 12 1 1 10 12 1 1 10 12 1 10 12 1 10 12 1 1 10 12 1 1 100 1 8 1 10 10 10 100 12 1 1 1 10 100 12 1 1 9 12 1 9 12 1 1 10 7 12 1 1 10 12 1 100 1 8 1 10 12 1 10 12 1 10 100 12 1 1 1 10 12 1 10 12 9 12 1 9 12 1 10 12 1 10 12 1 9 12 1 7 1 9 12 1 1 9 12 1 1 10 9 12 1 1 10 12 1 1 9 7 12 1 1 10 12 1 1 9 12 1 10 12 1 8 1 8 1 8 1 7 1 10 7 12 1 1 100 1 10 7 1 7 1 9 12 1 11 12 1 1 11 7 12 1 1 11 12 1 100 1 9 12 1 7 1 10 10 12 1 1 11 7 12 1 1 10 12 1 10 12 1 10 12 1 10 12 1 10 12 1 10 12 1 100 1 10 12 1 3 10 12 1 1 10 12 1 7 1 10 10 7 12 1 10 12 1 10 12 10 12 1 1 100 1 10 12 1 1 10 12 1 10 12 1 1 10 12 1 10 12 1 10 12 1 1 10 12 1 100 1 10 100 1 10 10 100 1 10 12 1 100 1 10 100 1 10 12 1 1 10 10 12 1 10 12 1 8 1 8 1 10 12 1 10 12 1 1 10 12 1 10 12 1 1 10 12 1 1 10 12 1 100 1 10 12 1 100 1 10 10 12 1 10 12 1 10 12 1 1 100 1 10 10 100 12 1 1 10 12 1 1 9 12 1 1 11 100 12 1 1 100 1 10 10 12 1 11 7 1 10 12 1 100 1 10 10 12 1 10 12 1 10 12 1 10 12 1 10 12 1 100 1 10 100 1 10 10 12 1 8 1 10 12 1 11 12 1 8 1 8 1 10 12 1 10 12 1 10 12 1 100 1 10 8 1 7 1 10 11 12 1 1 8 1 8 1 11 12 1 8 1 10 12 1 1 10 12 1 10 12 1 10 12 1 10 12 1 10 12 1 10 12 1 10 12 1 1 10 12 1 10 12 1 1 10 12 1 1 8 1 10 12 1 1 10 12 1 10 12 1 8 1 10 12 1 10 12 1 1 10 12 1 10 12 1 8 1 8 1 9 100 12 1 1 1 10 12 1 10 12 1 8 1 8 1 8 1 8 1 8 1 8 1 10 12 1 1 10 12 1 10 12 1 1 8 1 8 1 8 1 8 1 10 12 1 1 8 1 10 12 1 10 12 1 8 1 8 1 7 1 10 12 1 8 1 10 12 1 8 1 11 10 12 1 1 100 1 10 100 1 10 7 1 9 7 12 1 1 1 10 12 1 11 12 1 8 1 8 1 10 12 1 11 12 1 1 9 100 12 1 1 1 100 1 10 10 12 1 1 9 12 1 8 1 10 12 1 1 100 1 9 12 1 9 12 1 10 12 1 100 1 10 100 1 10 100 1 10 11 11 12 1 8 1 10 12 1 8 1 8 1 10 12 1 9 12 1 9 12 1 9 12 1 7 1 9 7 1 100 1 9 12 1 9 12 1 9 12 1 9 12 1 10 12 1 9 10 12 3 11 100 1 10 100 1 10 12 1 9 9 9 12 1 8 1 10 10 9 12 1 1 10 12 1 9 12 1 10 12 1 1 7 1 10 12 1 100 1 10 12 1 10 12 1 10 12 1 1 8 1 8 1 8 1 8 1 8 1 10 12 1 10 12 1 3 8 1 8 1 8 1 8 1 10 12 1 10 12 1 10 12 10 12 1 10 12 1 1 10 12 1 8 1 10 12 1 8 1 8 1 8 1 11 100 1 10 12 1 100 1 10 100 1 10 100 1 10 100 1 10 10 9 12 1 9 12 1 10 12 1 18 12 1 1 18 12 1 18 18 18 12 1 18 12 1 18 12 18 12 18 18 12 18 18 18 12 18 12 18 12 18 3 3 18 18 12 18 18 18 12 1 1 18 100 1 10 100 1 10 100 12 1 1 1 10 100 12 1 1 1 10 12 1 1 11 12 10 7 12 1 1 10 9 12 7 1 10 100 1 1 1 3 1 3 1 3 1 3 1 3 1 3 1 3 1 3 1 3 1 3 1 1 5 0 1 1 1 1 1 1 1 1 1 1 1 1 1 1 1 1 100 1 1 1 1 1 1 1 1 1 1 1 1 1 1 1 1 1 1 1 1 1 1 1 1 1 1 1 1 1 100 1 100 1 1 1 1 1 1 1 1 1 1 1 1 1 1 1 1 1 1 1 1 1 1 1 1 1 1 1 1 1 1 1 1 1 1 1 1 1 1 1 100 1 1 1 1 1 1 1 1 1 1 1 1 1 1 1 1 1 1 1 1 1 1 1 1 1 1 1 1 1 1 1 1 1 1 1 1 1 1 1 1 1 1 1 1 1 1 1 1 1 1 1 1 1 1 1 1 1 1 1 1 1 1 1 1 1 1 1 1 1 1 1 1 1 1 1 1 1 1 1 1 1 1 1 1 1 1 1 1 1 1 1 1 1 1 1 1 1 1 1 1 1 1 1 1 1 1 1 1 1 1 1 1 1 1 1 1 1 1 1 100 1 100 1 1 16 1 15 10 12 16 16 15 10 12 15 10 12 15 10 12 15 10 12 15 10 12 15 10 12 15 10 12 15 10 12 15 10 12 15 10 12 15 10 12 15 10 12 15 10 12 15 10 12 15 10 12 15 10 12 15 10 12 15 10 12 15 10 12 15 10 12 16 15 10 12 16 15 10 12 15 10 7 12 1 1 1 1 1 1 1 1 1 1 1 1 1 1 1 1 1 1 1 1 1 1 1 1 1 1 1 1 1 1 1 1 1 1 1 1 1 1 1 1 1 1 1 1 1 1 1 1 1 1 1 1 1 1 1 1 1 1 1 1 100 1 100 1 1
staticfield java/util/regex/Pattern accept Ljava/util/regex/Pattern$Node; java/util/regex/Pattern$Node
staticfield java/util/regex/Pattern lastAccept Ljava/util/regex/Pattern$Node; java/util/regex/Pattern$LastNode
staticfield java/util/regex/Pattern $assertionsDisabled Z 1
ciMethod java/util/regex/Pattern matcher (Ljava/lang/CharSequence;)Ljava/util/regex/Matcher; 538 0 7044 0 -1
ciInstanceKlass java/util/regex/Matcher 1 1 488 10 7 12 1 1 1 7 1 9 12 1 1 9 12 1 9 12 1 9 12 1 9 12 1 9 12 1 1 9 12 1 9 12 1 1 9 12 1 1 9 7 12 1 1 9 12 1 1 9 12 1 9 12 1 9 12 1 7 1 9 12 1 1 10 12 1 1 10 12 1 1 10 12 1 1 10 12 1 11 7 12 1 1 1 11 12 1 1 100 1 10 12 1 10 100 12 1 1 10 12 1 1 10 12 1 11 12 1 10 100 12 1 1 1 10 12 1 100 1 8 1 10 12 1 9 12 1 9 12 1 10 12 1 9 12 1 10 12 1 9 12 1 10 12 1 10 12 1 1 10 12 1 1 10 12 1 1 10 12 1 10 12 1 1 10 12 1 1 100 1 8 1 10 10 100 12 1 1 1 100 1 10 10 10 12 1 1 10 12 1 1 10 10 100 1 10 12 1 10 12 1 1 10 12 1 10 10 12 1 10 8 1 11 100 12 1 1 8 1 10 100 12 1 1 10 12 1 10 12 1 8 1 8 1 10 12 1 1 8 1 10 12 1 8 1 11 100 12 1 1 1 100 1 8 1 8 1 10 12 1 8 1 10 12 1 10 12 1 11 12 1 100 1 100 1 10 12 1 10 12 1 10 12 1 10 12 1 1 10 12 1 1 10 100 12 1 1 11 100 12 1 1 100 1 10 100 1 10 12 1 100 1 10 100 12 1 1 1 10 100 12 1 1 1 100 1 8 1 10 8 8 8 1 8 1 8 1 10 12 1 1 10 12 1 8 1 10 12 1 10 12 1 10 12 1 8 1 10 12 9 12 1 9 12 1 9 12 1 1 10 7 12 1 1 9 12 1 11 8 1 10 12 1 8 1 8 1 8 1 100 1 8 1 10 10 100 1 1 1 1 3 1 3 1 1 1 1 1 1 1 1 1 1 1 1 1 1 1 1 1 1 1 1 1 1 1 1 1 1 1 1 1 1 1 1 1 1 1 1 1 1 1 1 1 1 1 1 1 1 1 1 1 1 1 1 1 1 1 1 1 1 1 1 1 1 1 1 1 1 1 1 1 1 1 1 1 1 1 1 1 1 1 1 1 1 1 1
instanceKlass com/google/gson/internal/LinkedTreeMap$EntrySet
instanceKlass java/util/LinkedHashMap$LinkedEntrySet
instanceKlass java/util/concurrent/ConcurrentSkipListMap$KeySet
instanceKlass java/util/HashMap$KeySet
instanceKlass java/util/concurrent/ConcurrentSkipListSet
instanceKlass java/util/IdentityHashMap$KeySet
instanceKlass jdk/internal/util/ReferencedKeySet
instanceKlass java/util/WeakHashMap$KeySet
instanceKlass java/util/Collections$SetFromMap
instanceKlass java/util/ImmutableCollections$MapN$1
instanceKlass java/util/Collections$EmptySet
instanceKlass java/util/HashMap$EntrySet
instanceKlass java/util/HashSet
ciInstanceKlass java/util/AbstractSet 1 1 96 10 7 12 1 1 1 100 1 100 1 11 12 1 1 10 100 1 10 12 1 1 100 1 100 1 10 12 1 1 11 100 12 1 1 1 11 12 1 1 10 100 12 1 1 10 100 12 1 1 1 11 10 12 1 1 11 12 1 11 12 1 1 1 1 1 1 1 1 1 1 1 1 1 1 1 1 100 1 1 1 1 1 1 1 1 1 1 1 1 1 1 1 1 1 1
ciInstanceKlass java/lang/annotation/Annotation 0 0 17 100 1 100 1 1 1 1 1 1 1 1 1 1 1 1 1
ciInstanceKlass java/util/LinkedHashMap 1 1 386 9 7 12 1 1 1 9 12 1 1 9 12 1 9 7 12 1 1 9 12 1 10 7 12 1 1 1 10 12 1 1 10 12 1 1 9 12 1 9 12 1 1 9 12 1 10 12 1 1 100 1 10 10 12 1 1 10 12 1 10 12 1 1 9 12 1 1 9 12 1 10 12 1 1 10 100 12 1 1 1 10 12 1 10 12 1 10 12 10 12 1 1 10 100 12 1 1 1 10 12 1 1 10 12 1 1 9 7 1 10 12 1 10 12 1 1 9 12 1 1 100 1 10 12 1 100 1 100 1 10 10 12 1 1 10 12 1 1 9 12 1 1 100 1 10 100 1 10 12 1 9 12 1 7 1 10 100 1 10 11 100 12 1 1 1 100 1 10 11 100 12 1 1 100 1 100 1 10 8 1 10 12 1 1 10 12 1 10 12 1 1 10 12 1 10 12 1 1 10 100 1 10 12 1 100 1 1 1 1 5 0 1 1 1 3 1 3 1 3 1 1 1 1 1 1 1 1 1 1 1 1 1 1 1 1 1 1 1 1 1 1 1 1 1 1 1 1 1 1 1 1 1 1 1 1 1 1 1 1 1 1 1 1 1 1 1 100 1 1 1 1 1 1 1 1 100 1 1 1 1 1 1 1 1 1 1 1 1 1 1 1 1 1 1 1 1 1 1 1 1 1 1 1 1 100 1 1 1 1 1 1 1 1 1 1 1 1 1 1 100 1 1 1 1 1 1 1 1 1 100 1 1 1 1 1 1 1 1 1 1 1 1 1 1 1 1 1 1 1 1 1 1 1 1 1 1 1 1 1 1 1 100 1 100 1 100 1 100 1 1 1 1 1 100 1 100 1 1 1 1 1 1 1 1 1
ciInstanceKlass java/util/SequencedMap 1 1 150 11 100 12 1 1 1 11 100 12 1 1 1 11 100 12 1 1 1 100 1 11 12 1 1 100 1 10 12 1 1 11 12 1 1 11 12 1 1 100 1 10 12 100 1 10 12 1 100 1 10 100 1 10 100 1 100 1 1 1 1 1 1 1 1 1 1 1 1 1 1 1 1 1 1 1 1 1 1 1 1 1 1 1 1 1 1 1 1 1 1 1 1 1 1 1 1 1 1 1 1 1 1 1 1 1 1 100 1 8 1 12 10 1 1 8 1 1 1 8 1 1 8 1 1 8 1 1 1 8 1 1 8 1 1 8 1 8 1 1 1 8 1 1 8 1 1 1 8 1
ciMethod java/util/LinkedHashMap get (Ljava/lang/Object;)Ljava/lang/Object; 514 0 8156 0 0
ciMethod java/util/LinkedHashMap afterNodeAccess (Ljava/util/HashMap$Node;)V 0 0 1 0 -1
ciMethod java/util/LinkedHashMap <init> ()V 516 0 16169 0 -1
instanceKlass jdk/internal/math/FloatingDecimal$1
instanceKlass jdk/internal/misc/CarrierThreadLocal
ciInstanceKlass java/lang/ThreadLocal 1 1 314 9 7 12 1 1 1 3 10 7 12 1 1 1 100 1 10 12 1 1 10 7 12 1 1 10 12 1 9 12 1 1 10 7 12 1 1 1 10 12 1 1 9 12 1 1 100 1 100 1 10 10 12 1 10 12 1 1 10 7 12 1 1 1 9 7 12 1 1 1 10 12 1 10 12 1 1 10 12 1 1 10 12 1 1 10 12 1 1 7 1 10 12 1 1 9 12 1 10 12 1 1 10 12 1 10 12 10 12 1 1 10 12 1 9 12 1 1 10 12 10 12 1 100 1 10 8 1 10 7 12 1 1 1 10 100 12 1 1 10 100 12 1 1 1 9 12 1 1 10 12 1 1 10 100 12 1 1 1 18 12 1 1 10 12 1 1 100 1 9 12 1 1 10 100 12 1 1 1 11 12 1 1 11 100 12 1 1 11 12 1 100 1 8 1 11 12 1 1 10 12 1 1 11 100 12 1 1 1 10 100 12 1 1 1 11 12 1 1 10 7 12 1 1 10 12 1 10 10 1 1 1 1 1 1 1 1 1 1 1 1 1 1 1 1 1 1 1 1 1 1 1 1 1 1 1 1 1 1 1 1 1 1 1 1 1 1 1 1 1 1 1 1 1 1 1 1 1 1 1 100 1 1 1 1 1 1 1 1 1 1 1 16 15 10 12 16 15 10 100 12 1 1 1 1 1 1 1 1 100 1 100 1 1
staticfield java/lang/ThreadLocal TRACE_VTHREAD_LOCALS Z 0
staticfield java/lang/ThreadLocal nextHashCode Ljava/util/concurrent/atomic/AtomicInteger; java/util/concurrent/atomic/AtomicInteger
staticfield java/lang/ThreadLocal DUMPING_STACK Ljava/lang/ThreadLocal; java/lang/ThreadLocal
staticfield java/lang/ThreadLocal $assertionsDisabled Z 1
ciMethod java/lang/ThreadLocal remove ()V 4 0 2 0 -1
ciMethod java/lang/ThreadLocal get ()Ljava/lang/Object; 512 0 4406 0 -1
ciMethod java/lang/ThreadLocal set (Ljava/lang/Object;)V 768 0 4412 0 -1
instanceKlass com/google/gson/internal/Streams$AppendableWriter
instanceKlass java/io/StringWriter
instanceKlass java/io/BufferedWriter
instanceKlass sun/nio/cs/StreamEncoder
instanceKlass java/io/OutputStreamWriter
ciInstanceKlass java/io/Writer 1 1 115 100 1 10 12 1 1 10 7 1 9 7 12 1 1 1 100 1 10 9 12 1 1 10 12 1 1 10 7 12 1 1 1 10 12 1 10 12 1 1 10 12 1 1 10 12 1 8 1 11 100 12 1 1 1 10 12 1 1 10 12 1 10 12 1 10 12 1 100 1 100 1 100 1 1 1 1 3 1 1 1 1 1 1 1 1 1 1 100 1 1 100 1 1 1 1 1 1 1 100 1 1 1 1 1 1 1 1 1 1 1 1 1 1 1
ciMethod java/io/Writer append (Ljava/lang/CharSequence;)Ljava/io/Writer; 0 0 1 0 -1
ciMethod java/io/Writer write (Ljava/lang/String;II)V 0 0 1 0 -1
ciMethod java/io/Writer write (I)V 0 0 1 0 -1
ciMethod java/io/Writer write (Ljava/lang/String;)V 62 0 31 0 -1
ciMethod java/io/Writer <init> ()V 512 0 1438 0 0
ciInstanceKlass java/util/ImmutableCollections 1 1 213 10 7 12 1 1 1 100 1 10 7 1 7 1 9 12 1 1 7 1 11 7 12 1 1 1 11 12 1 1 11 12 1 1 11 12 1 10 7 12 1 1 1 10 12 1 9 7 12 1 1 10 12 1 1 100 1 100 1 10 9 12 1 1 10 12 1 10 12 1 9 12 1 10 7 12 1 1 5 0 10 7 12 1 1 1 10 7 12 1 1 5 0 9 12 1 1 9 12 1 10 12 1 1 9 12 1 9 12 1 1 7 1 10 12 1 9 12 1 1 7 1 10 9 12 1 1 1 1 1 1 1 1 1 3 1 1 1 1 1 1 1 1 1 1 1 1 1 1 1 1 1 1 1 1 1 1 1 1 1 1 1 1 1 1 1 1 1 1 100 1 100 1 100 1 100 1 100 1 100 1 100 1 100 1 100 1 100 1 100 1 100 1 100 1 100 1 1 1 1 1 1 1 1 1 1 1 1 1 1 1 1 1
staticfield java/util/ImmutableCollections SALT32L J 3952712284
staticfield java/util/ImmutableCollections REVERSE Z 1
staticfield java/util/ImmutableCollections EMPTY Ljava/lang/Object; java/lang/Object
staticfield java/util/ImmutableCollections EMPTY_LIST Ljava/util/ImmutableCollections$ListN; java/util/ImmutableCollections$ListN
staticfield java/util/ImmutableCollections EMPTY_LIST_NULLS Ljava/util/ImmutableCollections$ListN; java/util/ImmutableCollections$ListN
staticfield java/util/ImmutableCollections EMPTY_SET Ljava/util/ImmutableCollections$SetN; java/util/ImmutableCollections$SetN
staticfield java/util/ImmutableCollections EMPTY_MAP Ljava/util/ImmutableCollections$MapN; java/util/ImmutableCollections$MapN
staticfield java/util/ImmutableCollections $assertionsDisabled Z 1
ciInstanceKlass java/util/ImmutableCollections$List12 1 1 125 10 7 12 1 1 1 10 7 12 1 1 1 9 7 12 1 1 1 9 7 12 1 1 9 12 1 10 12 1 1 10 7 12 1 1 1 100 1 8 1 10 12 1 100 1 10 12 1 10 12 1 1 10 12 1 1 10 7 12 1 1 10 7 12 1 1 1 7 1 100 1 1 1 1 1 1 1 1 1 1 1 1 1 1 1 1 1 1 1 1 1 1 1 1 1 1 1 1 1 1 1 1 1 100 1 100 1 1 1 1 1 1 1 1 1 1 1 1 1 1 1 1 1 1
ciInstanceKlass java/util/ImmutableCollections$ListN 1 1 119 10 7 12 1 1 1 9 7 12 1 1 1 9 12 1 1 100 1 8 1 10 12 1 100 1 10 12 1 10 7 12 1 1 1 10 7 12 1 1 1 10 12 1 10 7 12 1 1 1 100 1 10 10 100 12 1 1 1 100 1 1 1 1 1 1 1 1 1 1 1 1 1 1 1 1 1 1 1 1 1 1 1 1 1 1 1 1 1 100 1 100 1 1 1 1 1 1 1 1 1 1 1 1 1 1 1 100 1 1 1 1 1 1 7 1 1 1 1
ciInstanceKlass java/util/ImmutableCollections$MapN 1 1 149 100 1 10 7 12 1 1 1 100 1 8 1 10 12 1 9 7 12 1 1 1 7 1 9 12 1 1 10 7 12 1 1 1 10 12 1 1 100 1 100 1 10 8 1 10 12 1 1 10 12 1 10 12 1 1 10 10 12 1 1 10 12 1 1 7 1 10 12 1 10 7 12 1 1 1 100 1 8 1 10 100 1 10 12 1 1 1 1 1 1 1 1 1 1 1 1 1 1 1 1 1 1 1 1 1 1 100 1 1 1 1 1 1 1 1 1 1 1 1 1 1 1 1 1 1 1 100 1 100 1 1 1 1 1 1 1 1 1 1 1 100 1 1 100 1 100 1 1
instanceKlass java/util/ImmutableCollections$MapN
ciInstanceKlass java/util/ImmutableCollections$AbstractImmutableMap 1 1 87 10 7 12 1 1 1 10 100 12 1 1 1 10 100 12 1 1 1 100 1 1 1 1 1 1 1 1 1 1 1 1 1 1 1 1 1 1 1 1 1 1 1 1 1 1 1 1 1 1 1 1 1 1 1 1 1 1 1 1 1 1 1 1 1 1 1 1 1 1 1 1 1 1 1 1 1 1 100 1 1 1 1 1 1 1 1
ciMethod java/util/ImmutableCollections listFromArray ([Ljava/lang/Object;)Ljava/util/List; 16 70 8 0 -1
ciInstanceKlass jdk/internal/util/DecimalDigits 1 1 45 10 100 12 1 1 1 9 7 12 1 1 1 5 0 5 0 1 1 1 1 1 1 1 1 1 1 1 1 1 1 1 1 1 1 1 1 1 1 1 1 1 100 1 1
staticfield jdk/internal/util/DecimalDigits DIGITS [S 100
ciMethod jdk/internal/util/DecimalDigits stringSize (J)I 546 64 411 0 -1
ciInstanceKlass java/util/jar/Attributes$Name 1 1 233 9 7 12 1 1 1 11 7 12 1 1 1 10 12 1 1 10 7 12 1 1 10 12 1 1 9 12 1 1 10 7 12 1 1 1 9 12 1 1 8 10 7 12 1 1 1 10 12 1 1 100 1 10 10 12 1 1 10 12 1 1 11 12 1 1 10 7 12 1 1 1 8 1 9 12 1 1 8 1 9 12 1 8 1 9 12 1 8 1 9 12 1 8 1 9 12 1 8 1 9 12 1 8 1 9 12 1 8 1 9 12 1 8 1 9 12 1 8 1 9 12 1 8 1 9 12 1 8 1 9 12 1 8 1 9 12 1 8 1 9 12 1 8 1 9 12 1 8 1 9 12 1 8 1 9 12 1 8 1 9 12 1 100 1 10 12 1 10 12 1 1 8 1 8 1 8 1 8 1 8 1 8 1 8 1 8 1 8 1 8 1 11 12 1 1 1 1 1 1 1 1 1 1 1 1 1 1 1 1 1 1 1 1 1 1 1 1 1 1 1 1 1 1 1 1 1 1 1 1 100 1 1
staticfield java/util/jar/Attributes$Name MANIFEST_VERSION Ljava/util/jar/Attributes$Name; java/util/jar/Attributes$Name
staticfield java/util/jar/Attributes$Name SIGNATURE_VERSION Ljava/util/jar/Attributes$Name; java/util/jar/Attributes$Name
staticfield java/util/jar/Attributes$Name CONTENT_TYPE Ljava/util/jar/Attributes$Name; java/util/jar/Attributes$Name
staticfield java/util/jar/Attributes$Name CLASS_PATH Ljava/util/jar/Attributes$Name; java/util/jar/Attributes$Name
staticfield java/util/jar/Attributes$Name MAIN_CLASS Ljava/util/jar/Attributes$Name; java/util/jar/Attributes$Name
staticfield java/util/jar/Attributes$Name SEALED Ljava/util/jar/Attributes$Name; java/util/jar/Attributes$Name
staticfield java/util/jar/Attributes$Name EXTENSION_LIST Ljava/util/jar/Attributes$Name; java/util/jar/Attributes$Name
staticfield java/util/jar/Attributes$Name EXTENSION_NAME Ljava/util/jar/Attributes$Name; java/util/jar/Attributes$Name
staticfield java/util/jar/Attributes$Name EXTENSION_INSTALLATION Ljava/util/jar/Attributes$Name; java/util/jar/Attributes$Name
staticfield java/util/jar/Attributes$Name IMPLEMENTATION_TITLE Ljava/util/jar/Attributes$Name; java/util/jar/Attributes$Name
staticfield java/util/jar/Attributes$Name IMPLEMENTATION_VERSION Ljava/util/jar/Attributes$Name; java/util/jar/Attributes$Name
staticfield java/util/jar/Attributes$Name IMPLEMENTATION_VENDOR Ljava/util/jar/Attributes$Name; java/util/jar/Attributes$Name
staticfield java/util/jar/Attributes$Name IMPLEMENTATION_VENDOR_ID Ljava/util/jar/Attributes$Name; java/util/jar/Attributes$Name
staticfield java/util/jar/Attributes$Name IMPLEMENTATION_URL Ljava/util/jar/Attributes$Name; java/util/jar/Attributes$Name
staticfield java/util/jar/Attributes$Name SPECIFICATION_TITLE Ljava/util/jar/Attributes$Name; java/util/jar/Attributes$Name
staticfield java/util/jar/Attributes$Name SPECIFICATION_VERSION Ljava/util/jar/Attributes$Name; java/util/jar/Attributes$Name
staticfield java/util/jar/Attributes$Name SPECIFICATION_VENDOR Ljava/util/jar/Attributes$Name; java/util/jar/Attributes$Name
staticfield java/util/jar/Attributes$Name MULTI_RELEASE Ljava/util/jar/Attributes$Name; java/util/jar/Attributes$Name
instanceKlass java/util/concurrent/ConcurrentHashMap$ForwardingNode
instanceKlass java/util/concurrent/ConcurrentHashMap$ReservationNode
ciInstanceKlass java/util/concurrent/ConcurrentHashMap$Node 1 1 97 10 7 12 1 1 1 9 7 12 1 1 1 9 12 1 1 9 12 1 10 12 1 9 12 1 1 10 12 1 1 10 100 12 1 1 1 100 1 10 100 1 11 12 1 1 11 12 1 10 12 1 1 1 1 1 1 1 1 1 1 1 1 1 1 1 1 1 1 1 1 1 1 1 1 1 1 1 1 1 1 1 1 1 1 1 1 1 1 1 100 1 1 1 100 1 1
ciMethod java/util/concurrent/ConcurrentHashMap$Node find (ILjava/lang/Object;)Ljava/util/concurrent/ConcurrentHashMap$Node; 0 0 1 0 -1
ciInstanceKlass java/util/concurrent/ConcurrentHashMap$ForwardingNode 1 1 71 100 1 10 7 12 1 1 1 9 7 12 1 1 1 10 12 1 1 9 12 1 1 9 12 1 1 10 100 12 1 1 1 10 12 1 1 9 12 1 1 1 1 1 1 1 1 1 1 1 1 1 1 1 1 1 1 1 1 1 1 1 100 1 1 1 1 1 1 1 1
ciInstanceKlass java/util/ArrayList$Itr 1 1 104 9 7 12 1 1 1 10 7 12 1 1 1 9 12 1 1 9 7 12 1 1 9 12 1 9 12 1 9 12 1 10 12 1 100 1 10 9 12 1 1 100 1 10 100 1 10 10 12 1 1 100 1 10 100 12 1 1 1 10 12 1 1 11 100 12 1 1 1 100 1 1 1 1 1 1 1 1 1 1 1 1 1 1 1 1 100 1 1 1 1 1 1 1 1 1 1 1 1 1 1 1 1 1
ciMethod java/util/ArrayList$Itr hasNext ()Z 516 0 5380 0 112
ciMethod java/util/ArrayList$Itr next ()Ljava/lang/Object; 522 0 8270 0 264
ciMethod java/util/ArrayList$Itr <init> (Ljava/util/ArrayList;)V 514 0 5374 0 0
ciMethod java/util/ArrayList$Itr checkForComodification ()V 520 0 8267 0 0
instanceKlass java/util/LinkedHashMap$Entry
ciInstanceKlass java/util/HashMap$Node 1 1 95 10 7 12 1 1 1 9 7 12 1 1 1 9 12 1 1 9 12 1 9 12 1 1 100 1 10 10 12 1 1 8 1 10 12 1 10 12 1 1 10 100 12 1 1 1 100 1 11 12 1 1 10 12 1 1 11 12 1 1 1 1 1 1 1 1 1 1 1 1 1 1 1 1 1 1 1 1 1 1 1 1 1 1 1 1 1 1 100 1 1 1 100 1 1
ciInstanceKlass java/util/HashMap$TreeNode 0 0 250 100 1 10 100 12 1 1 1 9 100 12 1 1 1 9 12 1 1 9 12 1 9 12 1 1 9 12 1 1 10 12 1 1 100 1 10 12 1 9 12 1 9 12 1 9 12 1 1 10 100 12 1 1 1 10 12 1 1 10 12 1 1 10 12 1 1 10 12 1 1 10 12 1 1 10 100 12 1 1 1 10 100 12 1 1 1 10 100 12 1 1 1 9 12 1 10 12 1 1 10 12 1 1 10 12 1 1 10 12 1 1 9 100 1 10 12 1 1 10 12 1 1 10 12 1 10 12 1 1 10 12 1 10 12 1 10 12 1 1 1 1 1 1 1 1 1 1 1 1 1 1 1 1 1 1 1 1 1 1 1 1 1 1 100 1 1 1 1 1 1 1 1 1 1 1 1 1 1 1 1 1 1 1 1 1 1 1 1 1 1 1 1 1 1 1 1 1 1 1 1 1 1 1 1 1 1 1 1 1 1 1 1 1 1 1 1 1 1 1 1 1 1 1 1 1 1 1 1 1 1 1 1 1 1 1 1 1 1 1 1 1 1 1 1 100 1 1 1 1
instanceKlass java/util/HashMap$TreeNode
ciInstanceKlass java/util/LinkedHashMap$Entry 1 1 41 10 7 12 1 1 1 100 1 1 1 1 1 1 1 1 1 1 1 1 1 1 1 1 1 1 1 1 1 1 1 1 1 1 100 1 1 100 1 1 1
ciMethod java/util/HashMap$TreeNode getTreeNode (ILjava/lang/Object;)Ljava/util/HashMap$TreeNode; 0 0 1 0 -1
ciInstanceKlass java/util/ArrayDeque 1 1 440 100 1 9 7 12 1 1 1 3 10 12 1 1 10 100 12 1 1 1 9 12 1 1 9 12 1 10 100 12 1 1 1 100 1 8 1 10 12 1 1 100 1 3 10 7 12 1 1 7 1 11 100 12 1 1 1 10 12 1 10 12 1 1 100 1 10 100 1 10 10 12 1 10 12 1 10 12 1 10 18 12 1 1 11 12 1 1 10 12 1 1 10 12 1 10 12 1 1 100 1 10 10 12 1 10 12 1 1 10 12 1 1 10 12 1 1 10 12 1 10 12 1 10 12 1 10 12 1 10 12 1 1 7 1 10 12 1 100 1 10 100 1 10 10 100 12 1 1 1 11 100 12 1 10 12 1 1 18 12 1 1 18 11 100 12 1 10 12 1 1 10 12 1 1 10 12 1 1 10 12 1 1 10 12 1 1 10 12 1 100 10 12 1 1 10 12 1 1 10 12 1 1 10 100 12 1 1 10 12 1 100 1 100 1 10 10 100 12 1 1 10 12 1 10 12 1 10 100 12 1 1 10 12 1 10 100 12 1 1 1 11 100 12 1 1 1 10 12 1 100 1 9 12 1 1 8 1 10 12 1 1 10 100 12 1 1 1 8 1 10 12 1 1 10 12 1 11 12 1 100 1 100 1 100 1 1 1 1 1 5 0 1 1 1 1 1 1 1 1 1 1 1 1 1 1 1 1 1 1 1 1 1 1 1 1 1 1 1 1 1 1 1 1 1 1 1 1 1 1 1 1 1 1 1 1 1 1 1 1 1 1 1 1 1 1 1 1 1 1 1 1 1 1 1 1 1 1 1 1 1 1 1 1 1 1 1 1 1 1 1 1 1 1 1 1 1 1 100 1 1 1 1 1 1 1 1 100 1 1 1 1 1 1 1 1 1 1 1 100 1 1 1 100 1 1 1 1 1 1 1 1 1 1 1 16 15 16 15 10 12 15 10 12 15 10 100 12 1 1 1 1 1 1 1 100 1 100 1 1
ciInstanceKlass java/util/Queue 1 0 68 100 1 100 1 100 1 1 1 1 1 1 1 1 1 1 1 1 1 1 1 1 100 1 8 1 1 12 10 1 8 1 1 1 8 1 1 1 8 1 1 1 8 1 1 1 8 1 1 8 1 1 1 8 1 1 8 1 1 1 8 1 1 8 1 1 8 1
ciMethod java/util/ArrayDeque isEmpty ()Z 512 0 1489 0 0
ciMethod java/util/ArrayDeque <init> ()V 512 0 1440 0 0
ciInstanceKlass jdk/internal/util/StrongReferenceKey 1 1 82 10 7 12 1 1 1 9 7 12 1 1 1 7 1 11 12 1 1 10 10 7 12 1 1 1 10 12 1 1 100 1 10 10 12 1 1 10 100 12 1 1 1 10 12 1 1 8 1 10 100 12 1 1 1 10 12 1 10 12 1 1 1 1 1 1 1 1 1 1 1 1 1 1 1 1 1 1 1 1 1 1
ciMethod java/util/ImmutableCollections$MapN probe (Ljava/lang/Object;)I 770 274 7662 0 1232
ciMethod java/util/ImmutableCollections$MapN <init> ([Ljava/lang/Object;)V 512 1128 4062 0 0
ciMethod java/util/ImmutableCollections$AbstractImmutableMap <init> ()V 512 0 4051 0 0
ciMethod java/util/ImmutableCollections$ListN <init> ([Ljava/lang/Object;Z)V 18 0 9 0 -1
ciMethod java/util/ImmutableCollections$List12 <init> (Ljava/lang/Object;Ljava/lang/Object;)V 8 0 4 0 -1
ciMethod java/util/ImmutableCollections$List12 <init> (Ljava/lang/Object;)V 154 0 77 0 -1
ciMethod java/util/AbstractSet <init> ()V 514 0 15142 0 0
ciMethod java/util/HashMap getNode (Ljava/lang/Object;)Ljava/util/HashMap$Node; 512 2 5399 0 1224
ciMethod java/util/HashMap hash (Ljava/lang/Object;)I 512 0 22900 0 0
ciMethod java/util/HashMap <init> ()V 514 0 19749 0 -1
ciMethod java/util/Objects requireNonNull (Ljava/lang/Object;)Ljava/lang/Object; 520 0 169999 0 -1
ciMethod java/util/Objects requireNonNull (Ljava/lang/Object;Ljava/lang/String;)Ljava/lang/Object; 770 0 32345 0 -1
ciMethod java/util/Deque removeLast ()Ljava/lang/Object; 0 0 1 0 -1
ciMethod java/util/Deque addLast (Ljava/lang/Object;)V 0 0 1 0 -1
ciMethod java/util/Deque isEmpty ()Z 0 0 1 0 -1
ciMethod java/util/concurrent/ConcurrentMap get (Ljava/lang/Object;)Ljava/lang/Object; 0 0 1 0 -1
ciMethod java/util/concurrent/ConcurrentMap putAll (Ljava/util/Map;)V 0 0 1 0 -1
ciMethod java/util/concurrent/ConcurrentHashMap tabAt ([Ljava/util/concurrent/ConcurrentHashMap$Node;I)Ljava/util/concurrent/ConcurrentHashMap$Node; 512 0 5379 0 96
ciMethod java/util/concurrent/ConcurrentHashMap spread (I)I 512 0 16729 0 0
ciMethod java/util/AbstractMap <init> ()V 512 0 26716 0 80
ciMethod java/util/function/BiFunction apply (Ljava/lang/Object;Ljava/lang/Object;)Ljava/lang/Object; 0 0 1 0 -1
ciMethod jdk/internal/misc/Unsafe getReferenceAcquire (Ljava/lang/Object;J)Ljava/lang/Object; 530 0 118294 0 -1
ciMethod java/util/Arrays copyOfRange ([BII)[B 530 0 5551 0 976
ciMethod jdk/internal/util/ArraysSupport hashCodeOfUnsigned ([BIII)I 54 0 2745 0 0
ciMethod jdk/internal/util/ArraysSupport vectorizedHashCode (Ljava/lang/Object;IIII)I 768 0 2747 0 -1
ciMethod java/lang/Math floorMod (II)I 512 0 9026 0 0
ciMethod java/lang/Math min (II)I 566 0 52088 0 -1
ciMethod java/util/Map$Entry getKey ()Ljava/lang/Object; 0 0 1 0 -1
ciMethod java/util/Map$Entry getValue ()Ljava/lang/Object; 0 0 1 0 -1
ciMethod java/util/Iterator next ()Ljava/lang/Object; 0 0 1 0 -1
ciMethod java/util/Iterator hasNext ()Z 0 0 1 0 -1
ciMethod java/util/Set iterator ()Ljava/util/Iterator; 0 0 1 0 -1
ciMethod java/lang/Comparable compareTo (Ljava/lang/Object;)I 0 0 1 0 -1
ciMethod java/lang/String trim ()Ljava/lang/String; 524 0 45482 0 1200
ciMethod java/lang/String isLatin1 ()Z 780 0 421681 0 0
ciMethod java/lang/String checkBoundsOffCount (III)I 512 0 15712 0 0
ciMethod java/lang/String rangeCheck ([CII)Ljava/lang/Void; 430 0 3997 0 0
ciMethod java/lang/String valueOf (Ljava/lang/Object;)Ljava/lang/String; 20 0 19662 0 128
ciMethod java/lang/String <init> ([CII)V 176 0 3999 0 0
ciMethod java/lang/String <init> ([BB)V 512 0 16838 0 97
ciMethod java/lang/String <init> (Ljava/lang/AbstractStringBuilder;Ljava/lang/Void;)V 120 0 5707 0 1456
ciMethod java/lang/String <init> ([CIILjava/lang/Void;)V 512 0 4167 0 0
ciMethod java/util/Map get (Ljava/lang/Object;)Ljava/lang/Object; 0 0 1 0 -1
ciMethod java/util/Map put (Ljava/lang/Object;Ljava/lang/Object;)Ljava/lang/Object; 0 0 1 0 -1
ciMethod java/util/Map of (Ljava/lang/Object;Ljava/lang/Object;Ljava/lang/Object;Ljava/lang/Object;Ljava/lang/Object;Ljava/lang/Object;)Ljava/util/Map; 408 0 2017 0 0
ciMethod java/lang/Object getClass ()Ljava/lang/Class; 256 0 128 0 -1
ciMethod java/lang/Object <init> ()V 902 0 578686 0 80
ciInstanceKlass org/example/loadtest/Config 1 1 69 10 7 12 1 1 1 9 7 12 1 1 1 9 12 1 9 12 1 1 9 12 1 9 12 1 9 12 1 8 1 8 1 8 1 8 1 18 12 1 1 1 1 1 1 1 1 1 1 1 100 1 1 1 1 8 1 15 10 7 12 1 1 1 100 1 100 1 1
ciInstanceKlass org/example/loadtest/ServerApp 1 1 333 10 100 12 1 1 1 10 7 12 1 1 1 9 7 12 1 1 1 10 7 12 1 1 1 9 12 1 10 12 1 9 12 1 1 10 12 1 8 1 9 7 12 1 1 1 18 12 1 1 10 12 1 1 8 1 18 10 12 1 1 10 7 12 1 1 1 7 1 8 1 11 12 1 1 10 7 12 1 1 1 8 1 9 7 12 1 1 1 7 1 10 7 12 1 1 1 10 12 1 10 7 12 1 1 1 10 7 12 1 1 18 12 1 1 9 12 1 1 7 1 9 7 12 1 1 1 9 12 1 10 7 12 1 1 1 10 12 1 1 10 12 1 1 8 1 10 7 12 1 1 8 1 11 12 1 1 10 12 1 10 10 12 1 1 10 12 1 10 12 1 7 1 10 10 12 1 1 8 1 7 1 11 12 1 1 11 7 12 1 1 1 11 12 1 1 7 1 10 12 1 1 10 12 1 1 10 7 1 10 12 1 8 1 10 7 12 1 1 8 1 8 1 10 7 12 1 1 11 12 1 10 12 1 10 7 12 1 1 9 12 1 10 12 1 1 10 12 1 10 8 1 10 7 12 1 1 1 1 1 1 1 1 1 1 1 1 1 1 1 1 1 1 1 1 1 1 1 1 1 1 100 1 1 100 1 1 1 1 1 1 1 1 1 1 1 1 1 1 1 1 1 1 16 1 15 10 12 15 10 12 8 1 15 10 7 12 1 1 1 15 10 7 12 1 1 1 1 100 1 100 1 1
staticfield org/example/loadtest/ServerApp GSON Lcom/google/gson/Gson; com/google/gson/Gson
staticfield org/example/loadtest/ServerApp DATA_FILE Ljava/nio/file/Path; sun/nio/fs/WindowsPath
ciInstanceKlass com/google/gson/JsonPrimitive 1 1 254 10 10 9 100 10 7 10 10 10 10 7 7 100 10 100 8 10 10 10 10 10 100 100 10 8 10 10 10 10 10 10 10 100 10 100 10 10 10 10 10 10 10 10 10 10 10 10 10 10 8 10 10 10 7 10 10 10 10 10 10 10 100 100 100 100 10 7 1 1 1 1 1 1 1 1 1 1 1 1 1 1 1 1 1 1 1 1 1 1 1 1 1 1 1 1 1 1 1 1 1 1 1 1 1 1 1 1 1 1 1 1 1 1 1 1 1 1 1 1 1 1 1 1 1 1 1 1 1 1 1 1 1 1 1 1 1 12 7 12 12 1 12 1 12 12 12 12 1 1 1 12 1 1 12 12 100 1 1 1 12 12 12 12 12 100 12 1 100 12 1 12 12 12 12 12 100 12 12 12 12 12 12 12 12 12 1 12 12 12 1 12 12 12 12 12 12 1 1 1 1 12 1 1 1 1 1 1 1 1 1 1 1 1 1 1 1 1 1 1 1 1 1 1 1 1 1 1 1 1 1 1 1 1 1 1 1 1 1 1 1 1 1 1 1 1 1 1 1 1 1 1 1 1
ciInstanceKlass com/google/gson/JsonSyntaxException 0 0 31 10 10 10 100 100 1 1 1 5 0 1 1 1 1 1 1 1 1 1 1 1 1 1 1 1 12 12 12 1 1
ciInstanceKlass com/google/gson/JsonIOException 0 0 31 10 10 10 100 100 1 1 1 5 0 1 1 1 1 1 1 1 1 1 1 1 1 1 1 1 12 12 12 1 1
ciMethod com/google/gson/stream/JsonWriter <init> (Ljava/io/Writer;)V 508 0 1437 0 0
ciInstanceKlass com/google/gson/JsonObject 1 1 167 10 7 10 9 7 10 10 11 11 11 100 11 100 11 7 10 10 9 10 10 7 10 10 10 10 10 10 10 10 7 10 10 10 1 1 1 1 1 1 1 1 1 1 1 1 1 1 1 1 1 1 1 1 1 100 1 1 1 1 1 1 1 1 1 1 1 1 1 1 100 1 1 100 1 1 100 1 1 1 1 1 1 1 1 1 1 1 1 1 1 1 1 1 1 1 1 1 1 1 1 1 1 1 1 1 1 12 1 12 12 1 12 100 12 12 12 100 1 12 1 12 1 12 12 100 12 12 12 1 12 12 12 12 12 12 12 12 1 12 12 12 1 1 1 1 1 1 1 1 1 1 1 1 1 1 1 1 1 1 1 1 1 1 1 1 1
ciInstanceKlass com/google/gson/Gson 1 1 867 9 9 10 7 9 9 9 9 100 10 9 9 10 10 7 10 9 7 10 9 9 9 9 7 10 9 9 9 9 9 9 9 9 9 9 9 9 9 9 9 9 9 9 7 10 9 11 10 11 9 9 9 9 9 10 9 7 10 9 7 10 9 7 10 10 9 9 7 10 10 7 10 9 9 9 9 7 9 7 9 7 9 9 9 9 9 9 9 9 9 9 9 9 9 9 9 9 7 10 7 10 7 10 9 9 7 10 10 9 100 10 9 7 10 9 7 10 10 10 100 100 10 10 8 10 10 10 9 100 10 7 10 10 7 10 10 8 10 11 7 10 7 7 10 10 11 7 10 11 11 11 11 7 11 10 10 100 8 10 11 10 10 8 10 8 9 10 10 100 10 10 10 10 10 7 10 10 10 10 10 10 100 100 10 10 10 10 9 9 10 10 10 10 10 100 8 10 10 10 10 8 10 7 10 10 7 10 10 10 10 10 7 10 10 10 10 10 10 10 10 100 100 10 100 10 100 10 9 8 10 100 8 10 8 8 8 9 9 9 9 7 1 1 1 1 1 3 1 1 1 1 1 3 1 1 1 1 1 1 1 1 1 1 1 1 1 1 1 1 1 1 1 1 1 1 1 1 1 1 1 1 1 1 1 1 1 1 1 1 1 1 1 1 1 1 1 1 1 1 1 1 1 1 1 1 1 1 1 1 1 1 1 1 1 1 1 1 1 1 1 7 100 7 7 7 100 7 100 1 1 1 1 1 1 1 1 1 1 1 1 1 1 1 1 1 1 1 1 1 1 1 1 1 1 1 1 1 1 1 1 1 1 1 1 1 1 1 1 1 1 1 7 100 7 1 1 1 1 1 1 1 1 1 1 1 1 1 1 1 1 1 1 1 1 1 1 1 1 1 1 1 1 1 1 1 1 1 1 1 1 1 100 1 1 1 1 1 1 1 1 100 1 1 1 1 1 1 100 1 1 1 1 1 1 1 1 1 1 1 1 1 1 1 1 1 1 1 1 1 1 1 1 1 1 1 1 1 1 1 1 1 1 1 1 1 1 1 1 1 1 1 1 12 12 7 12 1 12 12 12 12 1 12 12 12 12 12 1 12 1 12 12 12 12 1 12 12 12 12 12 12 12 12 12 12 12 12 12 12 12 12 12 12 12 1 7 12 12 7 12 12 12 12 12 12 12 12 12 1 12 1 12 1 12 7 12 12 1 12 12 1 12 12 12 12 12 1 12 1 12 1 12 12 12 12 12 12 12 12 7 12 12 7 12 12 12 12 7 12 12 1 12 1 12 1 12 12 1 12 12 12 1 12 12 1 12 1 12 12 1 1 12 1 12 12 12 12 1 1 12 12 1 1 7 12 7 12 1 12 1 1 12 1 12 12 12 12 1 12 12 12 1 1 12 12 12 12 1 12 1 100 12 12 12 1 12 12 12 12 1 12 12 7 12 12 1 1 12 12 12 12 12 12 12 12 12 12 12 1 1 12 12 12 12 1 12 1 12 12 1 12 12 7 12 7 12 1 12 12 12 12 12 12 1 1 1 12 1 12 7 12 1 1 1 12 1 1 1 12 7 12 7 12 12 1 1 1 1 1 1 1 1 1 1 1 1 1 1 1 1 1 1 1 1 1 1 1 1 1 1 1 1 1 1 1 1 1 1 1 1 1 1 1 1 1 1 1 1 1 1 1 1 1 1 1 1 1 1 1 1 1 1 1 1 1 1 1 1 1 1 1 1 1 1 1 1 1 1 1 1 1 1 1 1 1 1 1 1 1 1 1 1 1 1 1 1 1 1 1 1 1 1 1 1 1 1 1 1 1 1 1 1 1 1 1 1 1 1 1 1 1 1 1 1 1 1 1 1 1 1 1 1 1 1 1 1 1 1 1 1 1 1 1 1 1 1 1 1 1 1 1 1 1 1 1 1 1 1 1 1 1 1 1 1 1 1
staticfield com/google/gson/Gson DEFAULT_STRICTNESS Lcom/google/gson/Strictness; 
staticfield com/google/gson/Gson DEFAULT_FORMATTING_STYLE Lcom/google/gson/FormattingStyle; com/google/gson/FormattingStyle
staticfield com/google/gson/Gson DEFAULT_DATE_PATTERN Ljava/lang/String; 
staticfield com/google/gson/Gson DEFAULT_FIELD_NAMING_STRATEGY Lcom/google/gson/FieldNamingStrategy; com/google/gson/FieldNamingPolicy$1
staticfield com/google/gson/Gson DEFAULT_OBJECT_TO_NUMBER_STRATEGY Lcom/google/gson/ToNumberStrategy; com/google/gson/ToNumberPolicy$1
staticfield com/google/gson/Gson DEFAULT_NUMBER_TO_NUMBER_STRATEGY Lcom/google/gson/ToNumberStrategy; com/google/gson/ToNumberPolicy$2
ciInstanceKlass com/google/gson/stream/MalformedJsonException 0 0 31 10 10 10 100 100 1 1 1 5 0 1 1 1 1 1 1 1 1 1 1 1 1 1 1 1 12 12 12 1 1
ciInstanceKlass com/google/gson/JsonNull 0 0 39 10 9 100 10 10 10 100 1 1 1 1 1 1 1 1 1 1 1 1 1 1 1 1 1 1 1 1 1 1 1 12 12 1 100 12 12 1 1
instanceKlass com/google/gson/internal/bind/JsonTreeWriter
ciInstanceKlass com/google/gson/stream/JsonWriter 1 1 452 100 10 9 9 10 9 9 9 8 10 7 9 9 10 10 9 10 10 7 9 8 9 10 8 9 10 8 8 10 9 9 10 7 9 10 10 10 10 10 10 100 8 10 9 100 10 8 10 10 10 10 8 8 8 8 10 10 10 8 8 10 10 10 10 100 8 10 10 10 10 10 10 10 10 10 10 8 10 8 8 10 10 9 10 10 8 10 8 8 10 10 100 8 10 7 7 7 100 100 100 100 100 100 100 9 9 10 10 8 8 10 10 8 8 10 7 8 7 10 10 8 8 8 8 8 8 8 10 7 8 8 8 8 8 7 100 100 1 1 1 1 1 1 1 1 1 1 1 1 1 1 1 1 1 1 1 1 1 1 1 1 1 1 1 1 1 1 1 1 1 1 1 1 1 1 1 1 1 1 1 1 1 1 1 1 1 1 1 1 1 1 1 1 1 1 1 1 1 1 1 1 1 1 1 1 1 1 1 1 1 1 1 1 1 1 1 1 1 1 1 1 1 1 1 100 1 1 1 1 1 1 1 1 1 1 1 1 1 1 1 1 1 1 1 1 1 1 1 1 1 1 1 1 1 1 1 1 1 1 1 12 12 12 12 12 12 12 1 7 12 1 12 12 12 12 12 12 12 1 12 1 12 12 1 12 12 1 1 12 12 12 12 1 12 12 12 12 12 12 12 1 1 12 12 1 1 12 12 12 100 12 1 1 1 1 12 12 12 1 1 12 12 12 12 1 1 12 12 12 12 12 12 12 12 1 12 1 1 12 12 12 7 12 100 12 1 12 1 1 12 12 1 1 1 1 1 1 1 1 1 1 1 1 12 12 12 12 1 1 12 12 1 1 12 1 1 1 12 12 1 1 1 1 1 1 1 7 12 1 1 1 1 1 1 1 1 1 1 1 1 1 1 1 1 1 1 1 1 1 1 1 1 1 1 1 1 1 1 1 1 1 1 1 1 1 1 1 1 1 1 1 1 1 1 1 1 1 1 1 1 1 1 1 1 1 1 1 1 1 1 1
staticfield com/google/gson/stream/JsonWriter VALID_JSON_NUMBER_PATTERN Ljava/util/regex/Pattern; java/util/regex/Pattern
staticfield com/google/gson/stream/JsonWriter REPLACEMENT_CHARS [Ljava/lang/String; 128 [Ljava/lang/String;
staticfield com/google/gson/stream/JsonWriter HTML_SAFE_REPLACEMENT_CHARS [Ljava/lang/String; 128 [Ljava/lang/String;
instanceKlass com/google/gson/internal/bind/JsonTreeReader
ciInstanceKlass com/google/gson/stream/JsonReader 1 1 586 7 10 10 9 9 7 9 9 9 9 9 9 9 9 100 7 9 9 8 10 7 9 9 10 10 10 10 8 8 8 8 9 9 9 9 9 9 9 9 9 9 100 10 10 10 8 10 8 8 10 10 8 10 100 8 10 8 10 10 8 8 8 8 8 8 8 9 10 10 5 0 5 0 5 0 9 9 10 10 8 9 10 10 8 8 8 10 10 10 100 10 8 10 10 10 10 100 8 8 10 10 8 10 10 10 10 10 8 8 10 10 8 10 10 10 8 10 10 100 10 10 3 8 10 8 10 100 8 10 8 10 10 8 10 8 8 10 8 10 10 8 8 8 8 8 100 8 8 10 10 10 8 8 8 8 10 7 10 9 7 100 1 1 1 1 1 1 3 1 3 1 3 1 3 1 3 1 3 1 3 1 3 1 3 1 3 1 3 1 3 1 3 1 3 1 3 1 3 1 3 1 3 1 1 1 1 1 1 1 1 1 1 1 1 1 3 1 1 1 1 1 1 1 1 1 1 1 1 1 1 1 1 1 1 1 1 1 1 1 1 1 1 1 1 1 7 1 1 1 1 1 1 1 1 1 1 1 1 1 100 1 1 1 1 1 1 1 1 1 1 1 1 1 1 1 1 1 1 1 1 1 1 1 1 1 1 1 100 1 1 1 1 1 1 1 1 1 1 1 1 1 1 1 1 1 1 1 1 1 1 1 1 1 1 1 1 1 1 1 1 1 1 1 1 1 1 1 1 1 1 1 1 1 1 1 1 1 1 1 1 1 1 1 1 1 1 1 1 1 1 1 1 1 1 1 1 1 7 1 1 1 1 1 1 1 1 1 1 12 12 12 12 1 12 12 12 12 12 12 12 12 1 1 12 12 1 7 12 1 12 12 12 12 12 12 1 1 1 1 12 12 12 12 12 12 12 12 12 12 1 12 12 1 12 1 1 12 12 1 12 1 1 12 1 12 12 1 1 1 1 1 1 1 12 12 12 12 12 12 12 1 12 12 12 1 1 1 100 12 12 12 1 1 12 12 12 12 1 1 1 12 1 12 100 12 12 12 12 1 1 12 100 12 1 12 12 12 1 100 12 12 100 12 12 1 12 1 12 1 1 1 12 100 12 1 12 1 1 12 1 12 12 1 1 1 1 1 1 1 1 100 12 12 1 1 1 1 12 1 7 12 1 1 1 1 1 1 1 1 1 1 1 1 1 1 1 1 1 1 1 1 1 1 1 1 1 1 1 1 1 1 1 1 1 1 1 1 1 1 1 1 1 1 1 1 1 1 1 1 1 1 1 1 1 1 1 1 1 1 1 1 1 1 1 1
ciInstanceKlass com/google/gson/internal/bind/JsonTreeReader 0 0 342 9 10 100 9 9 100 9 9 10 9 10 10 100 10 9 10 9 100 10 11 9 10 9 100 11 9 11 100 10 9 10 9 10 9 100 10 100 9 9 100 8 10 100 100 10 8 10 10 10 8 10 10 8 10 8 10 100 11 8 11 10 10 10 10 10 10 10 8 10 10 10 8 8 100 10 9 10 10 10 10 10 10 10 100 10 10 10 8 10 100 10 10 100 100 100 1 1 1 1 1 1 1 1 1 1 1 1 1 1 1 1 1 1 1 1 1 1 1 1 1 1 1 100 1 1 1 1 1 1 1 1 1 1 100 1 1 1 1 1 1 1 1 1 1 1 1 1 1 1 1 1 1 1 1 1 1 1 1 1 1 1 1 1 1 1 1 1 1 1 1 1 1 1 1 1 1 1 1 1 1 1 1 1 1 1 1 1 1 1 1 1 1 1 1 1 1 12 12 1 12 12 1 12 12 12 12 12 12 1 12 12 12 12 1 12 100 12 12 12 1 12 12 12 1 12 12 12 12 12 12 1 12 1 12 12 1 1 12 1 1 1 12 12 100 12 1 12 1 12 1 12 100 1 12 1 12 12 12 12 12 12 100 12 12 1 12 12 12 1 1 1 12 12 12 12 12 12 100 12 12 12 12 12 1 12 1 1 1 1 1 1 1 1 1 1 1 1 1 1 1 1 1 1 1 1 1 1 1 1 1 1 1 1 1 1 1 1 1 1 1 1 1 1 1 1 1 1 1 1 1 1 1 1 1 1 1 1 1 1 1 1
ciInstanceKlass com/google/gson/FormattingStyle 1 1 83 10 8 10 8 8 10 100 8 10 8 8 9 9 9 7 10 8 9 8 8 9 7 1 1 1 1 1 1 1 1 1 1 1 1 1 1 1 7 1 1 1 1 1 1 1 1 1 1 1 1 1 1 12 1 7 12 1 1 12 1 1 12 1 1 12 12 12 1 12 1 12 1 1 12 1 1 1 1 1 1 1 1
staticfield com/google/gson/FormattingStyle COMPACT Lcom/google/gson/FormattingStyle; com/google/gson/FormattingStyle
staticfield com/google/gson/FormattingStyle PRETTY Lcom/google/gson/FormattingStyle; com/google/gson/FormattingStyle
ciInstanceKlass com/google/gson/internal/LazilyParsedNumber 1 1 106 10 9 10 10 100 10 10 10 10 10 10 100 8 10 10 7 10 7 1 1 1 1 1 1 1 1 1 1 1 1 1 1 1 1 1 1 1 1 1 1 1 1 1 1 1 1 100 1 1 1 1 100 1 1 1 1 1 1 1 1 12 12 100 12 100 12 1 100 12 12 100 12 12 100 12 7 12 1 1 12 100 12 1 12 1 1 1 1 1 1 1 1 1 1 1 1 1 1 1 1 1 1 1 1 1
ciInstanceKlass com/google/gson/internal/bind/TypeAdapters 1 1 405 10 100 10 100 10 7 10 7 10 7 10 7 10 7 10 10 9 7 10 9 7 10 10 9 7 9 7 10 9 7 10 9 9 7 10 9 7 10 9 9 7 9 7 10 9 9 7 9 7 10 9 9 7 9 7 10 10 9 7 9 7 10 10 9 7 9 7 10 10 9 7 9 7 10 9 7 10 9 7 10 9 7 10 9 9 7 9 7 10 9 7 10 9 7 10 9 7 10 9 7 9 7 10 9 7 9 7 10 9 7 9 7 10 9 7 9 7 10 9 7 9 7 10 9 7 10 9 7 10 9 7 9 7 10 10 9 7 9 7 10 9 7 7 10 9 7 10 9 7 9 7 10 9 7 9 7 10 9 7 100 100 1 100 1 1 1 1 1 1 1 1 1 1 1 1 1 1 1 1 1 1 1 1 1 1 1 1 1 1 1 1 1 1 1 1 1 1 1 1 1 1 1 1 1 1 1 1 1 1 1 1 1 1 1 1 1 1 1 1 1 1 1 1 1 1 1 1 1 1 1 1 1 1 1 1 1 1 1 1 1 1 1 1 1 1 1 1 1 1 1 1 1 1 1 1 1 1 1 1 1 1 1 1 1 1 1 1 1 1 1 1 1 1 1 1 1 1 12 1 1 12 1 12 1 12 1 1 1 12 12 1 12 12 1 12 1 12 1 12 1 12 12 1 12 12 1 12 1 12 1 12 1 12 1 12 1 12 1 12 1 12 1 12 1 12 1 12 1 12 1 12 1 12 1 12 1 12 1 12 1 12 1 12 1 12 1 12 1 12 1 12 1 12 1 12 1 12 1 12 1 12 1 12 1 12 1 12 1 12 12 1 12 1 12 1 12 1 12 1 12 1 1 12 12 1 12 1 12 1 12 1 12 1 12 1 1 1 1 1 1 1 1 1 1
staticfield com/google/gson/internal/bind/TypeAdapters CLASS Lcom/google/gson/TypeAdapter; com/google/gson/TypeAdapter$1
staticfield com/google/gson/internal/bind/TypeAdapters CLASS_FACTORY Lcom/google/gson/TypeAdapterFactory; com/google/gson/internal/bind/TypeAdapters$31
staticfield com/google/gson/internal/bind/TypeAdapters BIT_SET Lcom/google/gson/TypeAdapter; com/google/gson/TypeAdapter$1
staticfield com/google/gson/internal/bind/TypeAdapters BIT_SET_FACTORY Lcom/google/gson/TypeAdapterFactory; com/google/gson/internal/bind/TypeAdapters$31
staticfield com/google/gson/internal/bind/TypeAdapters BOOLEAN Lcom/google/gson/TypeAdapter; com/google/gson/internal/bind/TypeAdapters$3
staticfield com/google/gson/internal/bind/TypeAdapters BOOLEAN_AS_STRING Lcom/google/gson/TypeAdapter; com/google/gson/internal/bind/TypeAdapters$4
staticfield com/google/gson/internal/bind/TypeAdapters BOOLEAN_FACTORY Lcom/google/gson/TypeAdapterFactory; com/google/gson/internal/bind/TypeAdapters$32
staticfield com/google/gson/internal/bind/TypeAdapters BYTE Lcom/google/gson/TypeAdapter; com/google/gson/internal/bind/TypeAdapters$5
staticfield com/google/gson/internal/bind/TypeAdapters BYTE_FACTORY Lcom/google/gson/TypeAdapterFactory; com/google/gson/internal/bind/TypeAdapters$32
staticfield com/google/gson/internal/bind/TypeAdapters SHORT Lcom/google/gson/TypeAdapter; com/google/gson/internal/bind/TypeAdapters$6
staticfield com/google/gson/internal/bind/TypeAdapters SHORT_FACTORY Lcom/google/gson/TypeAdapterFactory; com/google/gson/internal/bind/TypeAdapters$32
staticfield com/google/gson/internal/bind/TypeAdapters INTEGER Lcom/google/gson/TypeAdapter; com/google/gson/internal/bind/TypeAdapters$7
staticfield com/google/gson/internal/bind/TypeAdapters INTEGER_FACTORY Lcom/google/gson/TypeAdapterFactory; com/google/gson/internal/bind/TypeAdapters$32
staticfield com/google/gson/internal/bind/TypeAdapters ATOMIC_INTEGER Lcom/google/gson/TypeAdapter; com/google/gson/TypeAdapter$1
staticfield com/google/gson/internal/bind/TypeAdapters ATOMIC_INTEGER_FACTORY Lcom/google/gson/TypeAdapterFactory; com/google/gson/internal/bind/TypeAdapters$31
staticfield com/google/gson/internal/bind/TypeAdapters ATOMIC_BOOLEAN Lcom/google/gson/TypeAdapter; com/google/gson/TypeAdapter$1
staticfield com/google/gson/internal/bind/TypeAdapters ATOMIC_BOOLEAN_FACTORY Lcom/google/gson/TypeAdapterFactory; com/google/gson/internal/bind/TypeAdapters$31
staticfield com/google/gson/internal/bind/TypeAdapters ATOMIC_INTEGER_ARRAY Lcom/google/gson/TypeAdapter; com/google/gson/TypeAdapter$1
staticfield com/google/gson/internal/bind/TypeAdapters ATOMIC_INTEGER_ARRAY_FACTORY Lcom/google/gson/TypeAdapterFactory; com/google/gson/internal/bind/TypeAdapters$31
staticfield com/google/gson/internal/bind/TypeAdapters LONG Lcom/google/gson/TypeAdapter; com/google/gson/internal/bind/TypeAdapters$11
staticfield com/google/gson/internal/bind/TypeAdapters FLOAT Lcom/google/gson/TypeAdapter; com/google/gson/internal/bind/TypeAdapters$12
staticfield com/google/gson/internal/bind/TypeAdapters DOUBLE Lcom/google/gson/TypeAdapter; com/google/gson/internal/bind/TypeAdapters$13
staticfield com/google/gson/internal/bind/TypeAdapters CHARACTER Lcom/google/gson/TypeAdapter; com/google/gson/internal/bind/TypeAdapters$14
staticfield com/google/gson/internal/bind/TypeAdapters CHARACTER_FACTORY Lcom/google/gson/TypeAdapterFactory; com/google/gson/internal/bind/TypeAdapters$32
staticfield com/google/gson/internal/bind/TypeAdapters STRING Lcom/google/gson/TypeAdapter; com/google/gson/internal/bind/TypeAdapters$15
staticfield com/google/gson/internal/bind/TypeAdapters BIG_DECIMAL Lcom/google/gson/TypeAdapter; com/google/gson/internal/bind/TypeAdapters$16
staticfield com/google/gson/internal/bind/TypeAdapters BIG_INTEGER Lcom/google/gson/TypeAdapter; com/google/gson/internal/bind/TypeAdapters$17
staticfield com/google/gson/internal/bind/TypeAdapters LAZILY_PARSED_NUMBER Lcom/google/gson/TypeAdapter; com/google/gson/internal/bind/TypeAdapters$18
staticfield com/google/gson/internal/bind/TypeAdapters STRING_FACTORY Lcom/google/gson/TypeAdapterFactory; com/google/gson/internal/bind/TypeAdapters$31
staticfield com/google/gson/internal/bind/TypeAdapters STRING_BUILDER Lcom/google/gson/TypeAdapter; com/google/gson/internal/bind/TypeAdapters$19
staticfield com/google/gson/internal/bind/TypeAdapters STRING_BUILDER_FACTORY Lcom/google/gson/TypeAdapterFactory; com/google/gson/internal/bind/TypeAdapters$31
staticfield com/google/gson/internal/bind/TypeAdapters STRING_BUFFER Lcom/google/gson/TypeAdapter; com/google/gson/internal/bind/TypeAdapters$20
staticfield com/google/gson/internal/bind/TypeAdapters STRING_BUFFER_FACTORY Lcom/google/gson/TypeAdapterFactory; com/google/gson/internal/bind/TypeAdapters$31
staticfield com/google/gson/internal/bind/TypeAdapters URL Lcom/google/gson/TypeAdapter; com/google/gson/internal/bind/TypeAdapters$21
staticfield com/google/gson/internal/bind/TypeAdapters URL_FACTORY Lcom/google/gson/TypeAdapterFactory; com/google/gson/internal/bind/TypeAdapters$31
staticfield com/google/gson/internal/bind/TypeAdapters URI Lcom/google/gson/TypeAdapter; com/google/gson/internal/bind/TypeAdapters$22
staticfield com/google/gson/internal/bind/TypeAdapters URI_FACTORY Lcom/google/gson/TypeAdapterFactory; com/google/gson/internal/bind/TypeAdapters$31
staticfield com/google/gson/internal/bind/TypeAdapters INET_ADDRESS Lcom/google/gson/TypeAdapter; com/google/gson/internal/bind/TypeAdapters$23
staticfield com/google/gson/internal/bind/TypeAdapters INET_ADDRESS_FACTORY Lcom/google/gson/TypeAdapterFactory; com/google/gson/internal/bind/TypeAdapters$34
staticfield com/google/gson/internal/bind/TypeAdapters UUID Lcom/google/gson/TypeAdapter; com/google/gson/internal/bind/TypeAdapters$24
staticfield com/google/gson/internal/bind/TypeAdapters UUID_FACTORY Lcom/google/gson/TypeAdapterFactory; com/google/gson/internal/bind/TypeAdapters$31
staticfield com/google/gson/internal/bind/TypeAdapters CURRENCY Lcom/google/gson/TypeAdapter; com/google/gson/TypeAdapter$1
staticfield com/google/gson/internal/bind/TypeAdapters CURRENCY_FACTORY Lcom/google/gson/TypeAdapterFactory; com/google/gson/internal/bind/TypeAdapters$31
staticfield com/google/gson/internal/bind/TypeAdapters CALENDAR Lcom/google/gson/TypeAdapter; com/google/gson/internal/bind/TypeAdapters$26
staticfield com/google/gson/internal/bind/TypeAdapters CALENDAR_FACTORY Lcom/google/gson/TypeAdapterFactory; com/google/gson/internal/bind/TypeAdapters$33
staticfield com/google/gson/internal/bind/TypeAdapters LOCALE Lcom/google/gson/TypeAdapter; com/google/gson/internal/bind/TypeAdapters$27
staticfield com/google/gson/internal/bind/TypeAdapters LOCALE_FACTORY Lcom/google/gson/TypeAdapterFactory; com/google/gson/internal/bind/TypeAdapters$31
staticfield com/google/gson/internal/bind/TypeAdapters JSON_ELEMENT Lcom/google/gson/TypeAdapter; com/google/gson/internal/bind/TypeAdapters$28
staticfield com/google/gson/internal/bind/TypeAdapters JSON_ELEMENT_FACTORY Lcom/google/gson/TypeAdapterFactory; com/google/gson/internal/bind/TypeAdapters$34
staticfield com/google/gson/internal/bind/TypeAdapters ENUM_FACTORY Lcom/google/gson/TypeAdapterFactory; com/google/gson/internal/bind/TypeAdapters$29
ciInstanceKlass com/google/gson/internal/bind/TypeAdapters$28 1 1 300 10 9 10 10 7 10 10 7 10 7 10 10 7 10 10 10 10 10 10 9 100 100 10 8 10 10 10 10 7 10 10 10 10 7 10 10 10 10 10 11 10 10 11 11 7 10 10 10 10 10 10 10 10 10 10 10 10 10 10 10 10 11 11 10 10 10 10 10 10 11 7 11 7 10 11 10 100 8 10 10 10 7 7 1 1 1 1 1 1 1 1 1 1 1 1 1 1 1 1 100 1 1 1 1 1 1 1 1 1 1 1 1 1 1 1 7 7 1 1 1 1 1 1 1 1 1 1 7 1 1 1 1 1 1 1 100 12 7 12 12 7 12 1 12 1 1 12 12 1 12 12 100 12 12 12 100 12 1 1 1 12 12 12 1 12 12 12 12 1 12 12 12 12 12 12 12 12 12 1 12 7 12 12 12 12 12 12 12 12 12 12 12 12 12 12 12 12 12 12 12 12 12 12 7 100 1 12 1 12 12 12 1 1 100 12 12 1 1 1 1 1 1 1 1 1 1 1 1 1 1 1 1 1 1 1 1 1 1 1 1 1 1 1 1 1 1 1 1 1 1 1 1 1 1 1 1 1 1 1 1 1 1 1 1 1 1 1 1 1 1 1 1 1 1 1 1 1 1 1 1 1 1 1 1 1 1 1 1 1 1 1 1 1 1 1 1 1 1 1
ciInstanceKlass com/google/gson/internal/bind/TypeAdapters$34 1 1 87 9 9 10 10 10 7 10 100 10 8 10 10 8 10 8 10 7 7 100 1 1 1 1 1 1 1 1 1 1 1 1 1 1 1 1 1 1 1 1 1 1 1 7 1 1 1 1 1 1 1 100 12 12 12 12 7 12 12 1 12 1 1 12 12 1 12 1 12 1 1 1 1 1 1 1 1 1 1 1 1 1 1 1 1 1 1
ciInstanceKlass com/google/gson/internal/bind/TypeAdapters$34$1 1 1 103 9 9 10 9 10 10 10 100 100 10 8 10 10 8 10 8 10 10 10 7 7 1 1 1 7 1 1 1 1 1 1 1 1 1 1 1 1 1 1 1 1 1 1 100 1 1 1 1 1 1 1 1 100 1 1 1 1 1 12 12 12 12 12 12 12 7 12 1 1 1 12 12 1 12 1 100 12 12 12 1 1 1 1 1 1 1 1 1 1 1 1 1 1 1 1 1 1 1 1 1 1 1
ciInstanceKlass com/google/gson/JsonArray 1 1 226 10 7 10 9 10 10 7 10 10 10 11 11 7 10 10 10 9 100 10 10 10 10 10 10 10 10 10 10 10 100 100 10 8 10 10 10 10 10 10 10 10 10 10 10 10 10 10 10 10 10 100 10 10 10 10 100 1 1 1 1 1 1 1 1 1 1 1 1 1 1 1 1 1 1 1 1 100 1 1 1 1 100 1 1 1 100 1 1 1 100 1 1 1 100 1 1 1 1 1 1 1 1 1 1 1 1 1 1 1 1 1 1 1 1 1 1 1 1 1 1 1 1 1 1 1 1 1 1 1 1 1 1 1 1 1 1 1 1 1 1 1 1 1 1 1 1 1 1 1 1 1 1 1 1 12 1 12 12 12 1 12 12 12 12 1 12 12 100 12 1 12 12 12 12 12 12 12 12 12 12 12 1 1 1 12 12 12 12 12 12 12 12 12 12 12 12 12 12 12 12 1 12 12 12 12 1 1 1 1 1 1 1 1 1 1 1 1 1 1 1 1 1 1 1 1
ciInstanceKlass org/example/json/Json 1 1 100 10 100 12 1 1 1 7 1 7 1 10 12 1 10 12 1 10 12 1 1 10 100 12 1 1 1 100 1 100 1 8 1 10 12 1 1 10 100 12 1 1 1 18 12 1 1 10 10 12 1 1 7 1 10 10 12 1 1 1 1 1 1 1 1 1 1 1 1 1 1 100 1 1 1 1 1 1 1 1 1 1 1 1 1 1 8 1 15 10 100 12 1 1 1 100 1 100 1 1
ciInstanceKlass org/example/http/HttpMethod 1 1 63 7 1 9 12 1 1 9 12 1 9 12 1 9 12 1 9 12 1 9 12 1 1 10 7 12 1 1 10 7 12 1 1 1 10 12 1 1 8 10 8 8 8 8 10 12 1 1 1 1 1 1 1 1 1 1 1 1 1 1 1 1 1
staticfield org/example/http/HttpMethod GET Lorg/example/http/HttpMethod; org/example/http/HttpMethod
staticfield org/example/http/HttpMethod POST Lorg/example/http/HttpMethod; org/example/http/HttpMethod
staticfield org/example/http/HttpMethod PUT Lorg/example/http/HttpMethod; org/example/http/HttpMethod
staticfield org/example/http/HttpMethod PATCH Lorg/example/http/HttpMethod; org/example/http/HttpMethod
staticfield org/example/http/HttpMethod DELETE Lorg/example/http/HttpMethod; org/example/http/HttpMethod
staticfield org/example/http/HttpMethod $VALUES [Lorg/example/http/HttpMethod; 5 [Lorg/example/http/HttpMethod;
ciInstanceKlass org/example/http/HttpRequest 1 1 68 10 7 12 1 1 1 9 7 12 1 1 1 9 12 1 1 10 7 12 1 1 1 9 12 1 1 9 12 1 9 12 1 10 100 12 1 1 1 11 100 12 1 1 1 1 1 1 1 1 1 1 1 1 1 1 1 1 1 1 1 1 1 1 1 1 1 1
ciInstanceKlass org/example/http/HttpResponse 1 1 74 10 7 12 1 1 1 9 7 12 1 1 1 8 1 9 12 1 1 7 1 10 9 12 1 1 8 1 9 12 1 11 7 12 1 1 1 8 1 8 1 8 1 1 1 1 1 1 1 1 1 1 1 1 1 1 1 1 1 1 100 1 1 1 1 1 1 1 1 1 1 1 1 1
ciInstanceKlass  @bci org/example/loadtest/ServerApp buildServer (Lorg/example/loadtest/Config;)Lorg/example/http/HttpServer; 30 <appendix> member <vmtarget> ; 1 1 26 1 7 1 1 1 1 1 7 1 12 10 12 9 1 1 1 7 1 1 12 10 1 100 1 1
ciInstanceKlass  @bci org/example/loadtest/ServerApp buildServer (Lorg/example/loadtest/Config;)Lorg/example/http/HttpServer; 44 <appendix> member <vmtarget> ; 1 1 26 1 7 1 1 1 1 1 7 1 12 10 12 9 1 1 1 7 1 1 12 10 1 100 1 1
ciInstanceKlass org/example/http/HttpServerImpl 1 1 528 10 7 12 1 1 1 9 7 12 1 1 1 9 12 1 1 9 12 1 1 9 12 1 9 12 1 9 12 1 1 10 7 12 1 1 1 9 12 1 1 7 1 10 12 1 10 12 1 1 10 12 1 1 10 7 12 1 1 1 10 12 1 1 9 12 1 1 10 7 12 1 1 1 8 1 11 7 12 1 1 1 18 12 1 1 11 12 1 1 9 12 1 1 7 1 100 1 18 12 1 1 10 12 1 10 12 1 11 7 12 1 1 10 12 1 10 12 1 1 18 12 1 11 12 1 1 9 100 12 1 1 1 10 12 1 1 18 12 1 10 100 12 1 1 1 10 7 1 10 12 1 1 10 7 12 1 1 1 10 10 12 1 1 10 12 1 1 10 12 1 1 7 1 10 12 1 1 100 1 10 18 3 10 7 12 1 1 1 7 1 10 10 12 1 1 10 12 1 1 9 7 12 1 1 1 10 7 12 1 1 1 10 12 1 1 10 12 1 10 12 1 8 1 10 12 1 1 10 12 1 1 8 1 10 12 1 1 10 12 1 8 1 10 12 1 1 10 12 1 10 12 1 10 12 1 10 7 12 1 1 10 12 1 1 10 12 1 8 1 8 1 10 12 1 10 7 12 1 1 1 8 1 7 1 10 8 1 8 1 11 7 12 1 1 1 8 1 11 12 1 1 100 1 7 1 10 12 1 10 12 1 7 1 10 8 1 10 12 1 1 8 1 10 12 1 1 10 12 1 1 7 1 8 1 8 1 11 12 1 8 1 18 8 1 10 12 1 10 12 1 10 12 1 10 12 1 10 12 1 10 12 1 1 8 1 8 1 10 12 1 1 11 12 1 1 11 7 12 1 1 1 11 7 12 1 1 11 12 1 1 7 1 11 12 1 8 1 11 12 1 10 12 1 10 12 1 10 12 1 10 12 1 1 1 1 1 1 1 1 1 1 1 1 1 1 1 1 1 1 1 1 1 1 1 1 1 1 1 1 1 1 1 1 1 1 1 1 100 1 1 1 1 1 1 1 1 1 1 1 1 1 1 1 1 1 1 1 1 1 1 1 1 1 1 1 1 1 1 1 1 1 1 1 100 1 1 1 1 16 15 10 12 8 1 15 10 12 8 1 8 1 8 1 15 10 7 12 1 1 1 15 10 100 12 1 1 1 100 1 1 1 1 100 1 100 1 1
ciInstanceKlass org/example/json/JsonException 0 0 23 10 100 12 1 1 1 10 12 1 100 1 1 1 1 1 1 1 1 1 1 1 1
ciInstanceKlass org/example/json/JsonParser 1 1 418 10 7 12 1 1 1 9 7 12 1 1 1 10 7 12 1 1 1 9 7 12 1 1 1 10 7 12 1 1 1 10 7 12 1 1 1 10 12 1 1 10 12 1 1 10 12 1 10 12 1 1 10 12 1 1 10 100 12 1 1 1 10 12 1 1 100 1 10 7 12 1 1 18 12 1 1 10 12 1 8 1 10 12 1 1 8 1 8 1 10 100 12 1 1 1 10 12 1 10 7 12 1 1 1 10 12 1 100 1 9 12 1 1 10 12 1 1 7 1 10 9 12 1 9 12 1 9 12 1 10 12 1 1 11 7 12 1 1 1 9 12 1 9 12 1 7 1 10 9 12 1 11 7 12 1 1 1 10 12 1 1 9 100 12 1 1 1 8 1 10 12 1 1 10 100 12 1 1 18 12 1 10 100 12 1 1 10 12 1 9 100 12 1 1 1 100 1 10 12 1 10 12 1 9 10 12 1 1 9 10 12 1 1 9 100 1 10 12 1 1 10 12 1 9 9 100 1 10 12 1 1 10 12 1 9 100 1 10 12 1 1 10 12 1 10 12 1 1 10 12 1 11 12 1 10 100 12 1 1 1 11 12 1 1 10 12 1 1 10 12 1 1 10 12 1 1 10 12 1 1 10 100 12 1 1 10 12 1 1 11 12 1 1 11 100 12 1 1 11 12 100 1 10 12 1 1 10 11 12 10 12 1 10 12 1 100 1 18 10 12 1 10 12 1 18 12 1 10 12 1 1 10 100 12 1 1 1 11 12 1 1 10 12 1 1 1 1 1 1 1 1 1 1 1 1 1 1 1 1 1 1 1 1 1 1 1 1 1 1 1 1 1 1 1 1 1 1 1 1 1 1 1 1 1 1 1 1 1 1 1 1 1 1 1 1 8 1 8 1 8 1 8 1 15 10 100 12 1 1 1 1 1 100 1 100 1 1
ciInstanceKlass org/example/json/JsonTokenizer 1 1 249 10 7 12 1 1 1 9 7 12 1 1 1 9 12 1 10 7 12 1 1 1 9 12 1 1 10 12 1 1 9 12 1 1 7 1 10 10 12 1 1 10 12 1 10 12 1 1 7 1 9 7 12 1 1 1 8 1 10 12 1 11 7 12 1 1 1 9 12 1 8 1 9 12 1 8 1 9 12 1 8 1 9 12 1 8 1 9 12 1 8 1 10 12 1 1 10 12 1 10 12 1 10 7 12 1 1 1 10 12 1 100 1 18 12 1 1 10 12 1 9 12 1 8 1 10 12 1 7 1 10 9 12 1 10 12 1 10 12 1 1 10 100 12 1 1 1 10 12 1 1 10 100 12 1 1 1 8 1 8 1 10 12 1 1 9 12 1 8 1 18 12 1 8 1 9 12 1 9 12 1 11 12 1 1 10 12 1 1 10 12 1 10 12 1 1 10 12 1 18 12 1 1 1 1 1 1 1 1 1 1 1 1 1 1 1 1 1 1 1 1 1 1 1 1 1 1 1 1 8 1 8 1 8 1 15 10 100 12 1 1 1 1 1 100 1 100 1 1
ciInstanceKlass org/example/json/JsonTokenizer$Token 1 1 70 10 7 12 1 1 1 9 7 12 1 1 1 9 12 1 1 18 12 1 1 18 12 1 1 18 12 1 1 1 1 1 1 1 1 1 1 1 1 1 1 1 1 1 1 100 1 1 1 8 1 15 15 15 10 100 12 1 1 1 1 1 100 1 1 100 1 100 1 1
ciInstanceKlass org/example/json/JsonTokenizer$TokenType 1 1 92 7 1 9 12 1 1 9 12 1 9 12 1 9 12 1 9 12 1 9 12 1 9 12 1 9 12 1 9 12 1 9 12 1 9 12 1 9 12 1 1 10 7 12 1 1 10 7 12 1 1 1 10 12 1 1 8 10 8 8 8 8 8 8 8 8 8 8 10 12 1 1 1 1 1 1 1 1 1 1 1 1 1 1 1 1 1 1 100 1 1 1
staticfield org/example/json/JsonTokenizer$TokenType STRING Lorg/example/json/JsonTokenizer$TokenType; org/example/json/JsonTokenizer$TokenType
staticfield org/example/json/JsonTokenizer$TokenType NUMBER Lorg/example/json/JsonTokenizer$TokenType; org/example/json/JsonTokenizer$TokenType
staticfield org/example/json/JsonTokenizer$TokenType BOOLEAN Lorg/example/json/JsonTokenizer$TokenType; org/example/json/JsonTokenizer$TokenType
staticfield org/example/json/JsonTokenizer$TokenType NULL Lorg/example/json/JsonTokenizer$TokenType; org/example/json/JsonTokenizer$TokenType
staticfield org/example/json/JsonTokenizer$TokenType OBJECT_START Lorg/example/json/JsonTokenizer$TokenType; org/example/json/JsonTokenizer$TokenType
staticfield org/example/json/JsonTokenizer$TokenType OBJECT_END Lorg/example/json/JsonTokenizer$TokenType; org/example/json/JsonTokenizer$TokenType
staticfield org/example/json/JsonTokenizer$TokenType ARRAY_START Lorg/example/json/JsonTokenizer$TokenType; org/example/json/JsonTokenizer$TokenType
staticfield org/example/json/JsonTokenizer$TokenType ARRAY_END Lorg/example/json/JsonTokenizer$TokenType; org/example/json/JsonTokenizer$TokenType
staticfield org/example/json/JsonTokenizer$TokenType COLON Lorg/example/json/JsonTokenizer$TokenType; org/example/json/JsonTokenizer$TokenType
staticfield org/example/json/JsonTokenizer$TokenType COMMA Lorg/example/json/JsonTokenizer$TokenType; org/example/json/JsonTokenizer$TokenType
staticfield org/example/json/JsonTokenizer$TokenType EOF Lorg/example/json/JsonTokenizer$TokenType; org/example/json/JsonTokenizer$TokenType
staticfield org/example/json/JsonTokenizer$TokenType $VALUES [Lorg/example/json/JsonTokenizer$TokenType; 11 [Lorg/example/json/JsonTokenizer$TokenType;
ciInstanceKlass org/example/json/JsonParser$1 1 1 56 10 7 12 1 1 1 9 7 12 1 1 1 9 12 1 1 10 12 1 1 100 1 9 12 1 9 12 1 9 12 1 9 12 1 9 12 1 100 1 1 1 1 1 1 1 1 1 1 100 1 1 1 100 1 1
staticfield org/example/json/JsonParser$1 $SwitchMap$org$example$json$JsonTokenizer$TokenType [I 11
ciInstanceKlass org/example/json/JsonSerializer 1 1 253 10 7 12 1 1 1 7 1 10 10 7 12 1 1 1 10 12 1 1 8 1 10 12 1 1 7 1 10 12 1 7 1 7 1 10 12 1 1 7 1 10 12 1 1 100 1 10 12 1 1 10 12 1 1 10 100 12 1 1 1 10 12 1 10 12 1 10 12 1 10 12 1 1 8 1 8 1 8 1 8 1 8 1 8 1 8 1 8 1 10 100 12 1 1 1 10 12 1 1 11 12 1 1 11 7 12 1 1 1 11 7 12 1 1 11 12 1 1 7 1 11 12 1 10 12 1 11 12 1 11 10 100 12 1 1 1 10 12 1 1 100 1 10 10 12 1 1 10 100 12 1 1 1 11 100 12 1 1 1 10 12 1 11 100 1 10 12 1 1 10 12 1 10 12 1 100 1 100 1 18 12 1 1 10 12 1 1 1 1 1 1 1 1 1 1 1 1 1 1 1 1 1 1 1 1 1 1 100 1 1 1 1 1 1 1 1 1 1 1 1 1 1 1 1 1 1 1 1 1 1 1 1 1 1 1 1 1 8 1 15 10 100 12 1 1 1 1 100 1 100 1 1
ciInstanceKlass com/google/gson/reflect/TypeToken 1 1 362 10 10 9 10 9 10 9 10 7 10 8 10 8 10 10 10 100 11 7 11 10 10 100 100 10 8 10 8 10 10 10 8 100 100 8 11 8 11 10 8 8 10 100 11 11 100 11 11 8 10 10 100 10 100 10 10 10 10 10 10 10 10 11 11 10 10 10 10 8 10 10 8 8 8 10 10 10 10 8 8 10 8 10 10 8 8 8 10 11 8 8 10 10 7 1 1 1 1 1 1 1 1 1 1 1 1 1 1 1 1 1 1 1 1 1 1 1 1 1 1 1 1 1 1 1 1 1 1 1 1 100 1 1 1 1 1 1 1 1 1 1 1 1 1 1 1 1 1 1 1 1 1 1 1 1 1 1 1 1 1 1 1 1 1 1 1 1 1 1 1 1 1 100 1 1 1 1 1 1 1 1 1 1 1 1 1 100 1 1 1 1 1 1 1 1 1 1 1 1 1 1 1 1 1 1 1 1 1 1 1 1 1 1 1 1 1 1 1 1 1 12 12 12 7 12 12 12 12 7 12 1 12 1 100 12 1 12 12 12 1 12 1 12 12 12 1 1 1 12 1 100 12 12 12 1 1 1 1 12 1 12 12 1 1 1 12 12 1 12 12 1 12 12 1 12 1 12 12 12 12 12 12 12 100 12 12 12 12 12 12 1 1 1 1 12 12 12 1 1 12 1 12 12 1 1 1 12 12 1 1 12 12 1 1 1 1 1 1 1 1 1 1 1 1 1 1 1 1 1 1 1 1 1 1 1 1 1 1 1 1 1 1 1 1 1 1 1 1 1 1 1 1 1 1 1 1 1 1 1 1 1
ciInstanceKlass com/google/gson/internal/$Gson$Types 1 1 386 10 100 10 100 10 100 10 100 11 7 100 9 10 11 100 7 10 10 10 100 11 11 11 100 11 10 10 10 10 100 9 100 10 8 10 100 100 10 8 10 10 8 10 10 10 10 10 10 10 11 11 10 10 10 10 10 10 10 10 10 10 100 10 100 100 100 100 10 10 11 9 11 10 10 10 100 10 10 10 10 10 10 100 10 10 10 10 10 7 10 1 1 1 1 1 1 1 1 1 1 1 1 1 1 1 1 1 1 1 1 1 1 1 1 1 1 1 1 1 1 1 1 1 1 1 1 1 1 1 1 1 1 1 1 100 1 1 1 1 1 1 1 1 1 1 1 1 1 1 1 1 1 1 1 1 1 1 1 1 1 1 1 1 1 1 1 1 1 1 1 1 1 1 100 1 1 1 1 1 1 1 1 1 1 1 1 1 1 1 1 1 1 1 1 1 1 1 1 1 1 1 1 1 1 1 1 1 1 1 1 1 1 1 1 1 1 1 1 1 1 1 1 1 1 1 1 100 1 1 1 1 1 1 1 1 1 12 1 1 12 1 12 1 12 1 1 12 12 12 1 1 12 12 12 1 12 12 12 1 12 100 12 12 100 12 12 1 12 1 1 12 1 1 1 12 12 1 12 12 100 12 12 12 100 12 12 12 12 12 12 12 12 12 12 12 1 12 1 1 1 1 12 12 100 12 12 12 12 100 12 12 12 12 12 12 12 1 12 12 100 12 12 1 12 1 1 1 1 1 1 1 1 1 1 1 1 1 1 1 1 1 1 1 1 1 1 1 1 1 1 1 1 1 1 1 1 1 1 1 1 1 1 1 1 1 1 1 1 1 1 1 1 1 1 1 1 1 1 1 1 1 1 1 1 1
staticfield com/google/gson/internal/$Gson$Types EMPTY_TYPE_ARRAY [Ljava/lang/reflect/Type; 0 [Ljava/lang/reflect/Type;
staticfield com/google/gson/internal/$Gson$Types $assertionsDisabled Z 1
ciInstanceKlass com/google/gson/Strictness 1 1 52 9 10 100 7 10 10 8 10 9 8 9 8 9 7 1 1 1 1 1 1 1 1 1 1 1 1 1 1 1 1 1 1 1 1 1 1 1 1 12 100 12 1 12 12 12 12 12 1 1 1 1
staticfield com/google/gson/Strictness LENIENT Lcom/google/gson/Strictness; com/google/gson/Strictness
staticfield com/google/gson/Strictness LEGACY_STRICT Lcom/google/gson/Strictness; com/google/gson/Strictness
staticfield com/google/gson/Strictness STRICT Lcom/google/gson/Strictness; com/google/gson/Strictness
staticfield com/google/gson/Strictness $VALUES [Lcom/google/gson/Strictness; 3 [Lcom/google/gson/Strictness;
ciInstanceKlass com/google/gson/stream/JsonToken 1 1 80 9 10 7 7 10 10 8 10 9 8 9 8 9 8 9 8 9 8 9 8 9 8 9 8 9 8 9 7 1 1 1 1 1 1 1 1 1 1 1 1 1 1 1 1 1 1 1 1 1 1 1 1 1 1 1 1 1 1 1 12 7 12 1 12 12 12 12 12 12 12 12 12 12 12 12 1 1 1 1
staticfield com/google/gson/stream/JsonToken BEGIN_ARRAY Lcom/google/gson/stream/JsonToken; com/google/gson/stream/JsonToken
staticfield com/google/gson/stream/JsonToken END_ARRAY Lcom/google/gson/stream/JsonToken; com/google/gson/stream/JsonToken
staticfield com/google/gson/stream/JsonToken BEGIN_OBJECT Lcom/google/gson/stream/JsonToken; com/google/gson/stream/JsonToken
staticfield com/google/gson/stream/JsonToken END_OBJECT Lcom/google/gson/stream/JsonToken; com/google/gson/stream/JsonToken
staticfield com/google/gson/stream/JsonToken NAME Lcom/google/gson/stream/JsonToken; com/google/gson/stream/JsonToken
staticfield com/google/gson/stream/JsonToken STRING Lcom/google/gson/stream/JsonToken; com/google/gson/stream/JsonToken
staticfield com/google/gson/stream/JsonToken NUMBER Lcom/google/gson/stream/JsonToken; com/google/gson/stream/JsonToken
staticfield com/google/gson/stream/JsonToken BOOLEAN Lcom/google/gson/stream/JsonToken; com/google/gson/stream/JsonToken
staticfield com/google/gson/stream/JsonToken NULL Lcom/google/gson/stream/JsonToken; com/google/gson/stream/JsonToken
staticfield com/google/gson/stream/JsonToken END_DOCUMENT Lcom/google/gson/stream/JsonToken; com/google/gson/stream/JsonToken
staticfield com/google/gson/stream/JsonToken $VALUES [Lcom/google/gson/stream/JsonToken; 10 [Lcom/google/gson/stream/JsonToken;
ciInstanceKlass com/google/gson/Gson$FutureTypeAdapter 1 1 75 10 9 100 8 10 100 8 10 10 10 10 7 7 1 1 1 1 1 1 1 1 1 1 1 1 1 1 1 1 1 1 1 1 1 100 1 1 1 1 1 1 1 100 1 1 1 1 1 1 1 1 1 1 1 1 12 12 1 1 12 1 1 12 12 12 12 100 1 1 1 1 1 1 1
ciInstanceKlass com/google/gson/internal/bind/TypeAdapters$42 1 1 52 10 9 9 10 100 9 9 9 9 9 7 100 1 1 1 1 1 1 1 1 1 1 1 100 7 12 12 12 12 1 12 12 12 12 12 1 1 1 1 1 1 1 1 1 1 1 1 1 1 1 1
staticfield com/google/gson/internal/bind/TypeAdapters$42 $SwitchMap$com$google$gson$stream$JsonToken [I 10
ciInstanceKlass com/google/gson/internal/LinkedTreeMap 1 1 325 9 10 10 9 9 9 9 7 10 9 10 9 100 8 10 8 10 9 9 9 10 7 9 11 11 9 9 100 100 10 10 10 10 8 10 10 10 10 11 11 10 10 9 9 10 10 10 10 10 9 100 10 10 10 9 7 10 9 100 10 100 10 100 8 10 7 10 7 10 7 100 1 1 1 100 1 1 1 1 1 1 1 1 1 1 1 1 1 1 1 1 1 1 1 1 1 1 1 1 1 1 1 1 1 1 1 1 1 1 1 1 100 1 1 1 1 1 1 1 100 1 1 1 1 1 1 1 1 1 1 1 1 1 1 1 1 1 1 1 1 1 1 1 1 1 1 1 1 1 1 1 100 1 1 1 1 1 1 1 1 1 1 1 1 1 1 1 1 1 1 1 1 1 1 1 1 1 1 1 1 1 1 1 1 1 1 1 1 1 1 1 1 1 1 1 1 1 1 1 1 1 1 1 1 1 1 1 100 1 1 1 1 100 1 1 1 1 12 12 12 12 12 12 12 1 12 12 12 12 1 1 12 1 12 12 12 12 12 1 12 12 12 12 12 1 1 12 7 12 12 1 12 12 12 12 12 12 100 12 12 12 12 12 12 7 12 12 12 1 12 12 12 1 12 12 1 1 12 1 1 1 12 1 1 1 1 1 1 100 1 1 1 1 1 1 1 1 1 1 1 1 1 1 1 1 1 1 1 1 1 1 1 1 1 1 1 1 1 1 1 1 1 1 1
staticfield com/google/gson/internal/LinkedTreeMap NATURAL_ORDER Ljava/util/Comparator; com/google/gson/internal/LinkedTreeMap$1
staticfield com/google/gson/internal/LinkedTreeMap $assertionsDisabled Z 1
ciInstanceKlass com/google/gson/internal/LinkedTreeMap$1 1 1 38 10 11 100 10 100 7 100 1 1 1 1 1 1 1 1 1 1 1 1 1 1 1 1 1 1 1 100 12 12 1 12 1 1 1 1 1 1
ciInstanceKlass com/google/gson/internal/LinkedTreeMap$Node 1 1 119 10 9 9 9 9 9 9 9 100 8 10 100 11 10 11 10 100 10 10 8 10 10 9 9 7 7 1 1 1 1 1 1 1 1 1 1 1 1 1 1 1 1 1 1 1 1 1 1 1 1 1 1 1 1 1 1 1 1 1 1 1 1 1 1 1 1 1 1 1 1 1 1 1 1 1 1 1 1 1 1 1 1 1 1 12 12 12 12 12 12 12 12 1 1 12 100 1 12 12 12 12 1 12 1 12 12 12 12 100 1 1 1 1 1 1 1 1 1
ciInstanceKlass com/google/gson/internal/Primitives 1 1 64 10 100 10 7 7 7 7 7 7 7 7 7 9 9 9 9 9 9 9 9 9 100 100 1 1 1 1 1 1 1 1 1 1 1 1 1 1 1 1 1 1 1 1 1 1 1 12 1 12 1 1 1 1 1 1 1 1 1 12 1 1 1 1
ciInstanceKlass com/google/gson/internal/Streams 1 1 102 10 100 10 10 9 10 100 100 9 100 10 100 100 100 10 100 10 7 100 10 100 100 100 1 1 1 1 1 1 1 1 1 1 1 1 1 1 1 1 1 1 1 1 1 1 1 100 1 100 1 1 1 1 1 1 1 1 1 1 1 1 12 1 12 7 12 7 12 1 1 100 12 1 12 1 1 1 1 12 1 1 12 1 1 1 1 1 1 1 1 1 1 1 1 1 1 1 1 1 1 1
ciInstanceKlass com/google/gson/internal/Streams$AppendableWriter 0 0 88 10 100 10 9 9 10 11 11 10 11 10 10 100 100 1 1 1 1 1 1 1 1 1 1 1 1 1 1 1 1 1 1 1 1 1 1 100 1 1 1 1 1 1 1 1 1 1 1 1 1 1 1 1 1 1 1 1 1 12 1 12 12 12 12 100 12 12 100 12 12 12 12 100 1 1 1 100 1 1 1 1 1 1 1 1 1 1
ciInstanceKlass com/google/gson/internal/LinkedTreeMap$EntrySet 1 1 70 9 10 9 7 10 100 10 10 10 7 7 1 1 1 1 1 1 1 1 1 1 1 1 1 1 1 1 1 1 1 1 1 1 1 1 1 1 1 100 1 1 1 1 1 1 1 1 12 12 100 12 1 12 100 1 12 12 12 1 1 1 1 1 1 1 1 1 1 1
ciInstanceKlass com/google/gson/internal/LinkedTreeMap$EntrySet$1 1 1 57 9 9 10 10 10 7 7 1 7 1 1 1 1 1 1 1 1 1 1 1 1 100 1 1 1 1 1 1 1 1 1 1 12 12 12 12 12 12 1 100 1 1 100 1 1 1 1 1 1 1 100 1 1 1 1 1
ciInstanceKlass java/io/StringReader 1 1 81 10 7 12 1 1 1 10 12 1 1 9 7 12 1 1 1 9 12 1 1 10 12 1 1 10 12 1 10 12 1 1 10 12 1 1 10 12 1 1 10 12 1 10 12 1 100 1 100 1 10 12 1 1 1 1 1 1 1 1 1 1 100 1 100 1 1 1 1 1 1 1 100 1 1 1 1 1 1 1 1
ciInstanceKlass java/io/EOFException 0 0 26 10 100 12 1 1 1 10 12 1 100 1 1 1 1 5 0 1 1 1 1 1 1 1 1 1
ciInstanceKlass java/lang/IllegalStateException 0 0 35 10 100 12 1 1 1 10 12 1 10 12 1 10 12 1 100 1 1 1 1 5 0 1 1 1 1 1 1 1 1 1 1 1 1
ciInstanceKlass java/lang/AssertionError 0 0 79 10 100 12 1 1 1 10 12 1 10 100 12 1 1 1 10 100 1 100 1 10 12 1 1 10 12 1 10 12 1 10 12 1 10 12 1 10 12 1 10 12 1 10 12 1 1 1 1 5 0 1 1 1 1 1 1 1 1 1 1 100 1 1 1 1 1 1 1 1 1 1 1 1 1 1 1 1 1
ciInstanceKlass java/lang/UnsupportedOperationException 0 0 34 10 100 12 1 1 1 10 12 1 10 12 1 10 12 1 100 1 1 1 1 5 0 1 1 1 1 1 1 1 1 1 1 1
ciInstanceKlass java/io/StringWriter 1 1 119 10 7 12 1 1 1 7 1 10 9 7 12 1 1 1 9 12 1 1 100 1 8 1 10 12 1 10 12 1 10 12 1 1 10 100 12 1 1 1 10 12 1 10 12 1 10 12 1 10 7 12 1 1 1 10 12 1 8 1 11 100 12 1 1 1 10 12 1 10 12 10 12 1 1 10 12 1 10 12 1 1 1 1 1 1 1 1 1 1 1 1 1 1 1 1 1 1 1 1 1 1 1 1 1 1 1 1 100 1 1 1 1 1 1 1 1 1 1
ciInstanceKlass sun/nio/ch/SocketOptionRegistry$RegistryKey 1 1 49 10 7 12 1 1 1 9 7 12 1 1 1 9 12 1 1 11 7 12 1 1 1 11 7 1 1 1 1 1 1 1 1 1 1 1 1 1 1 1 1 1 1 1 1 100 1 1 1
ciInstanceKlass java/util/NoSuchElementException 0 0 34 10 100 12 1 1 1 10 12 1 10 12 1 10 12 1 100 1 1 1 1 5 0 1 1 1 1 1 1 1 1 1 1 1
ciInstanceKlass java/io/Reader$2 1 1 148 9 7 12 1 1 1 10 7 12 1 1 1 9 12 1 1 9 12 1 9 12 1 1 100 1 8 1 10 12 1 10 12 1 11 7 12 1 1 1 11 12 1 1 10 7 12 1 1 1 10 7 12 1 1 1 10 12 1 1 18 12 1 1 7 1 10 12 1 1 7 1 10 7 1 10 7 1 10 12 1 1 10 12 1 10 12 1 100 1 8 1 10 1 1 1 1 1 1 1 1 1 1 1 1 1 1 1 1 1 1 1 1 1 1 1 100 1 1 1 1 1 1 1 1 1 1 1 1 1 1 12 1 1 1 1 15 10 7 12 1 1 1 100 1 100 1 1
ciInstanceKlass java/util/ConcurrentModificationException 0 0 34 10 100 12 1 1 1 10 12 1 10 12 1 10 12 1 100 1 1 1 1 5 0 1 1 1 1 1 1 1 1 1 1 1
ciInstanceKlass jdk/internal/math/FloatingDecimal 1 1 491 100 1 7 1 100 1 10 100 12 1 1 1 10 12 1 1 11 100 12 1 1 1 10 12 1 11 12 1 1 10 12 1 1 11 7 12 1 1 1 11 12 1 1 9 12 1 1 10 100 12 1 1 1 7 1 10 12 1 10 100 12 1 1 1 5 0 5 0 5 0 9 12 1 1 9 12 1 9 12 1 9 12 1 9 12 1 10 100 12 1 1 1 5 0 10 12 1 1 10 12 1 1 10 12 1 1 10 100 12 1 1 1 3 3 3 10 100 12 1 1 3 10 7 12 1 1 10 12 1 1 100 1 8 1 10 12 1 10 12 1 1 9 12 1 1 8 1 10 12 1 1 9 12 1 1 9 12 1 8 1 9 12 1 9 12 1 10 12 1 8 1 3 9 12 1 9 12 1 7 1 10 12 1 100 1 100 1 10 8 1 10 12 1 1 8 1 10 12 1 9 100 12 1 1 1 10 100 12 1 1 1 10 100 12 1 1 1 10 12 1 1 8 1 10 12 1 1 10 12 1 1 8 1 8 1 10 12 1 1 5 0 10 12 1 5 0 5 0 5 0 5 0 100 1 8 1 10 12 1 5 0 5 0 5 0 5 0 8 1 5 0 5 0 5 0 5 0 9 12 1 1 10 10 12 1 1 5 0 5 0 5 0 10 12 1 1 7 1 10 12 1 10 12 1 10 12 1 10 100 12 1 1 1 8 1 10 12 1 10 7 12 1 1 7 1 10 12 1 8 1 10 12 1 7 1 10 6 0 4 6 0 4 6 0 4 6 0 4 1 1 3 1 1 1 5 0 1 3 1 3 1 3 1 3 1 3 1 3 1 3 1 3 1 1 3 1 3 1 3 1 3 1 3 1 1 1 1 1 1 1 1 1 1 1 1 1 1 1 1 1 1 1 1 1 1 1 1 1 1 1 1 1 1 1 1 1 1 1 1 1 1 1 1 1 1 1 1 1 1 1 1 1 1 1 1 1 1 1 1 1 1 1 100 1 1 1 1 1 1 1 1 1 1 1 1 1 1 1 1 1 1 1 1 1 1 1 1 1 1 1 1 1 1 1 1 1 1 1 1 1 1 1 1 1 1 1 1 1 1 1
staticfield jdk/internal/math/FloatingDecimal INFINITY_LENGTH I 8
staticfield jdk/internal/math/FloatingDecimal NAN_LENGTH I 3
staticfield jdk/internal/math/FloatingDecimal B2AC_POSITIVE_INFINITY Ljdk/internal/math/FloatingDecimal$BinaryToASCIIConverter; jdk/internal/math/FloatingDecimal$ExceptionalBinaryToASCIIBuffer
staticfield jdk/internal/math/FloatingDecimal B2AC_NEGATIVE_INFINITY Ljdk/internal/math/FloatingDecimal$BinaryToASCIIConverter; jdk/internal/math/FloatingDecimal$ExceptionalBinaryToASCIIBuffer
staticfield jdk/internal/math/FloatingDecimal B2AC_NOT_A_NUMBER Ljdk/internal/math/FloatingDecimal$BinaryToASCIIConverter; jdk/internal/math/FloatingDecimal$ExceptionalBinaryToASCIIBuffer
staticfield jdk/internal/math/FloatingDecimal B2AC_POSITIVE_ZERO Ljdk/internal/math/FloatingDecimal$BinaryToASCIIConverter; jdk/internal/math/FloatingDecimal$BinaryToASCIIBuffer
staticfield jdk/internal/math/FloatingDecimal B2AC_NEGATIVE_ZERO Ljdk/internal/math/FloatingDecimal$BinaryToASCIIConverter; jdk/internal/math/FloatingDecimal$BinaryToASCIIBuffer
staticfield jdk/internal/math/FloatingDecimal threadLocalBinaryToASCIIBuffer Ljava/lang/ThreadLocal; jdk/internal/math/FloatingDecimal$1
staticfield jdk/internal/math/FloatingDecimal A2BC_POSITIVE_INFINITY Ljdk/internal/math/FloatingDecimal$ASCIIToBinaryConverter; jdk/internal/math/FloatingDecimal$PreparedASCIIToBinaryBuffer
staticfield jdk/internal/math/FloatingDecimal A2BC_NEGATIVE_INFINITY Ljdk/internal/math/FloatingDecimal$ASCIIToBinaryConverter; jdk/internal/math/FloatingDecimal$PreparedASCIIToBinaryBuffer
staticfield jdk/internal/math/FloatingDecimal A2BC_NOT_A_NUMBER Ljdk/internal/math/FloatingDecimal$ASCIIToBinaryConverter; jdk/internal/math/FloatingDecimal$PreparedASCIIToBinaryBuffer
staticfield jdk/internal/math/FloatingDecimal A2BC_POSITIVE_ZERO Ljdk/internal/math/FloatingDecimal$ASCIIToBinaryConverter; jdk/internal/math/FloatingDecimal$PreparedASCIIToBinaryBuffer
staticfield jdk/internal/math/FloatingDecimal A2BC_NEGATIVE_ZERO Ljdk/internal/math/FloatingDecimal$ASCIIToBinaryConverter; jdk/internal/math/FloatingDecimal$PreparedASCIIToBinaryBuffer
staticfield jdk/internal/math/FloatingDecimal $assertionsDisabled Z 1
ciInstanceKlass jdk/internal/math/FloatingDecimal$ASCIIToBinaryBuffer 1 1 319 7 1 10 7 12 1 1 1 9 7 12 1 1 1 9 12 1 1 9 12 1 1 9 12 1 10 7 12 1 1 1 5 0 9 12 1 9 12 1 1 100 1 6 0 6 0 9 12 1 10 12 1 1 6 0 6 0 6 0 9 12 1 6 0 100 1 10 12 1 10 12 1 1 10 12 1 10 12 1 1 10 12 1 100 1 5 0 5 0 9 12 1 100 1 10 12 1 10 100 12 1 1 1 10 12 1 10 12 1 1 10 12 1 1 10 12 1 1 10 12 1 1 10 12 1 10 12 1 5 0 5 0 5 0 10 12 1 1 9 12 1 9 12 1 1 100 1 4 4 4 4 4 10 12 1 1 10 12 1 1 100 1 3 3 10 12 1 10 100 12 1 1 10 12 3 3 10 12 1 1 10 7 12 1 1 1 6 0 6 0 6 0 6 0 6 0 6 0 6 0 6 0 6 0 6 0 6 0 6 0 6 0 6 0 6 0 6 0 6 0 6 0 6 0 6 0 6 0 6 0 4 4 4 4 4 4 4 4 4 4 6 0 6 0 6 0 6 0 6 0 6 0 6 0 6 0 6 0 100 1 1 1 1 1 1 1 1 1 1 1 1 1 1 1 1 1 1 1 1 1 1 1 1 1 1 1 1 1 1 1 1 1 1 1 1 1 1 1 1 1 1 1 1 1 1 1 1 1 1 1 1 1 1 1 1 1 1 1
staticfield jdk/internal/math/FloatingDecimal$ASCIIToBinaryBuffer SMALL_10_POW [D 23
staticfield jdk/internal/math/FloatingDecimal$ASCIIToBinaryBuffer SINGLE_SMALL_10_POW [F 11
staticfield jdk/internal/math/FloatingDecimal$ASCIIToBinaryBuffer BIG_10_POW [D 5
staticfield jdk/internal/math/FloatingDecimal$ASCIIToBinaryBuffer TINY_10_POW [D 5
staticfield jdk/internal/math/FloatingDecimal$ASCIIToBinaryBuffer MAX_SMALL_TEN I 22
staticfield jdk/internal/math/FloatingDecimal$ASCIIToBinaryBuffer SINGLE_MAX_SMALL_TEN I 10
staticfield jdk/internal/math/FloatingDecimal$ASCIIToBinaryBuffer $assertionsDisabled Z 1
ciMethodData java/lang/Object <init> ()V 2 578235 orig 80 0 0 0 0 0 0 0 0 0 0 0 0 0 0 0 0 0 0 0 0 0 0 0 0 0 0 0 0 0 0 0 0 0 0 0 0 0 0 0 0 0 0 0 0 0 0 0 0 0 0 0 0 0 0 0 0 0 0 0 0 0 0 0 0 0 0 0 0 0 0 0 0 0 0 0 0 0 0 0 0 data 4 0x0 0x9 0x1 0x0 oops 0 methods 0
ciMethodData java/lang/String hashCode ()I 2 5148 orig 80 0 0 0 0 0 0 0 0 0 0 0 0 0 0 0 0 0 0 0 0 0 0 0 0 0 0 0 0 0 0 0 0 0 0 0 0 0 0 0 0 0 0 0 0 0 0 0 0 0 0 0 0 0 0 0 0 0 0 0 0 0 0 0 0 0 0 0 0 0 0 0 0 0 0 0 0 0 0 0 0 data 41 0x60007 0xaa3 0x100 0x974 0xd0007 0x4 0xe0 0x971 0x110005 0x0 0x1a75902aa78 0x971 0x0 0x0 0x140007 0x0 0x48 0x971 0x1b0002 0x971 0x1e0003 0x97f 0x28 0x250002 0x0 0x2a0007 0x97b 0x38 0x0 0x320003 0x0 0x18 0x0 0x0 0x0 0x0 0x0 0x0 0x9 0x1 0x0 oops 1 10 java/lang/String methods 0
ciMethodData java/lang/String isLatin1 ()Z 2 421291 orig 80 0 0 0 0 0 0 0 0 0 0 0 0 0 0 0 0 0 0 0 0 0 0 0 0 0 0 0 0 0 0 0 0 0 0 0 0 0 0 0 0 0 0 0 0 0 0 0 0 0 0 0 0 0 0 0 0 0 0 0 0 0 0 0 0 0 0 0 0 0 0 0 0 0 0 0 0 0 0 0 0 data 18 0x30007 0x0 0x58 0x67031 0xa0007 0x7 0x38 0x6704d 0xe0003 0x670e4 0x18 0x0 0x0 0x0 0x0 0x9 0x1 0x0 oops 0 methods 0
ciMethodData java/lang/StringLatin1 hashCode ([B)I 2 2420 orig 80 0 0 0 0 0 0 0 0 0 0 0 0 0 0 0 0 0 0 0 0 0 0 0 0 0 0 0 0 0 0 0 0 0 0 0 0 0 0 0 0 0 0 0 0 0 0 0 0 0 0 0 0 0 0 0 0 0 0 0 0 0 0 0 0 0 0 0 0 0 0 0 0 0 0 0 0 0 0 0 0 data 11 0x50002 0x974 0x0 0x0 0x0 0x0 0x0 0x0 0x9 0x1 0x0 oops 0 methods 0
ciMethodData jdk/internal/util/ArraysSupport hashCodeOfUnsigned ([BIII)I 2 2718 orig 80 0 0 0 0 0 0 0 0 0 0 0 0 0 0 0 0 0 0 0 0 0 0 0 0 0 0 0 0 0 0 0 0 0 0 0 0 0 0 0 0 0 0 0 0 0 0 0 0 0 0 0 0 0 0 0 0 0 0 0 0 0 0 0 0 0 0 0 0 0 0 0 0 0 0 0 0 0 0 0 0 data 30 0x10008 0x6 0xa9d 0x80 0x0 0x40 0x1 0x58 0x1d0003 0x0 0x50 0x270002 0x1 0x2b0003 0x1 0x28 0x330002 0xa9f 0x0 0x0 0x0 0x0 0x0 0x0 0x9 0x4 0x0 0x0 0x0 0x0 oops 0 methods 0
ciMethodData java/lang/Byte toUnsignedInt (B)I 2 29039 orig 80 0 0 0 0 0 0 0 0 0 0 0 0 0 0 0 0 0 0 0 0 0 0 0 0 0 0 0 0 0 0 0 0 0 0 0 0 0 0 0 0 0 0 0 0 0 0 0 0 0 0 0 0 0 0 0 0 0 0 0 0 0 0 0 0 0 0 0 0 0 0 0 0 0 0 0 0 0 0 0 0 data 4 0x0 0x9 0x1 0x0 oops 0 methods 0
ciMethodData java/util/Objects requireNonNull (Ljava/lang/Object;)Ljava/lang/Object; 2 169739 orig 80 0 0 0 0 0 0 0 0 0 0 0 0 0 0 0 0 0 0 0 0 0 0 0 0 0 0 0 0 0 0 0 0 0 0 0 0 0 0 0 0 0 0 0 0 0 0 0 0 0 0 0 0 0 0 0 0 0 0 0 0 0 0 0 0 0 0 0 0 0 0 0 0 0 0 0 0 0 0 0 0 data 15 0x10007 0x2972c 0x30 0x0 0x80002 0x0 0x0 0x0 0x0 0x0 0x0 0x0 0x9 0x1 0x0 oops 0 methods 0
ciMethodData java/util/concurrent/ConcurrentHashMap spread (I)I 2 16473 orig 80 0 0 0 0 0 0 0 0 0 0 0 0 0 0 0 0 0 0 0 0 0 0 0 0 0 0 0 0 0 0 0 0 0 0 0 0 0 0 0 0 0 0 0 0 0 0 0 0 0 0 0 0 0 0 0 0 0 0 0 0 0 0 0 0 0 0 0 0 0 0 0 0 0 0 0 0 0 0 0 0 data 5 0x0 0x0 0x9 0x1 0x0 oops 0 methods 0
ciMethodData java/util/concurrent/ConcurrentHashMap tabAt ([Ljava/util/concurrent/ConcurrentHashMap$Node;I)Ljava/util/concurrent/ConcurrentHashMap$Node; 2 5123 orig 80 0 0 0 0 0 0 0 0 0 0 0 0 0 0 0 0 0 0 0 0 0 0 0 0 0 0 0 0 0 0 0 0 0 0 0 0 0 0 0 0 0 0 0 0 0 0 0 0 0 0 0 0 0 0 0 0 0 0 0 0 0 0 0 0 0 0 0 0 0 0 0 0 0 0 0 0 0 0 0 0 data 25 0xf000b 0x1c 0x1a75902d7a8 0x13e5 0x0 0x0 0x2 0x1 0x1a75ba8bc18 0x120104 0x0 0x1a75ba8bb68 0xa06 0x1a75ba9b0b0 0x150 0x0 0x0 0x0 0x0 0x0 0x0 0x9 0x2 0x0 0x0 oops 4 2 jdk/internal/misc/Unsafe 8 [Ljava/util/concurrent/ConcurrentHashMap$Node; 11 java/util/concurrent/ConcurrentHashMap$Node 13 java/util/concurrent/ConcurrentHashMap$ForwardingNode methods 0
ciMethodData java/lang/AbstractStringBuilder ensureCapacityInternal (I)V 2 5589 orig 80 0 0 0 0 0 0 0 0 0 0 0 0 0 0 0 0 0 0 0 0 0 0 0 0 0 0 0 0 0 0 0 0 0 0 0 0 0 0 0 0 0 0 0 0 0 0 0 0 0 0 0 0 0 0 0 0 0 0 0 0 0 0 0 0 0 0 0 0 0 0 0 0 0 0 0 0 0 0 0 0 data 22 0xe0007 0x1305 0x60 0x2d0 0x180005 0x2d0 0x0 0x0 0x0 0x0 0x200002 0x2cf 0x0 0x0 0x0 0x0 0x0 0x0 0x9 0x2 0xc 0x0 oops 0 methods 0
ciMethodData java/lang/AbstractStringBuilder isLatin1 ()Z 2 22278 orig 80 0 0 0 0 0 0 0 0 0 0 0 0 0 0 0 0 0 0 0 0 0 0 0 0 0 0 0 0 0 0 0 0 0 0 0 0 0 0 0 0 0 0 0 0 0 0 0 0 0 0 0 0 0 0 0 0 0 0 0 0 0 0 0 0 0 0 0 0 0 0 0 0 0 0 0 0 0 0 0 0 data 18 0x30007 0x0 0x58 0x5708 0xa0007 0x0 0x38 0x5706 0xe0003 0x5706 0x18 0x0 0x0 0x0 0x0 0x9 0x1 0x0 oops 0 methods 0
ciMethodData java/lang/String equals (Ljava/lang/Object;)Z 2 5155 orig 80 0 0 0 0 0 0 0 0 0 0 0 0 0 0 0 0 0 0 0 0 0 0 0 0 0 0 0 0 0 0 0 0 0 0 0 0 0 0 0 0 0 0 0 0 0 0 0 0 0 0 0 0 0 0 0 0 0 0 0 0 0 0 0 0 0 0 0 0 0 0 0 0 0 0 0 0 0 0 0 0 data 47 0x20007 0x124e 0x20 0x1d5 0x80104 0x0 0x1a75902aa78 0x1245 0x0 0x0 0xb0007 0x3 0xd8 0x1245 0xf0004 0x0 0x1a75902aa78 0x1247 0x0 0x0 0x160007 0x0 0x40 0x1249 0x210007 0x0 0x68 0x1248 0x2c0002 0x1249 0x2f0007 0x342 0x38 0xf0d 0x330003 0xf0e 0x18 0x0 0x0 0x0 0x0 0x0 0x0 0x9 0x2 0x0 0x0 oops 2 6 java/lang/String 16 java/lang/String methods 0
ciMethodData java/util/concurrent/ConcurrentHashMap get (Ljava/lang/Object;)Ljava/lang/Object; 2 5130 orig 80 0 0 0 0 0 0 0 0 0 0 0 0 0 0 0 0 0 0 0 0 0 0 0 0 0 0 0 0 0 0 0 0 0 0 0 0 0 0 0 0 0 0 0 0 0 0 0 0 0 0 0 0 0 0 0 0 0 0 0 0 0 0 0 0 0 0 0 0 0 0 0 0 0 0 0 0 0 0 0 0 data 97 0x10005 0xb3 0x1a75ba8dc90 0x318 0x1a75902aa78 0x103b 0x40002 0x140a 0xf0007 0xc 0x278 0x13fa 0x170007 0x0 0x258 0x1401 0x220002 0x1401 0x270007 0xae8 0x228 0x918 0x330007 0x194 0xb0 0x782 0x3e0007 0x4fb 0x90 0x288 0x430007 0x0 0xf8 0x288 0x490005 0xb 0x1a75ba8dc90 0x116 0x1a75902aa78 0x167 0x4c0007 0x0 0xa8 0x289 0x560007 0x194 0x88 0x0 0x5d0005 0x0 0x0 0x0 0x0 0x0 0x630007 0x0 0x38 0x0 0x6b0003 0x0 0x18 0x760007 0x13f 0xd0 0x89 0x7f0007 0x34 0xffffffffffffffe0 0x55 0x8a0007 0x21 0x90 0x34 0x8f0007 0x0 0xffffffffffffffa0 0x34 0x950005 0x0 0x1a75902aa78 0x17 0x1a75ba8dc90 0x1d 0x980007 0x0 0xffffffffffffff50 0x34 0x0 0x0 0x0 0x0 0x0 0x0 0x9 0x2 0x0 0x0 oops 6 2 jdk/internal/util/StrongReferenceKey 4 java/lang/String 36 jdk/internal/util/StrongReferenceKey 38 java/lang/String 79 java/lang/String 81 jdk/internal/util/StrongReferenceKey methods 0
ciMethodData java/lang/StringBuilder <init> ()V 2 29155 orig 80 0 0 0 0 0 0 0 0 0 0 0 0 0 0 0 0 0 0 0 0 0 0 0 0 0 0 0 0 0 0 0 0 0 0 0 0 0 0 0 0 0 0 0 0 0 0 0 0 0 0 0 0 0 0 0 0 0 0 0 0 0 0 0 0 0 0 0 0 0 0 0 0 0 0 0 0 0 0 0 0 data 7 0x30002 0x71ed 0x0 0x0 0x9 0x1 0x0 oops 0 methods 0
ciMethodData java/lang/AbstractStringBuilder <init> (I)V 2 5131 orig 80 0 0 0 0 0 0 0 0 0 0 0 0 0 0 0 0 0 0 0 0 0 0 0 0 0 0 0 0 0 0 0 0 0 0 0 0 0 0 0 0 0 0 0 0 0 0 0 0 0 0 0 0 0 0 0 0 0 0 0 0 0 0 0 0 0 0 0 0 0 0 0 0 0 0 0 0 0 0 0 0 data 21 0x10002 0x140b 0x70007 0x0 0x38 0x1407 0x160003 0x1401 0x28 0x1b0002 0x0 0x0 0x0 0x0 0x0 0x0 0x0 0x9 0x2 0xc 0x0 oops 0 methods 0
ciMethodData java/lang/AbstractStringBuilder append (Ljava/lang/String;)Ljava/lang/AbstractStringBuilder; 2 5192 orig 80 0 0 0 0 0 0 0 0 0 0 0 0 0 0 0 0 0 0 0 0 0 0 0 0 0 0 0 0 0 0 0 0 0 0 0 0 0 0 0 0 0 0 0 0 0 0 0 0 0 0 0 0 0 0 0 0 0 0 0 0 0 0 0 0 0 0 0 0 0 0 0 0 0 0 0 0 0 0 0 0 data 38 0x10007 0x1448 0x50 0x0 0x50005 0x0 0x0 0x0 0x0 0x0 0xa0005 0x83 0x1a75902aa78 0x13cd 0x0 0x0 0x150005 0x143e 0x0 0x0 0x0 0x0 0x1e0005 0x1457 0x0 0x0 0x0 0x0 0x0 0x0 0x0 0x0 0x0 0x0 0x9 0x2 0xe 0x0 oops 1 12 java/lang/String methods 0
ciMethodData java/lang/StringBuilder toString ()Ljava/lang/String; 2 31104 orig 80 0 0 0 0 0 0 0 0 0 0 0 0 0 0 0 0 0 0 0 0 0 0 0 0 0 0 0 0 0 0 0 0 0 0 0 0 0 0 0 0 0 0 0 0 0 0 0 0 0 0 0 0 0 0 0 0 0 0 0 0 0 0 0 0 0 0 0 0 0 0 0 0 0 0 0 0 0 0 0 0 data 21 0x10005 0x101 0x1a75902d688 0x7876 0x0 0x0 0x40007 0x7972 0x20 0x0 0x100002 0x793f 0x0 0x0 0x0 0x0 0x0 0x0 0x9 0x1 0x0 oops 1 2 java/lang/StringBuilder methods 0
ciMethodData java/lang/StringBuilder length ()I 2 36705 orig 80 0 0 0 0 0 0 0 0 0 0 0 0 0 0 0 0 0 0 0 0 0 0 0 0 0 0 0 0 0 0 0 0 0 0 0 0 0 0 0 0 0 0 0 0 0 0 0 0 0 0 0 0 0 0 0 0 0 0 0 0 0 0 0 0 0 0 0 0 0 0 0 0 0 0 0 0 0 0 0 0 data 7 0x10002 0x8f74 0x0 0x0 0x9 0x1 0x0 oops 0 methods 0
ciMethodData java/lang/String <init> (Ljava/lang/AbstractStringBuilder;Ljava/lang/Void;)V 2 5647 orig 80 2 0 0 0 0 0 0 0 0 0 0 0 0 0 0 0 0 0 0 0 0 0 0 0 0 0 0 0 0 0 0 0 0 0 0 4 0 0 0 0 0 0 0 0 0 0 0 0 0 0 0 0 0 0 0 0 0 0 0 0 0 0 0 0 0 0 0 0 0 0 0 0 0 0 0 0 0 0 0 0 data 54 0x10002 0x1610 0x50005 0x2ea 0x1a75902d688 0x1328 0x0 0x0 0xa0005 0x0 0x1a75902d688 0x15a1 0x1a75902d548 0x77 0x100005 0x2ef 0x1a75902d688 0x132a 0x0 0x0 0x130007 0x0 0x48 0x1615 0x200002 0x1615 0x260003 0x1623 0x88 0x2c0007 0x0 0x60 0x0 0x330007 0x0 0x40 0x0 0x3b0002 0x0 0x480002 0x0 0x5b0002 0x0 0x80000004000a000d 0x1a75c2e0c78 0x0 0x0 0x0 0x0 0x9 0x3 0xc 0xffffffffffffffff 0x0 oops 4 4 java/lang/StringBuilder 10 java/lang/StringBuilder 12 java/lang/StringBuffer 16 java/lang/StringBuilder methods 1 44 java/lang/String <init> (Ljava/lang/AbstractStringBuilder;Ljava/lang/Void;)V
ciMethodData java/lang/AbstractStringBuilder append (C)Ljava/lang/AbstractStringBuilder; 2 6386 orig 80 0 0 0 0 0 0 0 0 0 0 0 0 0 0 0 0 0 0 0 0 0 0 0 0 0 0 0 0 0 0 0 0 0 0 0 0 0 0 0 0 0 0 0 0 0 0 0 0 0 0 0 0 0 0 0 0 0 0 0 0 0 0 0 0 0 0 0 0 0 0 0 0 0 0 0 0 0 0 0 0 data 53 0x70005 0x18f5 0x0 0x0 0x0 0x0 0xb0005 0x8d 0x1a75902d688 0x1871 0x0 0x0 0xe0007 0x0 0x68 0x18f8 0x120002 0x18f9 0x150007 0x0 0x38 0x18f3 0x2a0003 0x18f3 0xa8 0x2e0005 0x0 0x0 0x0 0x0 0x0 0x310007 0x0 0x50 0x0 0x350005 0x0 0x0 0x0 0x0 0x0 0x480002 0x0 0x0 0x0 0x0 0x0 0x0 0x0 0x9 0x2 0xe 0x0 oops 1 8 java/lang/StringBuilder methods 0
ciMethodData java/lang/AbstractStringBuilder inflate ()V 1 0 orig 80 0 0 0 0 0 0 0 0 0 0 0 0 0 0 0 0 0 0 0 0 0 0 0 0 0 0 0 0 0 0 0 0 0 0 0 0 0 0 0 0 0 0 0 0 0 0 0 0 0 0 0 0 0 0 0 0 0 0 0 0 0 0 0 0 0 0 0 0 0 0 0 0 0 0 0 0 0 0 0 0 data 23 0x10005 0x0 0x0 0x0 0x0 0x0 0x40007 0x0 0x20 0x0 0xd0002 0x0 0x1c0002 0x0 0x0 0x0 0x0 0x0 0x0 0x0 0x9 0x1 0xc oops 0 methods 0
ciMethodData java/util/Arrays copyOfRange ([BII)[B 2 5286 orig 80 0 0 0 0 0 0 0 0 0 0 0 0 0 0 0 0 0 0 0 0 0 0 0 0 0 0 0 0 0 0 0 0 0 0 0 0 0 0 0 0 0 0 0 0 0 0 0 0 0 0 0 0 0 0 0 0 0 0 0 0 0 0 0 0 0 0 0 0 0 0 0 0 0 0 0 0 0 0 0 0 data 67 0x10007 0x9b1 0xa0 0xaf6 0x70007 0x88c 0x80 0x26a 0xb0005 0x0 0x0 0x0 0x0 0x0 0xe0004 0x0 0x0 0x0 0x0 0x0 0x170007 0x123e 0x100 0x0 0x220002 0x0 0x260005 0x0 0x0 0x0 0x0 0x0 0x2c0005 0x0 0x0 0x0 0x0 0x0 0x300005 0x0 0x0 0x0 0x0 0x0 0x330005 0x0 0x0 0x0 0x0 0x0 0x360002 0x0 0x490002 0x1233 0x4c0002 0x1235 0x0 0x0 0x0 0x0 0x0 0x0 0x9 0x3 0x0 0x0 0x0 oops 0 methods 0
ciMethodData jdk/internal/util/Preconditions checkFromIndexSize (IIILjava/util/function/BiFunction;)I 2 57252 orig 80 0 0 0 0 0 0 0 0 0 0 0 0 0 0 0 0 0 0 0 0 0 0 0 0 0 0 0 0 0 0 0 0 0 0 0 0 0 0 0 0 0 0 0 0 0 0 0 0 0 0 0 0 0 0 0 0 0 0 0 0 0 0 0 0 0 0 0 0 0 0 0 0 0 0 0 0 0 0 0 0 data 22 0x50007 0x0 0x40 0xdf94 0xc0007 0xdf9f 0x30 0x0 0x130002 0x0 0x0 0x0 0x0 0x0 0x0 0x0 0x9 0x4 0x0 0x0 0x0 0xffffffffffffffff oops 0 methods 0
ciMethodData jdk/internal/util/Preconditions outOfBoundsCheckFromIndexSize (Ljava/util/function/BiFunction;III)Ljava/lang/RuntimeException; 1 0 orig 80 0 0 0 0 0 0 0 0 0 0 0 0 0 0 0 0 0 0 0 0 0 0 0 0 0 0 0 0 0 0 0 0 0 0 0 0 0 0 0 0 0 0 0 0 0 0 0 0 0 0 0 0 0 0 0 0 0 0 0 0 0 0 0 0 0 0 0 0 0 0 0 0 0 0 0 0 0 0 0 0 data 38 0xa0002 0x0 0xd0004 0x0 0x0 0x0 0x0 0x0 0x110002 0x0 0x140004 0x0 0x0 0x0 0x0 0x0 0x180002 0x0 0x1b0004 0x0 0x0 0x0 0x0 0x0 0x1c0002 0x0 0x0 0x0 0x0 0x0 0x0 0x0 0x9 0x4 0xffffffffffffffff 0x0 0x0 0x0 oops 0 methods 0
ciMethodData java/lang/String checkBoundsOffCount (III)I 2 15456 orig 80 0 0 0 0 0 0 0 0 0 0 0 0 0 0 0 0 0 0 0 0 0 0 0 0 0 0 0 0 0 0 0 0 0 0 0 0 0 0 0 0 0 0 0 0 0 0 0 0 0 0 0 0 0 0 0 0 0 0 0 0 0 0 0 0 0 0 0 0 0 0 0 0 0 0 0 0 0 0 0 0 data 13 0x60002 0x3c66 0x0 0x0 0x0 0x0 0x0 0x0 0x9 0x3 0x0 0x0 0x0 oops 0 methods 0
ciMethodData java/lang/String <init> ([BB)V 2 16582 orig 80 0 0 0 0 0 0 0 0 0 0 0 0 0 0 0 0 0 0 0 0 0 0 0 0 0 0 0 0 0 0 0 0 0 0 0 0 0 0 0 0 0 0 0 0 0 0 0 0 0 0 0 0 0 0 0 0 0 0 0 0 0 0 0 0 0 0 0 0 0 0 0 0 0 0 0 0 0 0 0 0 data 11 0x10002 0x40cd 0x0 0x0 0x0 0x0 0x9 0x3 0xc 0x0 0x0 oops 0 methods 0
ciMethodData java/lang/String isEmpty ()Z 2 38692 orig 80 0 0 0 0 0 0 0 0 0 0 0 0 0 0 0 0 0 0 0 0 0 0 0 0 0 0 0 0 0 0 0 0 0 0 0 0 0 0 0 0 0 0 0 0 0 0 0 0 0 0 0 0 0 0 0 0 0 0 0 0 0 0 0 0 0 0 0 0 0 0 0 0 0 0 0 0 0 0 0 0 data 14 0x50007 0x7d51 0x38 0x19c2 0x90003 0x19c2 0x18 0x0 0x0 0x0 0x0 0x9 0x1 0x0 oops 0 methods 0
ciMethodData java/util/Objects requireNonNull (Ljava/lang/Object;Ljava/lang/String;)Ljava/lang/Object; 2 31965 orig 80 0 0 0 0 0 0 0 0 0 0 0 0 0 0 0 0 0 0 0 0 0 0 0 0 0 0 0 0 0 0 0 0 0 0 0 0 0 0 0 0 0 0 0 0 0 0 0 0 0 0 0 0 0 0 0 0 0 0 0 0 0 0 0 0 0 0 0 0 0 0 0 0 0 0 0 0 0 0 0 0 data 16 0x10007 0x7cd9 0x30 0x0 0x90002 0x0 0x0 0x0 0x0 0x0 0x0 0x0 0x9 0x2 0x0 0x0 oops 0 methods 0
ciMethodData java/lang/StringLatin1 newString ([BII)Ljava/lang/String; 2 5444 orig 80 0 0 0 0 0 0 0 0 0 0 0 0 0 0 0 0 0 0 0 0 0 0 0 0 0 0 0 0 0 0 0 0 0 0 0 0 0 0 0 0 0 0 0 0 0 0 0 0 0 0 0 0 0 0 0 0 0 0 0 0 0 0 0 0 0 0 0 0 0 0 0 0 0 0 0 0 0 0 0 0 data 19 0x10007 0x14c1 0x20 0x85 0x100002 0x14b5 0x140002 0x14c1 0x0 0x0 0x0 0x0 0x0 0x0 0x9 0x3 0x0 0x0 0x0 oops 0 methods 0
ciMethod java/io/Reader of (Ljava/lang/CharSequence;)Ljava/io/Reader; 510 0 1433 0 0
ciMethod java/io/Reader <init> ()V 512 0 2868 0 0
instanceKlass java/io/Reader$2
instanceKlass java/io/StringReader
ciInstanceKlass java/io/Reader 1 1 183 100 1 10 12 1 1 10 7 12 1 1 1 7 1 10 12 1 10 7 1 9 7 12 1 1 1 9 12 1 1 100 1 10 10 100 12 1 1 1 100 1 10 10 12 1 10 12 1 1 10 12 1 1 10 12 1 10 100 12 1 1 1 10 12 1 10 12 1 1 10 12 1 10 12 1 10 12 1 1 100 1 8 1 10 12 1 5 0 10 12 1 1 100 1 8 1 10 8 1 8 1 10 12 1 10 100 12 1 1 1 100 1 5 0 10 12 1 100 1 100 1 100 1 1 1 1 3 1 1 1 1 1 1 1 1 1 1 1 1 1 1 1 1 1 1 1 1 1 1 1 1 1 100 1 1 1 1 1 1 1 1 100 1 1 1 1 1 1 1 1 1 1 1 1 1 1 1 1 1 1 1 1
ciMethod java/io/StringReader <init> (Ljava/lang/String;)V 512 0 1434 0 0
ciMethod java/lang/IllegalStateException <init> (Ljava/lang/String;)V 0 0 1 0 -1
ciMethodData java/util/HashMap hash (Ljava/lang/Object;)I 2 22644 orig 80 0 0 0 0 0 0 0 0 0 0 0 0 0 0 0 0 0 0 0 0 0 0 0 0 0 0 0 0 0 0 0 0 0 0 0 0 0 0 0 0 0 0 0 0 0 0 0 0 0 0 0 0 0 0 0 0 0 0 0 0 0 0 0 0 0 0 0 0 0 0 0 0 0 0 0 0 0 0 0 0 data 22 0x10007 0x5878 0x38 0x0 0x50003 0x0 0x48 0x90005 0x57b6 0x1a75902ead8 0x54 0x1a75b2bcf28 0x6a 0x0 0x0 0x0 0x0 0x0 0x0 0x9 0x1 0xffffffffffffffff oops 2 9 java/lang/Integer 11 java/util/jar/Attributes$Name methods 0
ciMethodData java/util/HashMap getNode (Ljava/lang/Object;)Ljava/util/HashMap$Node; 2 5143 orig 80 0 0 0 0 0 0 0 0 0 0 0 0 0 0 0 0 0 0 0 0 0 0 0 0 0 0 0 0 0 0 0 0 0 0 0 0 0 0 0 0 0 0 0 0 0 0 0 0 0 0 0 0 0 0 0 0 0 0 0 0 0 0 0 0 0 0 0 0 0 0 0 0 0 0 0 0 0 0 0 0 data 98 0x60007 0x35 0x2c0 0x13e3 0xe0007 0x0 0x2a0 0x13e0 0x170002 0x13e0 0x210007 0x29f 0x270 0x1145 0x2a0007 0x41 0xb0 0x110b 0x350007 0x283 0x90 0xe81 0x390007 0x0 0x70 0xe82 0x3f0005 0x0 0x1a75902aa78 0xc19 0x1a75b3a9248 0x26b 0x420007 0x0 0x20 0xe89 0x4e0007 0x3e 0x1a0 0x3 0x520004 0x0 0x1a75b3a92f8 0x1 0x1a75b3a4390 0x2 0x550007 0x3 0x80 0x0 0x590004 0x0 0x0 0x0 0x0 0x0 0x5f0005 0x0 0x0 0x0 0x0 0x0 0x6a0007 0x1 0xb0 0x2 0x760007 0x1 0x90 0x1 0x7a0007 0x0 0x70 0x1 0x800005 0x0 0x1a75902aa78 0x1 0x0 0x0 0x830007 0x0 0x20 0x1 0x910007 0x0 0xffffffffffffff50 0x1 0x0 0x0 0x0 0x0 0x0 0x0 0x9 0x2 0x0 0xffffffffffffffff oops 5 28 java/lang/String 30 sun/nio/ch/SocketOptionRegistry$RegistryKey 42 java/util/LinkedHashMap$Entry 44 java/util/HashMap$Node 76 java/lang/String methods 0
ciMethod java/io/StringWriter <init> ()V 512 0 1437 0 0
ciMethod java/io/StringWriter write (I)V 512 0 5382 0 1879
ciMethod java/io/StringWriter write (Ljava/lang/String;)V 522 0 5889 0 2079
ciMethod java/io/StringWriter append (Ljava/lang/CharSequence;)Ljava/io/StringWriter; 516 0 3056 0 0
ciMethod java/io/StringWriter toString ()Ljava/lang/String; 512 0 1438 0 0
ciMethod java/io/StringWriter append (Ljava/lang/CharSequence;)Ljava/io/Writer; 516 0 3056 0 0
ciMethodData java/lang/StringUTF16 coderFromArrayLen ([BI)B 2 4081 orig 80 0 0 0 0 0 0 0 0 0 0 0 0 0 0 0 0 0 0 0 0 0 0 0 0 0 0 0 0 0 0 0 0 0 0 0 0 0 0 0 0 0 0 0 0 0 0 0 0 0 0 0 0 0 0 0 0 0 0 0 0 0 0 0 0 0 0 0 0 0 0 0 0 0 0 0 0 0 0 0 0 data 7 0x0 0x0 0x0 0x9 0x2 0x0 0x0 oops 0 methods 0
ciMethodData java/util/ArrayList <init> ()V 2 17065 orig 80 0 0 0 0 0 0 0 0 0 0 0 0 0 0 0 0 0 0 0 0 0 0 0 0 0 0 0 0 0 0 0 0 0 0 0 0 0 0 0 0 0 0 0 0 0 0 0 0 0 0 0 0 0 0 0 0 0 0 0 0 0 0 0 0 0 0 0 0 0 0 0 0 0 0 0 0 0 0 0 0 data 9 0x10002 0x42ad 0x0 0x0 0x0 0x0 0x9 0x1 0x0 oops 0 methods 0
ciMethodData java/util/AbstractList <init> ()V 2 29847 orig 80 0 0 0 0 0 0 0 0 0 0 0 0 0 0 0 0 0 0 0 0 0 0 0 0 0 0 0 0 0 0 0 0 0 0 0 0 0 0 0 0 0 0 0 0 0 0 0 0 0 0 0 0 0 0 0 0 0 0 0 0 0 0 0 0 0 0 0 0 0 0 0 0 0 0 0 0 0 0 0 0 data 9 0x10002 0x74a0 0x0 0x0 0x0 0x0 0x9 0x1 0x6 oops 0 methods 0
ciMethodData java/util/AbstractCollection <init> ()V 2 46426 orig 80 0 0 0 0 0 0 0 0 0 0 0 0 0 0 0 0 0 0 0 0 0 0 0 0 0 0 0 0 0 0 0 0 0 0 0 0 0 0 0 0 0 0 0 0 0 0 0 0 0 0 0 0 0 0 0 0 0 0 0 0 0 0 0 0 0 0 0 0 0 0 0 0 0 0 0 0 0 0 0 0 data 7 0x10002 0xb570 0x0 0x0 0x9 0x1 0x0 oops 0 methods 0
ciMethodData java/lang/String valueOf (Ljava/lang/Object;)Ljava/lang/String; 2 19652 orig 80 0 0 0 0 0 0 0 0 0 0 0 0 0 0 0 0 0 0 0 0 0 0 0 0 0 0 0 0 0 0 0 0 0 0 0 0 0 0 0 0 0 0 0 0 0 0 0 0 0 0 0 0 0 0 0 0 0 0 0 0 0 0 0 0 0 0 0 0 0 0 0 0 0 0 0 0 0 0 0 0 data 22 0x10007 0x4cb8 0x38 0x0 0x70003 0x0 0x48 0xb0005 0xd7e 0x1a75902aa78 0x381e 0x1a75902e6c8 0x71d 0x0 0x0 0x0 0x0 0x0 0x0 0x9 0x1 0xffffffffffffffff oops 2 9 java/lang/String 11 java/lang/Boolean methods 0
ciMethodData java/lang/Integer valueOf (I)Ljava/lang/Integer; 2 13015 orig 80 0 0 0 0 0 0 0 0 0 0 0 0 0 0 0 0 0 0 0 0 0 0 0 0 0 0 0 0 0 0 0 0 0 0 0 0 0 0 0 0 0 0 0 0 0 0 0 0 0 0 0 0 0 0 0 0 0 0 0 0 0 0 0 0 0 0 0 0 0 0 0 0 0 0 0 0 0 0 0 0 data 17 0x30007 0xa 0x40 0x32c7 0xa0007 0x15b5 0x20 0x1d19 0x1c0002 0x15a6 0x0 0x0 0x0 0x0 0x9 0x1 0x0 oops 0 methods 0
ciMethodData java/lang/Integer <init> (I)V 2 5540 orig 80 0 0 0 0 0 0 0 0 0 0 0 0 0 0 0 0 0 0 0 0 0 0 0 0 0 0 0 0 0 0 0 0 0 0 0 0 0 0 0 0 0 0 0 0 0 0 0 0 0 0 0 0 0 0 0 0 0 0 0 0 0 0 0 0 0 0 0 0 0 0 0 0 0 0 0 0 0 0 0 0 data 10 0x10002 0x15aa 0x0 0x0 0x0 0x0 0x9 0x2 0x6 0x0 oops 0 methods 0
ciMethodData java/lang/Number <init> ()V 2 12432 orig 80 0 0 0 0 0 0 0 0 0 0 0 0 0 0 0 0 0 0 0 0 0 0 0 0 0 0 0 0 0 0 0 0 0 0 0 0 0 0 0 0 0 0 0 0 0 0 0 0 0 0 0 0 0 0 0 0 0 0 0 0 0 0 0 0 0 0 0 0 0 0 0 0 0 0 0 0 0 0 0 0 data 7 0x10002 0x309a 0x0 0x0 0x9 0x1 0x0 oops 0 methods 0
ciMethodData java/lang/String <init> ([CII)V 2 3911 orig 80 0 0 0 0 0 0 0 0 0 0 0 0 0 0 0 0 0 0 0 0 0 0 0 0 0 0 0 0 0 0 0 0 0 0 0 0 0 0 0 0 0 0 0 0 0 0 0 0 0 0 0 0 0 0 0 0 0 0 0 0 0 0 0 0 0 0 0 0 0 0 0 0 0 0 0 0 0 0 0 0 data 16 0x70002 0xf47 0xa0002 0xf44 0x0 0x0 0x0 0x0 0x0 0x0 0x9 0x4 0x0 0x0 0x0 0x0 oops 0 methods 0
ciMethodData java/lang/String toString ()Ljava/lang/String; 2 27820 orig 80 0 0 0 0 0 0 0 0 0 0 0 0 0 0 0 0 0 0 0 0 0 0 0 0 0 0 0 0 0 0 0 0 0 0 0 0 0 0 0 0 0 0 0 0 0 0 0 0 0 0 0 0 0 0 0 0 0 0 0 0 0 0 0 0 0 0 0 0 0 0 0 0 0 0 0 0 0 0 0 0 data 5 0x0 0x0 0x9 0x1 0x0 oops 0 methods 0
ciMethodData java/lang/String <init> ([CIILjava/lang/Void;)V 2 3911 orig 80 0 0 0 0 0 0 0 0 0 0 0 0 0 0 0 0 0 0 0 0 0 0 0 0 0 0 0 0 0 0 0 0 0 0 0 0 0 0 0 0 0 0 0 0 0 0 0 0 0 0 0 0 0 0 0 0 0 0 0 0 0 0 0 0 0 0 0 0 0 0 0 0 0 0 0 0 0 0 0 0 data 29 0x10002 0xf49 0x50007 0xf46 0x20 0x0 0x1e0007 0x0 0x40 0xf47 0x240002 0xf47 0x2d0002 0xf4c 0x430002 0x0 0x0 0x0 0x0 0x0 0x0 0x0 0x9 0x5 0xc 0x0 0x0 0x0 0x0 oops 0 methods 0
ciMethodData java/lang/StringUTF16 compress ([CII)[B 2 3913 orig 80 0 0 0 0 0 0 0 0 0 0 0 0 0 0 0 0 0 0 0 0 0 0 0 0 0 0 0 0 0 0 0 0 0 0 0 0 0 0 0 0 0 0 0 0 0 0 0 0 0 0 0 0 0 0 0 0 0 0 0 0 0 0 0 0 0 0 0 0 0 0 0 0 0 0 0 0 0 0 0 0 data 31 0x90002 0xf48 0x110007 0xf4d 0x90 0x0 0x170002 0x0 0x200002 0x0 0x260007 0x0 0x50 0x0 0x2f0002 0x0 0x330007 0x0 0x20 0x0 0x0 0x0 0x0 0x0 0x0 0x0 0x9 0x3 0x0 0x0 0x0 oops 0 methods 0
ciMethodData java/util/AbstractMap <init> ()V 2 26460 orig 80 0 0 0 0 0 0 0 0 0 0 0 0 0 0 0 0 0 0 0 0 0 0 0 0 0 0 0 0 0 0 0 0 0 0 0 0 0 0 0 0 0 0 0 0 0 0 0 0 0 0 0 0 0 0 0 0 0 0 0 0 0 0 0 0 0 0 0 0 0 0 0 0 0 0 0 0 0 0 0 0 data 7 0x10002 0x6775 0x0 0x0 0x9 0x1 0x0 oops 0 methods 0
ciMethodData java/lang/String trim ()Ljava/lang/String; 2 45220 orig 80 0 0 0 0 0 0 0 0 0 0 0 0 0 0 0 0 0 0 0 0 0 0 0 0 0 0 0 0 0 0 0 0 0 0 0 0 0 0 0 0 0 0 0 0 0 0 0 0 0 0 0 0 0 0 0 0 0 0 0 0 0 0 0 0 0 0 0 0 0 0 0 0 0 0 0 0 0 0 0 0 data 33 0x10005 0x0 0x1a75902aa78 0xb0a3 0x0 0x0 0x40007 0x0 0x48 0xb055 0xb0002 0xb060 0xe0003 0xb0eb 0x28 0x150002 0x0 0x1a0007 0x5796 0x38 0x5954 0x1e0003 0x5955 0x18 0x0 0x0 0x0 0x0 0x0 0x0 0x9 0x1 0x0 oops 1 2 java/lang/String methods 0
ciMethodData java/lang/StringLatin1 trim ([B)Ljava/lang/String; 2 5177 orig 80 0 0 0 0 0 0 0 0 0 0 0 0 0 0 0 0 0 0 0 0 0 0 0 0 0 0 0 0 0 0 0 0 0 0 0 0 0 0 0 0 0 0 0 0 0 0 0 0 0 0 0 0 0 0 0 0 0 0 0 0 0 0 0 0 0 0 0 0 0 0 0 0 0 0 0 0 0 0 0 0 data 44 0x70007 0x0 0x58 0x1e4b 0x130007 0x1438 0x38 0xa18 0x190003 0xa18 0xffffffffffffffc0 0x1e0007 0x0 0x58 0x1439 0x2c0007 0x1437 0x38 0x0 0x320003 0x0 0xffffffffffffffc0 0x360007 0xa17 0x40 0xa20 0x3c0007 0xa20 0x48 0x0 0x440002 0xa18 0x470003 0xa15 0x18 0x0 0x0 0x0 0x0 0x0 0x0 0x9 0x1 0x0 oops 0 methods 0
ciMethodData java/util/HashMap get (Ljava/lang/Object;)Ljava/lang/Object; 2 13333 orig 80 1 0 0 0 0 0 0 0 0 0 0 0 0 0 0 0 0 0 0 0 0 0 0 0 0 0 0 0 0 0 0 0 0 0 0 0 0 0 1 0 0 0 0 0 0 0 0 0 0 0 0 0 0 0 0 0 0 0 0 0 0 0 0 0 0 0 0 0 0 0 0 0 0 0 0 0 0 0 0 0 data 23 0x20005 0x179 0x1a75b6f3dd8 0x3298 0x0 0x0 0x8000000600070007 0x33f0 0x38 0x1a 0xb0003 0x1a 0x18 0x0 0x0 0x0 0x0 0x0 0x0 0x9 0x2 0x0 0x0 oops 1 2 java/util/HashMap methods 0
ciMethodData java/util/LinkedHashMap get (Ljava/lang/Object;)Ljava/lang/Object; 2 7899 orig 80 1 0 0 0 0 0 0 0 0 0 0 0 0 0 0 0 0 0 0 0 0 0 0 0 0 0 0 0 0 0 0 0 0 0 0 0 0 0 1 0 0 0 0 0 0 0 0 0 0 0 0 0 0 0 0 0 0 0 0 0 0 0 0 0 0 0 0 0 0 0 0 0 0 0 0 0 0 0 0 0 data 30 0x20005 0x16 0x1a75b9c9b08 0x1ec5 0x0 0x0 0x8000000600070007 0x1ec6 0x20 0x17 0x100007 0x1eb5 0x50 0x0 0x150005 0x0 0x0 0x0 0x0 0x0 0x0 0x0 0x0 0x0 0x0 0x0 0x9 0x2 0xffffffffffffffff 0xffffffffffffffff oops 1 2 java/util/LinkedHashMap methods 0
ciMethodData java/lang/Math floorMod (II)I 2 8770 orig 80 0 0 0 0 0 0 0 0 0 0 0 0 0 0 0 0 0 0 0 0 0 0 0 0 0 0 0 0 0 0 0 0 0 0 0 0 0 0 0 0 0 0 0 0 0 0 0 0 0 0 0 0 0 0 0 0 0 0 0 0 0 0 0 0 0 0 0 0 0 0 0 0 0 0 0 0 0 0 0 0 data 15 0x70007 0xccb 0x40 0x1570 0xb0007 0x7d3 0x20 0xd9d 0x0 0x0 0x0 0x9 0x2 0x0 0x0 oops 0 methods 0
ciMethodData java/util/ArrayList$Itr hasNext ()Z 2 5122 orig 80 0 0 0 0 0 0 0 0 0 0 0 0 0 0 0 0 0 0 0 0 0 0 0 0 0 0 0 0 0 0 0 0 0 0 0 0 0 0 0 0 0 0 0 0 0 0 0 0 0 0 0 0 0 0 0 0 0 0 0 0 0 0 0 0 0 0 0 0 0 0 0 0 0 0 0 0 0 0 0 0 data 14 0xb0007 0x12ab 0x38 0x152 0xf0003 0x152 0x18 0x0 0x0 0x0 0x0 0x9 0x1 0x0 oops 0 methods 0
ciMethodData java/util/ArrayList$Itr <init> (Ljava/util/ArrayList;)V 2 5117 orig 80 0 0 0 0 0 0 0 0 0 0 0 0 0 0 0 0 0 0 0 0 0 0 0 0 0 0 0 0 0 0 0 0 0 0 0 0 0 0 0 0 0 0 0 0 0 0 0 0 0 0 0 0 0 0 0 0 0 0 0 0 0 0 0 0 0 0 0 0 0 0 0 0 0 0 0 0 0 0 0 0 data 10 0x60002 0x1400 0x0 0x0 0x0 0x0 0x9 0x2 0xc 0x0 oops 0 methods 0
ciMethodData java/util/ArrayList iterator ()Ljava/util/Iterator; 2 5126 orig 80 0 0 0 0 0 0 0 0 0 0 0 0 0 0 0 0 0 0 0 0 0 0 0 0 0 0 0 0 0 0 0 0 0 0 0 0 0 0 0 0 0 0 0 0 0 0 0 0 0 0 0 0 0 0 0 0 0 0 0 0 0 0 0 0 0 0 0 0 0 0 0 0 0 0 0 0 0 0 0 0 data 8 0x50002 0x1402 0x0 0x0 0x0 0x9 0x1 0x0 oops 0 methods 0
ciMethodData java/util/AbstractSet <init> ()V 2 14885 orig 80 0 0 0 0 0 0 0 0 0 0 0 0 0 0 0 0 0 0 0 0 0 0 0 0 0 0 0 0 0 0 0 0 0 0 0 0 0 0 0 0 0 0 0 0 0 0 0 0 0 0 0 0 0 0 0 0 0 0 0 0 0 0 0 0 0 0 0 0 0 0 0 0 0 0 0 0 0 0 0 0 data 7 0x10002 0x3a27 0x0 0x0 0x9 0x1 0x0 oops 0 methods 0
ciMethodData java/util/ArrayList$Itr next ()Ljava/lang/Object; 2 8009 orig 80 0 0 0 0 0 0 0 0 0 0 0 0 0 0 0 0 0 0 0 0 0 0 0 0 0 0 0 0 0 0 0 0 0 0 0 0 0 0 0 0 0 0 0 0 0 0 0 0 0 0 0 0 0 0 0 0 0 0 0 0 0 0 0 0 0 0 0 0 0 0 0 0 0 0 0 0 0 0 0 0 data 27 0x10005 0x0 0x1a75b9c9bb8 0x1f4d 0x0 0x0 0x110007 0x1f2d 0x30 0x0 0x180002 0x0 0x270007 0x1f39 0x30 0x0 0x2e0002 0x0 0x0 0x0 0x0 0x0 0x0 0x0 0x9 0x1 0x6 oops 1 2 java/util/ArrayList$Itr methods 0
ciMethodData java/util/ArrayList$Itr checkForComodification ()V 2 8007 orig 80 0 0 0 0 0 0 0 0 0 0 0 0 0 0 0 0 0 0 0 0 0 0 0 0 0 0 0 0 0 0 0 0 0 0 0 0 0 0 0 0 0 0 0 0 0 0 0 0 0 0 0 0 0 0 0 0 0 0 0 0 0 0 0 0 0 0 0 0 0 0 0 0 0 0 0 0 0 0 0 0 data 13 0xb0007 0x1f43 0x30 0x0 0x120002 0x0 0x0 0x0 0x0 0x0 0x9 0x1 0x0 oops 0 methods 0
ciMethodData java/lang/Double parseDouble (Ljava/lang/String;)D 1 397 orig 80 0 0 0 0 0 0 0 0 0 0 0 0 0 0 0 0 0 0 0 0 0 0 0 0 0 0 0 0 0 0 0 0 0 0 0 0 0 0 0 0 0 0 0 0 0 0 0 0 0 0 0 0 0 0 0 0 0 0 0 0 0 0 0 0 0 0 0 0 0 0 0 0 0 0 0 0 0 0 0 0 data 11 0x10002 0x18f 0x0 0x0 0x0 0x0 0x0 0x0 0x9 0x1 0xffffffffffffffff oops 0 methods 0
ciMethodData java/lang/Double valueOf (D)Ljava/lang/Double; 2 4017 orig 80 0 0 0 0 0 0 0 0 0 0 0 0 0 0 0 0 0 0 0 0 0 0 0 0 0 0 0 0 0 0 0 0 0 0 0 0 0 0 0 0 0 0 0 0 0 0 0 0 0 0 0 0 0 0 0 0 0 0 0 0 0 0 0 0 0 0 0 0 0 0 0 0 0 0 0 0 0 0 0 0 data 8 0x50002 0xfb7 0x0 0x0 0x9 0x2 0x0 0x0 oops 0 methods 0
ciMethodData java/lang/Double <init> (D)V 2 4006 orig 80 0 0 0 0 0 0 0 0 0 0 0 0 0 0 0 0 0 0 0 0 0 0 0 0 0 0 0 0 0 0 0 0 0 0 0 0 0 0 0 0 0 0 0 0 0 0 0 0 0 0 0 0 0 0 0 0 0 0 0 0 0 0 0 0 0 0 0 0 0 0 0 0 0 0 0 0 0 0 0 0 data 11 0x10002 0xfac 0x0 0x0 0x0 0x0 0x9 0x3 0xc 0x0 0x0 oops 0 methods 0
ciMethodData java/lang/Long doubleValue ()D 2 1064 orig 80 0 0 0 0 0 0 0 0 0 0 0 0 0 0 0 0 0 0 0 0 0 0 0 0 0 0 0 0 0 0 0 0 0 0 0 0 0 0 0 0 0 0 0 0 0 0 0 0 0 0 0 0 0 0 0 0 0 0 0 0 0 0 0 0 0 0 0 0 0 0 0 0 0 0 0 0 0 0 0 0 data 6 0x0 0x0 0x0 0x9 0x1 0x0 oops 0 methods 0
ciMethodData java/lang/Enum hashCode ()I 2 11265 orig 80 1 0 0 0 0 0 0 0 0 0 0 0 0 0 0 0 0 0 0 0 0 0 0 0 0 0 0 0 0 0 0 0 0 0 0 0 0 0 1 0 0 0 0 0 0 0 0 0 0 0 0 0 0 0 0 0 0 0 0 0 0 0 0 0 0 0 0 0 0 0 0 0 0 0 0 0 0 0 0 0 data 15 0x8000000600060007 0x2bf2 0x30 0xd 0xb0002 0xd 0x0 0x0 0x0 0x0 0x0 0x0 0x9 0x1 0x0 oops 0 methods 0
ciMethodData java/lang/String rangeCheck ([CII)Ljava/lang/Void; 2 3782 orig 80 0 0 0 0 0 0 0 0 0 0 0 0 0 0 0 0 0 0 0 0 0 0 0 0 0 0 0 0 0 0 0 0 0 0 0 0 0 0 0 0 0 0 0 0 0 0 0 0 0 0 0 0 0 0 0 0 0 0 0 0 0 0 0 0 0 0 0 0 0 0 0 0 0 0 0 0 0 0 0 0 data 13 0x40002 0xec5 0x0 0x0 0x0 0x0 0x0 0x0 0x9 0x3 0x0 0x0 0x0 oops 0 methods 0
ciMethodData java/util/ImmutableCollections$MapN probe (Ljava/lang/Object;)I 2 7277 orig 80 0 0 0 0 0 0 0 0 0 0 0 0 0 0 0 0 0 0 0 0 0 0 0 0 0 0 0 0 0 0 0 0 0 0 0 0 0 0 0 0 0 0 0 0 0 0 0 0 0 0 0 0 0 0 0 0 0 0 0 0 0 0 0 0 0 0 0 0 0 0 0 0 0 0 0 0 0 0 0 0 data 39 0x10005 0x0 0x1a75902aa78 0x1c67 0x0 0x0 0xb0002 0x1ca9 0x190007 0x472 0x20 0x1c66 0x230005 0x0 0x1a75902aa78 0x472 0x0 0x0 0x260007 0x45e 0x20 0x0 0x340007 0x0 0x20 0x463 0x390003 0x462 0xffffffffffffff70 0x0 0x0 0x0 0x0 0x0 0x0 0x9 0x2 0x0 0xffffffffffffffff oops 2 2 java/lang/String 14 java/lang/String methods 0
ciMethodData java/util/ImmutableCollections$AbstractImmutableMap <init> ()V 2 3795 orig 80 0 0 0 0 0 0 0 0 0 0 0 0 0 0 0 0 0 0 0 0 0 0 0 0 0 0 0 0 0 0 0 0 0 0 0 0 0 0 0 0 0 0 0 0 0 0 0 0 0 0 0 0 0 0 0 0 0 0 0 0 0 0 0 0 0 0 0 0 0 0 0 0 0 0 0 0 0 0 0 0 data 7 0x10002 0xedd 0x0 0x0 0x9 0x1 0x0 oops 0 methods 0
ciMethodData java/util/ImmutableCollections$MapN <init> ([Ljava/lang/Object;)V 2 3806 orig 80 0 0 0 0 0 0 0 0 0 0 0 0 0 0 0 0 0 0 0 0 0 0 0 0 0 0 0 0 0 0 0 0 0 0 0 0 0 0 0 0 0 0 0 0 0 0 0 0 0 0 0 0 0 0 0 0 0 0 0 0 0 0 0 0 0 0 0 0 0 0 0 0 0 0 0 0 0 0 0 0 data 74 0x10002 0xee6 0x80007 0xeb9 0x30 0x0 0x110002 0x0 0x360007 0xece 0x1b8 0x2523 0x3c0002 0x2527 0x460002 0x24fa 0x4e0005 0x2500 0x0 0x0 0x0 0x0 0x550007 0x2519 0xd0 0x0 0x600002 0x0 0x650005 0x0 0x0 0x0 0x0 0x0 0x6a0005 0x0 0x0 0x0 0x0 0x0 0x6d0005 0x0 0x0 0x0 0x0 0x0 0x700002 0x0 0x830004 0x0 0x1a75902aa78 0x250b 0x0 0x0 0x8e0004 0x16db 0x1a75902e6c8 0x71e 0x1a75902aa78 0x71e 0x920003 0x2529 0xfffffffffffffe60 0x0 0x0 0x0 0x0 0x0 0x0 0x0 0x9 0x2 0xc 0x0 oops 3 50 java/lang/String 56 java/lang/Boolean 58 java/lang/String methods 0
ciMethodData java/util/Map of (Ljava/lang/Object;Ljava/lang/Object;Ljava/lang/Object;Ljava/lang/Object;Ljava/lang/Object;Ljava/lang/Object;)Ljava/util/Map; 2 1813 orig 80 0 0 0 0 0 0 0 0 0 0 0 0 0 0 0 0 0 0 0 0 0 0 0 0 0 0 0 0 0 0 0 0 0 0 0 0 0 0 0 0 0 0 0 0 0 0 0 0 0 0 0 0 0 0 0 0 0 0 0 0 0 0 0 0 0 0 0 0 0 0 0 0 0 0 0 0 0 0 0 0 data 52 0xc0004 0x0 0x1a75902aa78 0x701 0x0 0x0 0x100004 0x0 0x1a75902e928 0x714 0x0 0x0 0x140004 0x0 0x1a75902aa78 0x6f7 0x0 0x0 0x180004 0x0 0x1a75902e928 0x706 0x0 0x0 0x1d0004 0x0 0x1a75902aa78 0x708 0x0 0x0 0x220004 0x0 0x1a75902ead8 0x70c 0x0 0x0 0x230002 0x710 0x0 0x0 0x0 0x0 0x0 0x0 0x9 0x6 0x0 0x0 0x0 0x0 0x0 0x0 oops 6 2 java/lang/String 8 java/lang/Double 14 java/lang/String 20 java/lang/Double 26 java/lang/String 32 java/lang/Integer methods 0
ciMethod java/lang/reflect/ParameterizedType getActualTypeArguments ()[Ljava/lang/reflect/Type; 0 0 1 0 -1
ciMethod java/lang/reflect/ParameterizedType getRawType ()Ljava/lang/reflect/Type; 0 0 1 0 -1
ciMethod java/lang/reflect/ParameterizedType getOwnerType ()Ljava/lang/reflect/Type; 0 0 1 0 -1
ciInstanceKlass java/lang/reflect/ParameterizedType 0 0 14 100 1 100 1 100 1 1 1 1 1 1 1 1
ciMethod java/lang/reflect/GenericArrayType getGenericComponentType ()Ljava/lang/reflect/Type; 0 0 1 0 -1
ciInstanceKlass java/lang/reflect/GenericArrayType 0 0 11 100 1 100 1 100 1 1 1 1 1
ciMethod java/lang/reflect/WildcardType getUpperBounds ()[Ljava/lang/reflect/Type; 0 0 1 0 -1
ciInstanceKlass java/lang/reflect/WildcardType 0 0 12 100 1 100 1 100 1 1 1 1 1 1
ciMethod java/io/Reader$2 <init> (Ljava/lang/CharSequence;)V 512 0 1435 0 0
ciMethodData java/io/StringWriter write (I)V 2 5126 orig 80 0 0 0 0 0 0 0 0 0 0 0 0 0 0 0 0 0 0 0 0 0 0 0 0 0 0 0 0 0 0 0 0 0 0 0 0 0 0 0 0 0 0 0 0 0 0 0 0 0 0 0 0 0 0 0 0 0 0 0 0 0 0 0 0 0 0 0 0 0 0 0 0 0 0 0 0 0 0 0 0 data 16 0x60005 0x0 0x1a75902d548 0x1406 0x0 0x0 0x0 0x0 0x0 0x0 0x0 0x0 0x9 0x2 0x0 0x0 oops 1 2 java/lang/StringBuffer methods 0
ciMethodData java/lang/StringBuffer append (C)Ljava/lang/StringBuffer; 2 5131 orig 80 0 0 0 0 0 0 0 0 0 0 0 0 0 0 0 0 0 0 0 0 0 0 0 0 0 0 0 0 0 0 0 0 0 0 0 0 0 0 0 0 0 0 0 0 0 0 0 0 0 0 0 0 0 0 0 0 0 0 0 0 0 0 0 0 0 0 0 0 0 0 0 0 0 0 0 0 0 0 0 0 data 10 0x70002 0x140c 0x0 0x0 0x0 0x0 0x9 0x2 0x0 0x0 oops 0 methods 0
ciMethod jdk/internal/math/FloatingDecimal parseDouble (Ljava/lang/String;)D 776 0 398 0 0
ciMethod jdk/internal/math/FloatingDecimal readJavaFormatString (Ljava/lang/String;)Ljdk/internal/math/FloatingDecimal$ASCIIToBinaryConverter; 772 856 396 0 -1
ciMethod jdk/internal/math/FloatingDecimal$ASCIIToBinaryConverter doubleValue ()D 0 0 1 0 -1
ciInstanceKlass jdk/internal/math/FloatingDecimal$ASCIIToBinaryConverter 1 0 16 100 1 100 1 1 1 1 1 1 1 1 100 1 1 1
ciMethodData java/lang/StringBuffer append (Ljava/lang/String;)Ljava/lang/StringBuffer; 2 5665 orig 80 0 0 0 0 0 0 0 0 0 0 0 0 0 0 0 0 0 0 0 0 0 0 0 0 0 0 0 0 0 0 0 0 0 0 0 0 0 0 0 0 0 0 0 0 0 0 0 0 0 0 0 0 0 0 0 0 0 0 0 0 0 0 0 0 0 0 0 0 0 0 0 0 0 0 0 0 0 0 0 0 data 10 0x70002 0x1620 0x0 0x0 0x0 0x0 0x9 0x2 0xe 0x0 oops 0 methods 0
ciMethodData java/io/StringWriter write (Ljava/lang/String;)V 2 5628 orig 80 0 0 0 0 0 0 0 0 0 0 0 0 0 0 0 0 0 0 0 0 0 0 0 0 0 0 0 0 0 0 0 0 0 0 0 0 0 0 0 0 0 0 0 0 0 0 0 0 0 0 0 0 0 0 0 0 0 0 0 0 0 0 0 0 0 0 0 0 0 0 0 0 0 0 0 0 0 0 0 0 data 16 0x50005 0x0 0x1a75902d548 0x15fc 0x0 0x0 0x0 0x0 0x0 0x0 0x0 0x0 0x9 0x2 0x0 0x0 oops 1 2 java/lang/StringBuffer methods 0
ciMethodData java/lang/Long toString (J)Ljava/lang/String; 1 197 orig 80 0 0 0 0 0 0 0 0 0 0 0 0 0 0 0 0 0 0 0 0 0 0 0 0 0 0 0 0 0 0 0 0 0 0 0 0 0 0 0 0 0 0 0 0 0 0 0 0 0 0 0 0 0 0 0 0 0 0 0 0 0 0 0 0 0 0 0 0 0 0 0 0 0 0 0 0 0 0 0 0 data 24 0x10002 0xc6 0x80007 0x0 0x40 0xc9 0x120002 0xc8 0x1c0002 0xc7 0x290002 0x0 0x330002 0x0 0x0 0x0 0x0 0x0 0x0 0x0 0x9 0x2 0x0 0x0 oops 0 methods 0
ciMethodData java/io/StringWriter append (Ljava/lang/CharSequence;)Ljava/io/StringWriter; 2 2804 orig 80 0 0 0 0 0 0 0 0 0 0 0 0 0 0 0 0 0 0 0 0 0 0 0 0 0 0 0 0 0 0 0 0 0 0 0 0 0 0 0 0 0 0 0 0 0 0 0 0 0 0 0 0 0 0 0 0 0 0 0 0 0 0 0 0 0 0 0 0 0 0 0 0 0 0 0 0 0 0 0 0 data 18 0x20002 0xaf4 0x50005 0x0 0x1a75c2e3468 0xaf3 0x0 0x0 0x0 0x0 0x0 0x0 0x0 0x0 0x9 0x2 0x0 0x0 oops 1 4 java/io/StringWriter methods 0
ciMethodData java/io/StringWriter append (Ljava/lang/CharSequence;)Ljava/io/Writer; 2 2798 orig 80 0 0 0 0 0 0 0 0 0 0 0 0 0 0 0 0 0 0 0 0 0 0 0 0 0 0 0 0 0 0 0 0 0 0 0 0 0 0 0 0 0 0 0 0 0 0 0 0 0 0 0 0 0 0 0 0 0 0 0 0 0 0 0 0 0 0 0 0 0 0 0 0 0 0 0 0 0 0 0 0 data 16 0x20005 0x0 0x1a75c2e3468 0xaee 0x0 0x0 0x0 0x0 0x0 0x0 0x0 0x0 0x9 0x2 0x0 0x0 oops 1 2 java/io/StringWriter methods 0
ciMethodData jdk/internal/math/FloatingDecimal parseDouble (Ljava/lang/String;)D 1 10 orig 80 0 0 0 0 0 0 0 0 0 0 0 0 0 0 0 0 0 0 0 0 0 0 0 0 0 0 0 0 0 0 0 0 0 0 0 0 0 0 0 0 0 0 0 0 0 0 0 0 0 0 0 0 0 0 0 0 0 0 0 0 0 0 0 0 0 0 0 0 0 0 0 0 0 0 0 0 0 0 0 0 data 17 0x10002 0xa 0x40005 0x0 0x1a75a386af0 0xa 0x0 0x0 0x0 0x0 0x0 0x0 0x0 0x0 0x9 0x1 0xffffffffffffffff oops 1 4 jdk/internal/math/FloatingDecimal$ASCIIToBinaryBuffer methods 0
ciMethodData java/io/Reader <init> ()V 2 2612 orig 80 0 0 0 0 0 0 0 0 0 0 0 0 0 0 0 0 0 0 0 0 0 0 0 0 0 0 0 0 0 0 0 0 0 0 0 0 0 0 0 0 0 0 0 0 0 0 0 0 0 0 0 0 0 0 0 0 0 0 0 0 0 0 0 0 0 0 0 0 0 0 0 0 0 0 0 0 0 0 0 0 data 9 0x10002 0xa34 0x0 0x0 0x0 0x0 0x9 0x1 0x6 oops 0 methods 0
ciMethodData java/util/ArrayDeque isEmpty ()Z 2 1233 orig 80 0 0 0 0 0 0 0 0 0 0 0 0 0 0 0 0 0 0 0 0 0 0 0 0 0 0 0 0 0 0 0 0 0 0 0 0 0 0 0 0 0 0 0 0 0 0 0 0 0 0 0 0 0 0 0 0 0 0 0 0 0 0 0 0 0 0 0 0 0 0 0 0 0 0 0 0 0 0 0 0 data 14 0x80007 0x0 0x38 0x4d1 0xc0003 0x4d1 0x18 0x0 0x0 0x0 0x0 0x9 0x1 0x0 oops 0 methods 0
ciMethodData java/util/ArrayDeque <init> ()V 2 1185 orig 80 0 0 0 0 0 0 0 0 0 0 0 0 0 0 0 0 0 0 0 0 0 0 0 0 0 0 0 0 0 0 0 0 0 0 0 0 0 0 0 0 0 0 0 0 0 0 0 0 0 0 0 0 0 0 0 0 0 0 0 0 0 0 0 0 0 0 0 0 0 0 0 0 0 0 0 0 0 0 0 0 data 9 0x10002 0x4a1 0x0 0x0 0x0 0x0 0x9 0x1 0x0 oops 0 methods 0
ciMethodData java/io/Reader$2 <init> (Ljava/lang/CharSequence;)V 2 1179 orig 80 0 0 0 0 0 0 0 0 0 0 0 0 0 0 0 0 0 0 0 0 0 0 0 0 0 0 0 0 0 0 0 0 0 0 0 0 0 0 0 0 0 0 0 0 0 0 0 0 0 0 0 0 0 0 0 0 0 0 0 0 0 0 0 0 0 0 0 0 0 0 0 0 0 0 0 0 0 0 0 0 data 10 0x60002 0x49b 0x0 0x0 0x0 0x0 0x9 0x2 0x1e 0x0 oops 0 methods 0
ciMethodData java/io/StringReader <init> (Ljava/lang/String;)V 2 1178 orig 80 0 0 0 0 0 0 0 0 0 0 0 0 0 0 0 0 0 0 0 0 0 0 0 0 0 0 0 0 0 0 0 0 0 0 0 0 0 0 0 0 0 0 0 0 0 0 0 0 0 0 0 0 0 0 0 0 0 0 0 0 0 0 0 0 0 0 0 0 0 0 0 0 0 0 0 0 0 0 0 0 data 14 0x10002 0x49a 0x60002 0x49a 0x0 0x0 0x0 0x0 0x0 0x0 0x9 0x2 0xe 0x0 oops 0 methods 0
ciMethodData java/io/Reader of (Ljava/lang/CharSequence;)Ljava/io/Reader; 2 1178 orig 80 0 0 0 0 0 0 0 0 0 0 0 0 0 0 0 0 0 0 0 0 0 0 0 0 0 0 0 0 0 0 0 0 0 0 0 0 0 0 0 0 0 0 0 0 0 0 0 0 0 0 0 0 0 0 0 0 0 0 0 0 0 0 0 0 0 0 0 0 0 0 0 0 0 0 0 0 0 0 0 0 data 13 0x10002 0x49a 0xa0002 0x49a 0x0 0x0 0x0 0x0 0x0 0x0 0x9 0x1 0x0 oops 0 methods 0
ciMethodData java/lang/StringBuffer <init> ()V 2 1203 orig 80 0 0 0 0 0 0 0 0 0 0 0 0 0 0 0 0 0 0 0 0 0 0 0 0 0 0 0 0 0 0 0 0 0 0 0 0 0 0 0 0 0 0 0 0 0 0 0 0 0 0 0 0 0 0 0 0 0 0 0 0 0 0 0 0 0 0 0 0 0 0 0 0 0 0 0 0 0 0 0 0 data 7 0x30002 0x4b3 0x0 0x0 0x9 0x1 0x0 oops 0 methods 0
ciMethodData java/io/Writer <init> ()V 2 1182 orig 80 0 0 0 0 0 0 0 0 0 0 0 0 0 0 0 0 0 0 0 0 0 0 0 0 0 0 0 0 0 0 0 0 0 0 0 0 0 0 0 0 0 0 0 0 0 0 0 0 0 0 0 0 0 0 0 0 0 0 0 0 0 0 0 0 0 0 0 0 0 0 0 0 0 0 0 0 0 0 0 0 data 9 0x10002 0x49e 0x0 0x0 0x0 0x0 0x9 0x1 0x4 oops 0 methods 0
ciMethodData java/io/StringWriter toString ()Ljava/lang/String; 2 1238 orig 80 0 0 0 0 0 0 0 0 0 0 0 0 0 0 0 0 0 0 0 0 0 0 0 0 0 0 0 0 0 0 0 0 0 0 0 0 0 0 0 0 0 0 0 0 0 0 0 0 0 0 0 0 0 0 0 0 0 0 0 0 0 0 0 0 0 0 0 0 0 0 0 0 0 0 0 0 0 0 0 0 data 15 0x40005 0x0 0x1a75902d548 0x4d6 0x0 0x0 0x0 0x0 0x0 0x0 0x0 0x0 0x9 0x1 0x0 oops 1 2 java/lang/StringBuffer methods 0
ciMethodData java/io/StringWriter <init> ()V 2 1181 orig 80 0 0 0 0 0 0 0 0 0 0 0 0 0 0 0 0 0 0 0 0 0 0 0 0 0 0 0 0 0 0 0 0 0 0 0 0 0 0 0 0 0 0 0 0 0 0 0 0 0 0 0 0 0 0 0 0 0 0 0 0 0 0 0 0 0 0 0 0 0 0 0 0 0 0 0 0 0 0 0 0 data 11 0x10002 0x49d 0x90002 0x49d 0x0 0x0 0x0 0x0 0x9 0x1 0xc oops 0 methods 0
ciMethod org/example/loadtest/ServerApp handleRequest1 (Ljava/lang/String;Z)Lorg/example/http/HttpResponse; 512 0 3464 0 -1
ciMethod org/example/loadtest/ServerApp handleRequest2 (Ljava/lang/String;Z)Lorg/example/http/HttpResponse; 398 4198 2055 0 0
ciMethod org/example/loadtest/ServerApp lambda$buildServer$1 (Lorg/example/loadtest/Config;Lorg/example/http/HttpRequest;)Lorg/example/http/HttpResponse; 512 0 2063 0 0
ciMethod org/example/loadtest/ServerApp lambda$buildServer$0 (Lorg/example/loadtest/Config;Lorg/example/http/HttpRequest;)Lorg/example/http/HttpResponse; 512 0 3432 0 0
instanceKlass com/google/gson/JsonArray
instanceKlass com/google/gson/JsonPrimitive
instanceKlass com/google/gson/JsonNull
instanceKlass com/google/gson/JsonObject
ciInstanceKlass com/google/gson/JsonElement 1 1 152 10 7 7 7 7 10 100 100 10 8 10 10 10 10 10 8 10 8 10 8 100 10 10 10 100 10 100 10 9 10 10 10 100 100 10 7 7 1 1 1 1 1 1 1 1 1 1 1 1 1 1 1 1 1 1 1 1 1 1 1 1 1 1 1 1 1 1 1 1 1 1 1 1 1 1 1 1 1 1 1 1 1 1 1 1 1 1 1 1 1 1 1 1 1 1 1 1 12 1 1 1 1 12 1 1 1 12 12 12 12 12 1 12 1 12 1 1 12 100 12 1 1 12 100 12 12 100 12 1 1 12 1 1 1 1 1 1 1 1 1 1 1 1 1 1 1 1 1 1 1 1
ciMethod com/google/gson/JsonElement getAsDouble ()D 0 0 1 0 -1
ciMethod com/google/gson/JsonElement <init> ()V 528 0 8992 0 0
ciMethod com/google/gson/JsonElement isJsonArray ()Z 148 0 1440 0 0
ciMethod com/google/gson/JsonElement isJsonObject ()Z 294 0 2879 0 0
ciMethod com/google/gson/JsonElement isJsonPrimitive ()Z 538 0 7278 0 0
ciMethod com/google/gson/JsonElement isJsonNull ()Z 508 0 4358 0 0
ciMethod com/google/gson/JsonElement getAsJsonObject ()Lcom/google/gson/JsonObject; 148 0 1440 0 0
ciMethod com/google/gson/JsonElement getAsJsonArray ()Lcom/google/gson/JsonArray; 0 0 1 0 -1
ciMethod com/google/gson/JsonElement getAsJsonPrimitive ()Lcom/google/gson/JsonPrimitive; 362 0 2919 0 0
ciMethod com/google/gson/JsonObject <init> ()V 206 0 2855 0 0
ciMethod com/google/gson/JsonObject add (Ljava/lang/String;Lcom/google/gson/JsonElement;)V 768 0 5729 0 0
ciMethod com/google/gson/JsonObject addProperty (Ljava/lang/String;Ljava/lang/Number;)V 234 0 117 0 0
ciMethod com/google/gson/JsonObject entrySet ()Ljava/util/Set; 144 0 1437 0 0
ciMethod com/google/gson/JsonObject getAsJsonArray (Ljava/lang/String;)Lcom/google/gson/JsonArray; 80 0 40 0 0
ciMethod com/google/gson/Gson getAdapter (Lcom/google/gson/reflect/TypeToken;)Lcom/google/gson/TypeAdapter; 512 0 1434 0 0
ciMethod com/google/gson/Gson toJson (Lcom/google/gson/JsonElement;)Ljava/lang/String; 0 0 1423 0 0
ciMethod com/google/gson/Gson toJson (Lcom/google/gson/JsonElement;Ljava/lang/Appendable;)V 0 0 1437 0 0
ciMethod com/google/gson/Gson toJson (Lcom/google/gson/JsonElement;Lcom/google/gson/stream/JsonWriter;)V 0 0 1437 0 0
ciMethod com/google/gson/Gson newJsonWriter (Ljava/io/Writer;)Lcom/google/gson/stream/JsonWriter; 0 0 1439 0 0
ciMethod com/google/gson/Gson newJsonReader (Ljava/io/Reader;)Lcom/google/gson/stream/JsonReader; 506 0 1432 0 0
ciMethod com/google/gson/Gson fromJson (Ljava/lang/String;Ljava/lang/Class;)Ljava/lang/Object; 0 0 1427 0 0
ciMethod com/google/gson/Gson fromJson (Ljava/lang/String;Lcom/google/gson/reflect/TypeToken;)Ljava/lang/Object; 0 0 1433 0 0
ciMethod com/google/gson/Gson fromJson (Ljava/io/Reader;Lcom/google/gson/reflect/TypeToken;)Ljava/lang/Object; 0 0 1435 0 0
ciMethod com/google/gson/Gson fromJson (Lcom/google/gson/stream/JsonReader;Lcom/google/gson/reflect/TypeToken;)Ljava/lang/Object; 510 0 1434 0 0
ciMethod com/google/gson/Gson assertFullConsumption (Ljava/lang/Object;Lcom/google/gson/stream/JsonReader;)V 506 0 1432 0 0
ciMethod com/google/gson/TypeAdapter write (Lcom/google/gson/stream/JsonWriter;Ljava/lang/Object;)V 0 0 1 0 -1
ciMethod com/google/gson/TypeAdapter read (Lcom/google/gson/stream/JsonReader;)Ljava/lang/Object; 0 0 1 0 -1
instanceKlass com/google/gson/internal/bind/ReflectiveTypeAdapterFactory$Adapter
instanceKlass com/google/gson/internal/bind/ReflectiveTypeAdapterFactory$1
instanceKlass com/google/gson/internal/bind/SerializationDelegatingTypeAdapter
instanceKlass com/google/gson/internal/bind/MapTypeAdapterFactory$Adapter
instanceKlass com/google/gson/internal/bind/CollectionTypeAdapterFactory$Adapter
instanceKlass com/google/gson/internal/bind/TypeAdapterRuntimeTypeWrapper
instanceKlass com/google/gson/internal/bind/ArrayTypeAdapter
instanceKlass com/google/gson/internal/sql/SqlTimestampTypeAdapter
instanceKlass com/google/gson/internal/sql/SqlTimeTypeAdapter
instanceKlass com/google/gson/internal/sql/SqlDateTypeAdapter
instanceKlass com/google/gson/internal/bind/DefaultDateTypeAdapter
instanceKlass com/google/gson/Gson$5
instanceKlass com/google/gson/Gson$4
instanceKlass com/google/gson/internal/bind/NumberTypeAdapter
instanceKlass com/google/gson/internal/bind/ObjectTypeAdapter
instanceKlass com/google/gson/internal/bind/TypeAdapters$EnumTypeAdapter
instanceKlass com/google/gson/internal/bind/TypeAdapters$25
instanceKlass com/google/gson/internal/bind/TypeAdapters$34$1
instanceKlass com/google/gson/internal/bind/TypeAdapters$10
instanceKlass com/google/gson/internal/bind/TypeAdapters$9
instanceKlass com/google/gson/internal/bind/TypeAdapters$8
instanceKlass com/google/gson/internal/bind/TypeAdapters$2
instanceKlass com/google/gson/TypeAdapter$1
instanceKlass com/google/gson/internal/bind/TypeAdapters$1
instanceKlass com/google/gson/internal/bind/TypeAdapters$28
instanceKlass com/google/gson/internal/bind/TypeAdapters$27
instanceKlass com/google/gson/internal/bind/TypeAdapters$26
instanceKlass com/google/gson/internal/bind/TypeAdapters$24
instanceKlass com/google/gson/internal/bind/TypeAdapters$23
instanceKlass com/google/gson/internal/bind/TypeAdapters$22
instanceKlass com/google/gson/internal/bind/TypeAdapters$21
instanceKlass com/google/gson/internal/bind/TypeAdapters$20
instanceKlass com/google/gson/internal/bind/TypeAdapters$19
instanceKlass com/google/gson/internal/bind/TypeAdapters$18
instanceKlass com/google/gson/internal/bind/TypeAdapters$17
instanceKlass com/google/gson/internal/bind/TypeAdapters$16
instanceKlass com/google/gson/internal/bind/TypeAdapters$15
instanceKlass com/google/gson/internal/bind/TypeAdapters$14
instanceKlass com/google/gson/internal/bind/TypeAdapters$13
instanceKlass com/google/gson/internal/bind/TypeAdapters$12
instanceKlass com/google/gson/internal/bind/TypeAdapters$11
instanceKlass com/google/gson/internal/bind/TypeAdapters$7
instanceKlass com/google/gson/internal/bind/TypeAdapters$6
instanceKlass com/google/gson/internal/bind/TypeAdapters$5
instanceKlass com/google/gson/internal/bind/TypeAdapters$4
instanceKlass com/google/gson/internal/bind/TypeAdapters$3
instanceKlass com/google/gson/internal/Excluder$1
instanceKlass com/google/gson/Gson$2
instanceKlass com/google/gson/Gson$1
instanceKlass com/google/gson/Gson$3
ciInstanceKlass com/google/gson/TypeAdapter 1 1 124 10 100 10 10 100 10 10 100 100 10 10 100 10 10 100 10 10 100 10 10 100 10 7 10 100 7 1 1 1 1 1 1 1 1 1 1 1 1 1 1 1 1 1 1 1 1 1 1 1 1 1 1 1 1 1 1 1 1 1 1 1 1 1 1 1 1 1 1 1 1 1 1 1 1 1 1 1 1 1 1 1 1 1 1 1 1 1 1 1 12 1 12 12 1 12 1 1 12 12 1 12 1 12 12 1 12 12 1 12 1 12 1 1 1 1 1 1 1 1 1 1 1 1
ciMethod com/google/gson/TypeAdapterFactory create (Lcom/google/gson/Gson;Lcom/google/gson/reflect/TypeToken;)Lcom/google/gson/TypeAdapter; 0 0 1 0 -1
ciInstanceKlass com/google/gson/TypeAdapterFactory 1 0 11 100 100 1 1 1 1 1 1 1 1
ciMethod com/google/gson/stream/JsonWriter setFormattingStyle (Lcom/google/gson/FormattingStyle;)V 512 0 2878 0 0
ciMethod com/google/gson/stream/JsonWriter setStrictness (Lcom/google/gson/Strictness;)V 516 0 4317 0 0
ciMethod com/google/gson/stream/JsonWriter getStrictness ()Lcom/google/gson/Strictness; 256 0 128 0 0
ciMethod com/google/gson/stream/JsonWriter setHtmlSafe (Z)V 276 0 138 0 0
ciMethod com/google/gson/stream/JsonWriter isHtmlSafe ()Z 256 0 128 0 0
ciMethod com/google/gson/stream/JsonWriter setSerializeNulls (Z)V 274 0 137 0 0
ciMethod com/google/gson/stream/JsonWriter getSerializeNulls ()Z 256 0 128 0 0
ciMethod com/google/gson/stream/JsonWriter beginArray ()Lcom/google/gson/stream/JsonWriter; 0 0 1 0 -1
ciMethod com/google/gson/stream/JsonWriter endArray ()Lcom/google/gson/stream/JsonWriter; 0 0 1 0 -1
ciMethod com/google/gson/stream/JsonWriter beginObject ()Lcom/google/gson/stream/JsonWriter; 146 0 1438 0 0
ciMethod com/google/gson/stream/JsonWriter endObject ()Lcom/google/gson/stream/JsonWriter; 148 0 1440 0 0
ciMethod com/google/gson/stream/JsonWriter openScope (IC)Lcom/google/gson/stream/JsonWriter; 144 0 1439 0 0
ciMethod com/google/gson/stream/JsonWriter closeScope (IIC)Lcom/google/gson/stream/JsonWriter; 148 0 1455 0 -1
ciMethod com/google/gson/stream/JsonWriter push (I)V 296 0 2878 0 0
ciMethod com/google/gson/stream/JsonWriter peek ()I 512 0 11639 0 0
ciMethod com/google/gson/stream/JsonWriter replaceTop (I)V 536 0 7283 0 0
ciMethod com/google/gson/stream/JsonWriter name (Ljava/lang/String;)Lcom/google/gson/stream/JsonWriter; 364 0 2920 0 0
ciMethod com/google/gson/stream/JsonWriter writeDeferredName ()V 506 0 4360 0 0
ciMethod com/google/gson/stream/JsonWriter value (Ljava/lang/String;)Lcom/google/gson/stream/JsonWriter; 80 0 1400 0 0
ciMethod com/google/gson/stream/JsonWriter value (Z)Lcom/google/gson/stream/JsonWriter; 80 0 1401 0 0
ciMethod com/google/gson/stream/JsonWriter value (Ljava/lang/Number;)Lcom/google/gson/stream/JsonWriter; 204 0 120 0 0
ciMethod com/google/gson/stream/JsonWriter nullValue ()Lcom/google/gson/stream/JsonWriter; 0 0 1 0 -1
ciMethod com/google/gson/stream/JsonWriter isTrustedNumberType (Ljava/lang/Class;)Z 240 0 120 0 -1
ciMethod com/google/gson/stream/JsonWriter string (Ljava/lang/String;)V 336 4154 1411 0 12444
ciMethod com/google/gson/stream/JsonWriter newline ()V 524 0 4361 0 0
ciMethod com/google/gson/stream/JsonWriter beforeName ()V 362 0 2921 0 0
ciMethod com/google/gson/stream/JsonWriter beforeValue ()V 510 0 4362 0 0
ciMethod com/google/gson/stream/JsonReader <init> (Ljava/io/Reader;)V 502 0 1430 0 0
ciMethod com/google/gson/stream/JsonReader setStrictness (Lcom/google/gson/Strictness;)V 522 0 4302 0 0
ciMethod com/google/gson/stream/JsonReader getStrictness ()Lcom/google/gson/Strictness; 258 0 129 0 0
ciMethod com/google/gson/stream/JsonReader beginArray ()V 24 0 39 0 0
ciMethod com/google/gson/stream/JsonReader endArray ()V 80 0 40 0 -1
ciMethod com/google/gson/stream/JsonReader beginObject ()V 102 0 1436 0 0
ciMethod com/google/gson/stream/JsonReader endObject ()V 512 0 1438 0 0
ciMethod com/google/gson/stream/JsonReader hasNext ()Z 544 0 4705 0 0
ciMethod com/google/gson/stream/JsonReader peek ()Lcom/google/gson/stream/JsonToken; 512 0 5378 0 208
ciMethod com/google/gson/stream/JsonReader doPeek ()I 516 0 5408 0 -1
ciMethod com/google/gson/stream/JsonReader peekKeyword ()I 0 0 396 0 -1
ciMethod com/google/gson/stream/JsonReader peekNumber ()I 0 0 395 0 -1
ciMethod com/google/gson/stream/JsonReader isLiteral (C)Z 0 0 394 0 -1
ciMethod com/google/gson/stream/JsonReader nextName ()Ljava/lang/String; 512 0 2830 0 0
ciMethod com/google/gson/stream/JsonReader nextString ()Ljava/lang/String; 518 0 3198 0 0
ciMethod com/google/gson/stream/JsonReader nextBoolean ()Z 0 0 1 0 -1
ciMethod com/google/gson/stream/JsonReader nextNull ()V 0 0 1 0 -1
ciMethod com/google/gson/stream/JsonReader nextQuotedValue (C)Ljava/lang/String; 352 3096 2024 0 1543
ciMethod com/google/gson/stream/JsonReader nextUnquotedValue ()Ljava/lang/String; 0 0 1 0 -1
ciMethod com/google/gson/stream/JsonReader push (I)V 512 0 1477 0 0
ciMethod com/google/gson/stream/JsonReader fillBuffer (I)Z 100 0 2869 0 -1
ciMethod com/google/gson/stream/JsonReader nextNonWhitespace (Z)I 548 0 6437 0 -1
ciMethod com/google/gson/stream/JsonReader checkLenient ()V 0 0 1 0 -1
ciMethod com/google/gson/stream/JsonReader readEscapeCharacter ()C 0 0 1 0 -1
ciMethod com/google/gson/stream/JsonReader syntaxError (Ljava/lang/String;)Lcom/google/gson/stream/MalformedJsonException; 0 0 1 0 -1
ciMethod com/google/gson/stream/JsonReader unexpectedTokenError (Ljava/lang/String;)Ljava/lang/IllegalStateException; 0 0 1 0 -1
ciMethod com/google/gson/stream/JsonReader consumeNonExecutePrefix ()V 74 0 1434 0 -1
ciMethod com/google/gson/internal/bind/JsonTreeReader nextJsonElement ()Lcom/google/gson/JsonElement; 0 0 1 0 -1
ciMethod com/google/gson/FormattingStyle getNewline ()Ljava/lang/String; 256 0 128 0 0
ciMethod com/google/gson/FormattingStyle getIndent ()Ljava/lang/String; 276 0 138 0 0
ciMethod com/google/gson/FormattingStyle usesSpaceAfterSeparators ()Z 256 0 128 0 0
ciMethod com/google/gson/internal/LazilyParsedNumber <init> (Ljava/lang/String;)V 398 0 397 0 0
ciMethod com/google/gson/JsonPrimitive <init> (Ljava/lang/Boolean;)V 80 0 1392 0 -1
ciMethod com/google/gson/JsonPrimitive <init> (Ljava/lang/Number;)V 518 0 513 0 0
ciMethod com/google/gson/JsonPrimitive <init> (Ljava/lang/String;)V 240 0 4196 0 0
ciMethod com/google/gson/JsonPrimitive isBoolean ()Z 240 0 4188 0 0
ciMethod com/google/gson/JsonPrimitive getAsBoolean ()Z 80 0 1401 0 0
ciMethod com/google/gson/JsonPrimitive isNumber ()Z 524 0 3309 0 0
ciMethod com/google/gson/JsonPrimitive getAsNumber ()Ljava/lang/Number; 566 0 517 0 0
ciMethod com/google/gson/JsonPrimitive getAsString ()Ljava/lang/String; 240 0 4205 0 0
ciMethod com/google/gson/JsonPrimitive getAsDouble ()D 792 0 396 0 0
ciMethod com/google/gson/internal/bind/TypeAdapters$28 tryBeginNesting (Lcom/google/gson/stream/JsonReader;Lcom/google/gson/stream/JsonToken;)Lcom/google/gson/JsonElement; 524 0 4663 0 0
ciMethod com/google/gson/internal/bind/TypeAdapters$28 readTerminal (Lcom/google/gson/stream/JsonReader;Lcom/google/gson/stream/JsonToken;)Lcom/google/gson/JsonElement; 560 0 3192 0 0
ciMethod com/google/gson/internal/bind/TypeAdapters$28 read (Lcom/google/gson/stream/JsonReader;)Lcom/google/gson/JsonElement; 512 1820 1436 0 0
ciMethod com/google/gson/internal/bind/TypeAdapters$28 write (Lcom/google/gson/stream/JsonWriter;Lcom/google/gson/JsonElement;)V 512 364 4360 0 0
ciMethod com/google/gson/internal/bind/TypeAdapters$28 read (Lcom/google/gson/stream/JsonReader;)Ljava/lang/Object; 512 0 1433 0 0
ciMethod com/google/gson/internal/bind/TypeAdapters$28 write (Lcom/google/gson/stream/JsonWriter;Ljava/lang/Object;)V 508 0 1438 0 0
ciMethod com/google/gson/internal/bind/TypeAdapters$34$1 read (Lcom/google/gson/stream/JsonReader;)Ljava/lang/Object; 512 0 1435 0 0
ciMethod com/google/gson/JsonArray <init> ()V 24 0 39 0 0
ciMethod com/google/gson/JsonArray add (Lcom/google/gson/JsonElement;)V 516 0 396 0 -1
ciMethod com/google/gson/JsonArray iterator ()Ljava/util/Iterator; 66 0 39 0 0
ciMethod org/example/http/HttpHandler handle (Lorg/example/http/HttpRequest;)Lorg/example/http/HttpResponse; 0 0 1 0 -1
ciInstanceKlass org/example/http/HttpHandler 1 0 14 100 1 100 1 1 1 1 100 1 1 1 1 1
ciMethod org/example/http/HttpRequest getMethod ()Lorg/example/http/HttpMethod; 256 0 128 0 0
ciMethod org/example/http/HttpRequest getPath ()Ljava/lang/String; 256 0 128 0 0
ciMethod org/example/http/HttpRequest getBody ()Ljava/lang/String; 256 0 128 0 0
ciMethod org/example/http/HttpResponse <init> ()V 512 0 5466 0 -1
ciMethod org/example/http/HttpResponse status (ILjava/lang/String;)Lorg/example/http/HttpResponse; 0 0 1 0 -1
ciMethod org/example/http/HttpResponse json (Ljava/lang/String;)Lorg/example/http/HttpResponse; 512 0 5446 0 -1
ciMethod org/example/http/HttpResponse text (Ljava/lang/String;)Lorg/example/http/HttpResponse; 0 0 1 0 -1
ciMethod  @bci org/example/loadtest/ServerApp buildServer (Lorg/example/loadtest/Config;)Lorg/example/http/HttpServer; 30 <appendix> member <vmtarget> ; handle (Lorg/example/http/HttpRequest;)Lorg/example/http/HttpResponse; 512 0 3433 0 0
ciMethod  @bci org/example/loadtest/ServerApp buildServer (Lorg/example/loadtest/Config;)Lorg/example/http/HttpServer; 44 <appendix> member <vmtarget> ; handle (Lorg/example/http/HttpRequest;)Lorg/example/http/HttpResponse; 512 0 2069 0 0
ciMethod org/example/http/HttpServerImpl dispatch (Lorg/example/http/HttpRequest;)Lorg/example/http/HttpResponse; 768 0 5504 0 -1
ciMethod org/example/json/Json parse (Ljava/lang/String;)Ljava/lang/Object; 592 0 4066 0 0
ciMethod org/example/json/Json toJson (Ljava/lang/Object;)Ljava/lang/String; 512 0 4056 0 0
ciMethod org/example/json/JsonTokenizer readNumber ()Lorg/example/json/JsonTokenizer$Token; 518 572 9311 0 -1
ciMethod org/example/json/JsonParser <init> (Lorg/example/json/JsonTokenizer;)V 768 0 4076 0 0
ciMethod org/example/json/JsonParser parseValue ()Ljava/lang/Object; 526 0 5559 0 12584
ciMethod org/example/json/JsonParser parseNumber (Ljava/lang/String;)Ljava/lang/Object; 238 0 8156 0 -1
ciMethod org/example/json/JsonParser parseObject ()Ljava/util/Map; 104 80 1735 0 -1
ciMethod org/example/json/JsonParser parseArray ()Ljava/util/List; 24 214 2033 0 -1
ciMethod org/example/json/JsonTokenizer <init> (Ljava/lang/String;)V 512 0 4050 0 0
ciMethod org/example/json/JsonTokenizer tokenize ()Ljava/util/List; 304 4112 2618 0 -1
ciMethod org/example/json/JsonTokenizer skipWhitespace ()V 4552 0 7658 0 -1
ciMethod org/example/json/JsonTokenizer readString ()Lorg/example/json/JsonTokenizer$Token; 482 4140 2105 0 -1
ciMethod org/example/json/JsonTokenizer readBoolean ()Lorg/example/json/JsonTokenizer$Token; 0 0 1 0 -1
ciMethod org/example/json/JsonTokenizer readNull ()Lorg/example/json/JsonTokenizer$Token; 0 0 1 0 -1
ciMethod org/example/json/JsonTokenizer peek ()Lorg/example/json/JsonTokenizer$Token; 570 0 31583 0 -1
ciMethod org/example/json/JsonTokenizer next ()Lorg/example/json/JsonTokenizer$Token; 520 0 6419 0 -1
ciMethod org/example/json/JsonTokenizer$Token <init> (Lorg/example/json/JsonTokenizer$TokenType;Ljava/lang/String;)V 520 0 24970 0 -1
ciMethod org/example/json/JsonTokenizer$Token type ()Lorg/example/json/JsonTokenizer$TokenType; 292 0 146 0 -1
ciMethod org/example/json/JsonTokenizer$Token value ()Ljava/lang/String; 256 0 128 0 -1
ciMethod org/example/json/JsonSerializer <init> ()V 512 0 4031 0 0
ciMethod org/example/json/JsonSerializer serialize (Ljava/lang/Object;)Ljava/lang/String; 506 0 4025 0 0
ciMethod org/example/json/JsonSerializer serialize (Ljava/lang/Object;Ljava/lang/StringBuilder;)V 522 0 5620 0 16317
ciMethod org/example/json/JsonSerializer serializeString (Ljava/lang/String;Ljava/lang/StringBuilder;)V 456 4734 1293 0 -1
ciMethod org/example/json/JsonSerializer serializeMap (Ljava/util/Map;Ljava/lang/StringBuilder;)V 150 372 1860 0 -1
ciMethod org/example/json/JsonSerializer serializeCollection (Ljava/util/Collection;Ljava/lang/StringBuilder;)V 0 0 1 0 -1
ciMethod org/example/json/JsonSerializer serializeArray (Ljava/lang/Object;Ljava/lang/StringBuilder;)V 0 0 1 0 -1
ciMethod org/example/json/JsonSerializer serializeObject (Ljava/lang/Object;Ljava/lang/StringBuilder;)V 0 0 1 0 -1
ciMethodData org/example/json/JsonParser parseValue ()Ljava/lang/Object; 2 5296 orig 80 0 0 0 0 0 0 0 0 0 0 0 0 0 0 0 0 0 0 0 0 0 0 0 0 0 0 0 0 0 0 0 0 0 0 0 0 0 0 0 0 0 0 0 0 0 0 0 0 0 0 0 0 0 0 0 0 0 0 0 0 0 0 0 0 0 0 0 0 0 0 0 0 0 0 0 0 0 0 0 0 data 141 0x40005 0x0 0x1a75b9cc908 0x14b0 0x0 0x0 0xc0005 0x0 0x1a75a071750 0x14ab 0x0 0x0 0xf0005 0x0 0x1a75a0718d0 0x14aa 0x0 0x0 0x130008 0xe 0x0 0x310 0x691 0x80 0x1b 0xc8 0xced 0x110 0x112 0x188 0x0 0x230 0x0 0x2c8 0x390005 0x692 0x0 0x0 0x0 0x0 0x3c0003 0x692 0x2e0 0x400005 0x1c 0x0 0x0 0x0 0x0 0x430003 0x1c 0x298 0x4a0005 0x0 0x1a75b9cc908 0xcee 0x0 0x0 0x4f0005 0x0 0x1a75a071750 0xcee 0x0 0x0 0x520003 0xcee 0x220 0x590005 0x0 0x1a75b9cc908 0x114 0x0 0x0 0x5f0005 0x0 0x1a75a071750 0x112 0x0 0x0 0x620005 0x112 0x0 0x0 0x0 0x0 0x650003 0x118 0x178 0x6c0005 0x0 0x0 0x0 0x0 0x0 0x710005 0x0 0x0 0x0 0x0 0x0 0x740002 0x0 0x770002 0x0 0x7a0003 0x0 0xe0 0x810005 0x0 0x0 0x0 0x0 0x0 0x860003 0x0 0x98 0x8e0005 0x0 0x0 0x0 0x0 0x0 0x910002 0x0 0x94000a 0x0 0x3 0x0 0x0 0x1a75902aa78 0x990002 0x0 0x0 0x0 0x0 0x0 0x0 0x0 0x9 0x1 0x0 oops 8 2 org/example/json/JsonTokenizer 8 org/example/json/JsonTokenizer$Token 14 org/example/json/JsonTokenizer$TokenType 54 org/example/json/JsonTokenizer 60 org/example/json/JsonTokenizer$Token 69 org/example/json/JsonTokenizer 75 org/example/json/JsonTokenizer$Token 129 java/lang/String methods 0
ciMethodData org/example/json/JsonSerializer serialize (Ljava/lang/Object;Ljava/lang/StringBuilder;)V 2 5359 orig 80 0 0 0 0 0 0 0 0 0 0 0 0 0 0 0 0 0 0 0 0 0 0 0 0 0 0 0 0 0 0 0 0 0 0 0 0 0 0 0 0 0 0 0 0 0 0 0 0 0 0 0 0 0 0 0 0 0 0 0 0 0 0 0 0 0 0 0 0 0 0 0 0 0 0 0 0 0 0 0 0 data 168 0x10007 0x14ef 0x68 0x0 0x70005 0x0 0x0 0x0 0x0 0x0 0xb0003 0x0 0x498 0xf0004 0xdee 0x1a75c141e80 0x6f9 0x1a75902e928 0x7 0x120007 0xdf9 0x68 0x6f5 0x170005 0x0 0x1a75902d688 0x6f5 0x0 0x0 0x1b0003 0x6f5 0x400 0x1f0004 0x6f9 0x1a75c141e80 0x6f9 0x1a75902e928 0x7 0x220007 0xdee 0x68 0xb 0x270005 0x6 0x1a75902d688 0x5 0x1a75902d688 0x1 0x2b0003 0xc 0x368 0x2f0004 0x0 0x1a75c141e80 0x6f9 0x1a75902aa78 0x6f5 0x320007 0x6f9 0x98 0x6f5 0x360004 0x0 0x1a75902aa78 0x6f5 0x0 0x0 0x3d0005 0x6f5 0x0 0x0 0x0 0x0 0x400003 0x6f5 0x2a0 0x440004 0x0 0x1a75c141e80 0x6f9 0x0 0x0 0x470007 0x0 0x98 0x6f9 0x4b0004 0x0 0x1a75c141e80 0x6f9 0x0 0x0 0x540005 0x6f9 0x0 0x0 0x0 0x0 0x570003 0x6f9 0x1d8 0x5b0004 0x0 0x0 0x0 0x0 0x0 0x5e0007 0x0 0x98 0x0 0x620004 0x0 0x0 0x0 0x0 0x0 0x6b0005 0x0 0x0 0x0 0x0 0x0 0x6e0003 0x0 0x110 0x720005 0x0 0x0 0x0 0x0 0x0 0x750005 0x0 0x0 0x0 0x0 0x0 0x780007 0x0 0x68 0x0 0x7e0005 0x0 0x0 0x0 0x0 0x0 0x810003 0x0 0x48 0x870005 0x0 0x0 0x0 0x0 0x0 0x0 0x0 0x0 0x0 0x0 0x0 0x9 0x3 0xffffffffffffffff 0xffffffffffffffff 0xffffffffffffffff oops 12 15 java/util/ImmutableCollections$MapN 17 java/lang/Double 25 java/lang/StringBuilder 34 java/util/ImmutableCollections$MapN 36 java/lang/Double 44 java/lang/StringBuilder 46 java/lang/StringBuilder 53 java/util/ImmutableCollections$MapN 55 java/lang/String 63 java/lang/String 78 java/util/ImmutableCollections$MapN 88 java/util/ImmutableCollections$MapN methods 0
ciMethodData org/example/json/JsonTokenizer tokenize ()Ljava/util/List; 2 2466 orig 80 1 0 0 0 0 0 0 0 0 0 0 0 0 0 0 0 0 0 0 0 0 0 0 0 0 0 0 0 0 0 0 0 0 0 0 0 0 0 0 0 0 0 0 0 0 0 0 0 0 0 0 0 0 0 0 0 0 0 0 0 0 0 0 0 0 0 0 0 0 0 0 0 0 0 0 0 0 0 0 0 data 235 0x40002 0x9ad 0x100005 0x3ffa 0x1a75902aa78 0x481c 0x0 0x0 0x130007 0x9b1 0x630 0x7eb9 0x170005 0x7eb8 0x0 0x0 0x0 0x0 0x220005 0x3dc8 0x1a75902aa78 0x40e6 0x0 0x0 0x250007 0x7eab 0x38 0x0 0x280003 0x0 0x590 0x330005 0x3dd2 0x1a75902aa78 0x40e6 0x0 0x0 0x380008 0x16 0x18b9 0x438 0x1f58 0x2d0 0x1d74 0x278 0x10e9 0x220 0x278 0x170 0x279 0x1c8 0x0 0x348 0x0 0x3c0 0x0 0x348 0x9b0 0xc0 0x9b1 0x118 0x9e0002 0x9aa 0xa10005 0x0 0x1a75902e058 0x9a1 0x0 0x0 0xb10003 0x997 0x430 0xbe0002 0x9b1 0xc10005 0x0 0x1a75902e058 0x9b0 0x0 0x0 0xd10003 0x9b0 0x3d8 0xde0002 0x279 0xe10005 0x0 0x1a75902e058 0x276 0x0 0x0 0xf10003 0x278 0x380 0xfe0002 0x279 0x1010005 0x0 0x1a75902e058 0x278 0x0 0x0 0x1110003 0x278 0x328 0x11e0002 0x10e6 0x1210005 0x0 0x1a75902e058 0x10e7 0x0 0x0 0x1310003 0x10e8 0x2d0 0x13e0002 0x1d76 0x1410005 0x0 0x1a75902e058 0x1d70 0x0 0x0 0x1510003 0x1d73 0x278 0x1560005 0x1f59 0x0 0x0 0x0 0x0 0x1590005 0x0 0x1a75902e058 0x1f51 0x0 0x0 0x15f0003 0x1f53 0x200 0x1640005 0x0 0x0 0x0 0x0 0x0 0x1670005 0x0 0x0 0x0 0x0 0x0 0x16d0003 0x0 0x188 0x1720005 0x0 0x0 0x0 0x0 0x0 0x1750005 0x0 0x0 0x0 0x0 0x0 0x17b0003 0x0 0x110 0x1810007 0x0 0x50 0x18b2 0x1850002 0x18b5 0x1880007 0x0 0x98 0x18ac 0x18d0005 0x18ae 0x0 0x0 0x0 0x0 0x1900005 0x0 0x1a75902e058 0x18a2 0x0 0x0 0x1960003 0x18ae 0x48 0x1a2000a 0x0 0x1 0x1a75902aa78 0x1a70002 0x0 0x1ab0003 0x7e7f 0xfffffffffffff9b8 0x1b80002 0x9b1 0x1bb0005 0x0 0x1a75902e058 0x9af 0x0 0x0 0x0 0x0 0x0 0x0 0x0 0x0 0x0 0x0 0x0 0x0 0x0 0x0 0x0 0x0 0x0 0x0 0x0 0x0 0x9 0x1 0x0 oops 13 4 java/lang/String 20 java/lang/String 33 java/lang/String 65 java/util/ArrayList 76 java/util/ArrayList 87 java/util/ArrayList 98 java/util/ArrayList 109 java/util/ArrayList 120 java/util/ArrayList 135 java/util/ArrayList 190 java/util/ArrayList 200 java/lang/String 210 java/util/ArrayList methods 0
ciMethodData org/example/json/JsonTokenizer <init> (Ljava/lang/String;)V 2 3794 orig 80 0 0 0 0 0 0 0 0 0 0 0 0 0 0 0 0 0 0 0 0 0 0 0 0 0 0 0 0 0 0 0 0 0 0 0 0 0 0 0 0 0 0 0 0 0 0 0 0 0 0 0 0 0 0 0 0 0 0 0 0 0 0 0 0 0 0 0 0 0 0 0 0 0 0 0 0 0 0 0 0 data 24 0x10002 0xed9 0x100005 0x1 0x1a75902aa78 0xebf 0x0 0x0 0x180005 0xee9 0x0 0x0 0x0 0x0 0x0 0x0 0x0 0x0 0x0 0x0 0x9 0x2 0xffffffffffffffff 0x0 oops 1 4 java/lang/String methods 0
ciMethodData org/example/json/Json toJson (Ljava/lang/Object;)Ljava/lang/String; 2 3800 orig 80 0 0 0 0 0 0 0 0 0 0 0 0 0 0 0 0 0 0 0 0 0 0 0 0 0 0 0 0 0 0 0 0 0 0 0 0 0 0 0 0 0 0 0 0 0 0 0 0 0 0 0 0 0 0 0 0 0 0 0 0 0 0 0 0 0 0 0 0 0 0 0 0 0 0 0 0 0 0 0 0 data 17 0x40002 0xeca 0x80005 0x0 0x1a75c21ae88 0xeba 0x0 0x0 0x0 0x0 0x0 0x0 0x0 0x0 0x9 0x1 0xffffffffffffffff oops 1 4 org/example/json/JsonSerializer methods 0
ciMethodData org/example/json/JsonSerializer <init> ()V 2 3775 orig 80 0 0 0 0 0 0 0 0 0 0 0 0 0 0 0 0 0 0 0 0 0 0 0 0 0 0 0 0 0 0 0 0 0 0 0 0 0 0 0 0 0 0 0 0 0 0 0 0 0 0 0 0 0 0 0 0 0 0 0 0 0 0 0 0 0 0 0 0 0 0 0 0 0 0 0 0 0 0 0 0 data 7 0x10002 0xebe 0x0 0x0 0x9 0x1 0x0 oops 0 methods 0
ciMethodData org/example/json/Json parse (Ljava/lang/String;)Ljava/lang/Object; 2 3770 orig 80 0 0 0 0 0 0 0 0 0 0 0 0 0 0 0 0 0 0 0 0 0 0 0 0 0 0 0 0 0 0 0 0 0 0 0 0 0 0 0 0 0 0 0 0 0 0 0 0 0 0 0 0 0 0 0 0 0 0 0 0 0 0 0 0 0 0 0 0 0 0 0 0 0 0 0 0 0 0 0 0 data 19 0x90002 0xeba 0xc0002 0xec5 0xf0005 0x0 0x1a75b9cc838 0xeae 0x0 0x0 0x0 0x0 0x0 0x0 0x0 0x0 0x9 0x1 0x0 oops 1 6 org/example/json/JsonParser methods 0
ciMethodData com/google/gson/Gson fromJson (Ljava/lang/String;Ljava/lang/Class;)Ljava/lang/Object; 2 1429 orig 80 0 0 0 0 0 0 0 0 0 0 0 0 0 0 0 0 0 0 0 0 0 0 0 0 0 0 0 0 0 0 0 0 0 0 0 0 0 0 0 0 0 0 0 0 0 0 0 0 0 0 0 0 0 0 0 0 0 0 0 0 0 0 0 0 0 0 0 0 0 0 0 0 0 0 0 0 0 0 0 0 data 27 0x30002 0x26 0x60005 0x28 0x1a75b9bdda8 0x573 0x0 0x0 0xb0002 0x28 0xf0005 0x28 0x1a75902ab08 0x573 0x0 0x0 0x0 0x0 0x0 0x0 0x0 0x0 0x9 0x3 0xffffffffffffffff 0x0 0x0 oops 2 4 com/google/gson/Gson 12 java/lang/Class methods 0
ciMethodData com/google/gson/Gson fromJson (Ljava/lang/String;Lcom/google/gson/reflect/TypeToken;)Ljava/lang/Object; 2 1433 orig 80 0 0 0 0 0 0 0 0 0 0 0 0 0 0 0 0 0 0 0 0 0 0 0 0 0 0 0 0 0 0 0 0 0 0 0 0 0 0 0 0 0 0 0 0 0 0 0 0 0 0 0 0 0 0 0 0 0 0 0 0 0 0 0 0 0 0 0 0 0 0 0 0 0 0 0 0 0 0 0 0 data 23 0x10007 0x599 0x20 0x0 0xb0002 0x59b 0x120005 0x28 0x1a75b9bdda8 0x572 0x1a75b9bdda8 0x1 0x0 0x0 0x0 0x0 0x0 0x0 0x9 0x3 0xffffffffffffffff 0x0 0xffffffffffffffff oops 2 8 com/google/gson/Gson 10 com/google/gson/Gson methods 0
ciMethodData com/google/gson/Gson fromJson (Ljava/io/Reader;Lcom/google/gson/reflect/TypeToken;)Ljava/lang/Object; 2 1435 orig 80 0 0 0 0 0 0 0 0 0 0 0 0 0 0 0 0 0 0 0 0 0 0 0 0 0 0 0 0 0 0 0 0 0 0 0 0 0 0 0 0 0 0 0 0 0 0 0 0 0 0 0 0 0 0 0 0 0 0 0 0 0 0 0 0 0 0 0 0 0 0 0 0 0 0 0 0 0 0 0 0 data 25 0x20005 0x100 0x1a75b9bdda8 0x49a 0x0 0x0 0x90005 0x101 0x1a75b9bdda8 0x49a 0x0 0x0 0x110002 0x59b 0x0 0x0 0x0 0x0 0x0 0x0 0x9 0x3 0xffffffffffffffff 0x0 0xffffffffffffffff oops 2 2 com/google/gson/Gson 8 com/google/gson/Gson methods 0
ciMethodData com/google/gson/Gson toJson (Lcom/google/gson/JsonElement;)Ljava/lang/String; 2 1437 orig 80 0 0 0 0 0 0 0 0 0 0 0 0 0 0 0 0 0 0 0 0 0 0 0 0 0 0 0 0 0 0 0 0 0 0 0 0 0 0 0 0 0 0 0 0 0 0 0 0 0 0 0 0 0 0 0 0 0 0 0 0 0 0 0 0 0 0 0 0 0 0 0 0 0 0 0 0 0 0 0 0 data 24 0x40002 0x59e 0xb0005 0x28 0x1a75b9bdda8 0x576 0x0 0x0 0xf0005 0x0 0x1a75c2e3468 0x59d 0x0 0x0 0x0 0x0 0x0 0x0 0x0 0x0 0x9 0x2 0xffffffffffffffff 0xffffffffffffffff oops 2 4 com/google/gson/Gson 10 java/io/StringWriter methods 0
ciMethodData org/example/json/JsonSerializer serialize (Ljava/lang/Object;)Ljava/lang/String; 2 3772 orig 80 0 0 0 0 0 0 0 0 0 0 0 0 0 0 0 0 0 0 0 0 0 0 0 0 0 0 0 0 0 0 0 0 0 0 0 0 0 0 0 0 0 0 0 0 0 0 0 0 0 0 0 0 0 0 0 0 0 0 0 0 0 0 0 0 0 0 0 0 0 0 0 0 0 0 0 0 0 0 0 0 data 24 0x40002 0xec1 0xb0005 0xee8 0x0 0x0 0x0 0x0 0xf0005 0x0 0x1a75902d688 0xef0 0x0 0x0 0x0 0x0 0x0 0x0 0x0 0x0 0x9 0x2 0xffffffffffffffff 0xffffffffffffffff oops 1 10 java/lang/StringBuilder methods 0
ciMethodData org/example/http/HttpResponse <init> ()V 2 5284 orig 80 0 0 0 0 0 0 0 0 0 0 0 0 0 0 0 0 0 0 0 0 0 0 0 0 0 0 0 0 0 0 0 0 0 0 0 0 0 0 0 0 0 0 0 0 0 0 0 0 0 0 0 0 0 0 0 0 0 0 0 0 0 0 0 0 0 0 0 0 0 0 0 0 0 0 0 0 0 0 0 0 data 11 0x10002 0x14a9 0x160002 0x14b4 0x0 0x0 0x0 0x0 0x9 0x1 0xe oops 0 methods 0
ciMethodData org/example/http/HttpResponse json (Ljava/lang/String;)Lorg/example/http/HttpResponse; 2 5260 orig 80 0 0 0 0 0 0 0 0 0 0 0 0 0 0 0 0 0 0 0 0 0 0 0 0 0 0 0 0 0 0 0 0 0 0 0 0 0 0 0 0 0 0 0 0 0 0 0 0 0 0 0 0 0 0 0 0 0 0 0 0 0 0 0 0 0 0 0 0 0 0 0 0 0 0 0 0 0 0 0 0 data 23 0x80005 0x0 0x1a75b9c9b08 0x148c 0x0 0x0 0x100007 0x14b8 0x38 0x0 0x150003 0x0 0x18 0x0 0x0 0x0 0x0 0x0 0x0 0x9 0x2 0x8 0x0 oops 1 2 java/util/LinkedHashMap methods 0
ciMethodData org/example/loadtest/ServerApp lambda$buildServer$0 (Lorg/example/loadtest/Config;Lorg/example/http/HttpRequest;)Lorg/example/http/HttpResponse; 2 3246 orig 80 0 0 0 0 0 0 0 0 0 0 0 0 0 0 0 0 0 0 0 0 0 0 0 0 0 0 0 0 0 0 0 0 0 0 0 0 0 0 0 0 0 0 0 0 0 0 0 0 0 0 0 0 0 0 0 0 0 0 0 0 0 0 0 0 0 0 0 0 0 0 0 0 0 0 0 0 0 0 0 0 data 18 0x10005 0x0 0x1a75b6f3810 0xcae 0x0 0x0 0x80002 0xcae 0x0 0x0 0x0 0x0 0x0 0x0 0x9 0x2 0x0 0x0 oops 1 2 org/example/http/HttpRequest methods 0
ciMethodData  @bci org/example/loadtest/ServerApp buildServer (Lorg/example/loadtest/Config;)Lorg/example/http/HttpServer; 30 <appendix> member <vmtarget> ; handle (Lorg/example/http/HttpRequest;)Lorg/example/http/HttpResponse; 2 3208 orig 80 0 0 0 0 0 0 0 0 0 0 0 0 0 0 0 0 0 0 0 0 0 0 0 0 0 0 0 0 0 0 0 0 0 0 0 0 0 0 0 0 0 0 0 0 0 0 0 0 0 0 0 0 0 0 0 0 0 0 0 0 0 0 0 0 0 0 0 0 0 0 0 0 0 0 0 0 0 0 0 0 data 12 0x50002 0xc88 0x0 0x0 0x0 0x0 0x0 0x0 0x9 0x2 0x0 0x0 oops 0 methods 0
ciMethodData com/google/gson/Gson toJson (Lcom/google/gson/JsonElement;Ljava/lang/Appendable;)V 2 1438 orig 80 0 0 0 0 0 0 0 0 0 0 0 0 0 0 0 0 0 0 0 0 0 0 0 0 0 0 0 0 0 0 0 0 0 0 0 0 0 0 0 0 0 0 0 0 0 0 0 0 0 0 0 0 0 0 0 0 0 0 0 0 0 0 0 0 0 0 0 0 0 0 0 0 0 0 0 0 0 0 0 0 data 31 0x20002 0x27 0x50005 0x28 0x1a75b9bdda8 0x577 0x0 0x0 0xc0005 0x27 0x1a75b9bdda8 0x577 0x0 0x0 0xf0003 0x59f 0x28 0x180002 0x0 0x0 0x0 0x0 0x0 0x0 0x0 0x9 0x3 0xffffffffffffffff 0xffffffffffffffff 0xffffffffffffffff 0x120001 oops 2 4 com/google/gson/Gson 10 com/google/gson/Gson methods 0
ciMethodData com/google/gson/Gson newJsonWriter (Ljava/io/Writer;)Lcom/google/gson/stream/JsonWriter; 2 1439 orig 80 0 0 0 0 0 0 0 0 0 0 0 0 0 0 0 0 0 0 0 0 0 0 0 0 0 0 0 0 0 0 0 0 0 0 0 0 0 0 0 0 0 0 0 0 0 0 0 0 0 0 0 0 0 0 0 0 0 0 0 0 0 0 0 0 0 0 0 0 0 0 0 0 0 0 0 0 0 0 0 0 data 53 0x40007 0x59d 0x50 0x0 0xa0005 0x0 0x0 0x0 0x0 0x0 0x120002 0x59f 0x1b0005 0x101 0x1a75c396b58 0x49e 0x0 0x0 0x230005 0x101 0x1a75c396b58 0x49e 0x0 0x0 0x2b0007 0x0 0x38 0x59e 0x310003 0x59f 0x18 0x380005 0x101 0x1a75c396b58 0x49e 0x0 0x0 0x400005 0x101 0x1a75c396b58 0x49e 0x0 0x0 0x0 0x0 0x0 0x0 0x0 0x0 0x9 0x2 0x0 0x0 oops 4 14 com/google/gson/stream/JsonWriter 20 com/google/gson/stream/JsonWriter 33 com/google/gson/stream/JsonWriter 39 com/google/gson/stream/JsonWriter methods 0
ciMethodData com/google/gson/Gson toJson (Lcom/google/gson/JsonElement;Lcom/google/gson/stream/JsonWriter;)V 2 1438 orig 80 0 0 0 0 0 0 0 0 0 0 0 0 0 0 0 0 0 0 0 0 0 0 0 0 0 0 0 0 0 0 0 0 0 0 0 0 0 0 0 0 0 0 0 0 0 0 0 0 0 0 0 0 0 0 0 0 0 0 0 0 0 0 0 0 0 0 0 0 0 0 0 0 0 0 0 0 0 0 0 0 data 145 0x10005 0x103 0x1a75c396b58 0x49d 0x0 0x0 0x60005 0x103 0x1a75c396b58 0x49d 0x0 0x0 0xc0005 0x103 0x1a75c396b58 0x49d 0x0 0x0 0x160005 0x103 0x1a75c396b58 0x49d 0x0 0x0 0x1e0005 0x103 0x1a75c396b58 0x49d 0x0 0x0 0x250007 0x5a0 0x68 0x0 0x2d0005 0x0 0x0 0x0 0x0 0x0 0x300003 0x0 0x98 0x340005 0x103 0x1a75c396b58 0x49d 0x0 0x0 0x3a0007 0x0 0x50 0x5a0 0x410005 0x103 0x1a75c396b58 0x49d 0x0 0x0 0x460002 0x5a0 0x4b0005 0x103 0x1a75c396b58 0x49d 0x0 0x0 0x510005 0x103 0x1a75c396b58 0x49d 0x0 0x0 0x570005 0x103 0x1a75c396b58 0x49d 0x0 0x0 0x5a0003 0x5a0 0x198 0x650002 0x0 0x730002 0x0 0x780005 0x0 0x0 0x0 0x0 0x0 0x7d0005 0x0 0x0 0x0 0x0 0x0 0x800005 0x0 0x0 0x0 0x0 0x0 0x830005 0x0 0x0 0x0 0x0 0x0 0x880002 0x0 0x900005 0x0 0x0 0x0 0x0 0x0 0x960005 0x0 0x0 0x0 0x0 0x0 0x9c0005 0x0 0x0 0x0 0x0 0x0 0x0 0x0 0x0 0x0 0x0 0x0 0x9 0x3 0x0 0x0 0x0 0x5d0001 0x690001 0x8c0001 0x8c0001 oops 10 2 com/google/gson/stream/JsonWriter 8 com/google/gson/stream/JsonWriter 14 com/google/gson/stream/JsonWriter 20 com/google/gson/stream/JsonWriter 26 com/google/gson/stream/JsonWriter 45 com/google/gson/stream/JsonWriter 55 com/google/gson/stream/JsonWriter 63 com/google/gson/stream/JsonWriter 69 com/google/gson/stream/JsonWriter 75 com/google/gson/stream/JsonWriter methods 0
ciMethodData org/example/json/JsonParser <init> (Lorg/example/json/JsonTokenizer;)V 2 3692 orig 80 0 0 0 0 0 0 0 0 0 0 0 0 0 0 0 0 0 0 0 0 0 0 0 0 0 0 0 0 0 0 0 0 0 0 0 0 0 0 0 0 0 0 0 0 0 0 0 0 0 0 0 0 0 0 0 0 0 0 0 0 0 0 0 0 0 0 0 0 0 0 0 0 0 0 0 0 0 0 0 0 data 10 0x10002 0xe6b 0x0 0x0 0x0 0x0 0x9 0x2 0x6 0x0 oops 0 methods 0
ciMethodData org/example/http/HttpServerImpl dispatch (Lorg/example/http/HttpRequest;)Lorg/example/http/HttpResponse; 2 5120 orig 80 0 0 0 0 0 0 0 0 0 0 0 0 0 0 0 0 0 0 0 0 0 0 0 0 0 0 0 0 0 0 0 0 0 0 0 0 0 0 0 0 0 0 0 0 0 0 0 0 0 0 0 0 0 0 0 0 0 0 0 0 0 0 0 0 0 0 0 0 0 0 0 0 0 0 0 0 0 0 0 0 data 115 0x50005 0x0 0x1a75b6f3810 0x1402 0x0 0x0 0x80005 0x0 0x1a75b6f3dd8 0x13f0 0x0 0x0 0xd0004 0x0 0x1a75b6f3dd8 0x13e3 0x0 0x0 0x120007 0x13fd 0x90 0x0 0x190002 0x0 0x220005 0x0 0x0 0x0 0x0 0x0 0x280005 0x0 0x0 0x0 0x0 0x0 0x2e0005 0x0 0x1a75b6f3810 0x1403 0x0 0x0 0x310005 0x0 0x1a75b6f3dd8 0x13ec 0x0 0x0 0x360004 0x1 0x1a75b6f3e88 0xc0c 0x1a75b6f3f38 0x7d4 0x3b0007 0x13e5 0x90 0x0 0x420002 0x0 0x4b0005 0x0 0x0 0x0 0x0 0x0 0x510005 0x0 0x0 0x0 0x0 0x0 0x570005 0x0 0x1a75b6f3e88 0xc0b 0x1a75b6f3f38 0x7d0 0x630002 0x0 0x6c0005 0x0 0x0 0x0 0x0 0x0 0x710005 0x0 0x0 0x0 0x0 0x0 0x74000a 0x0 0x3 0x0 0x0 0x1a75902aa78 0x790005 0x0 0x0 0x0 0x0 0x0 0x0 0x0 0x0 0x0 0x0 0x0 0x9 0x2 0x0 0x0 0x5d0001 oops 10 2 org/example/http/HttpRequest 8 java/util/HashMap 14 java/util/HashMap 38 org/example/http/HttpRequest 44 java/util/HashMap 50  @bci org/example/loadtest/ServerApp buildServer (Lorg/example/loadtest/Config;)Lorg/example/http/HttpServer; 30 <appendix> member <vmtarget> ; 52  @bci org/example/loadtest/ServerApp buildServer (Lorg/example/loadtest/Config;)Lorg/example/http/HttpServer; 44 <appendix> member <vmtarget> ; 74  @bci org/example/loadtest/ServerApp buildServer (Lorg/example/loadtest/Config;)Lorg/example/http/HttpServer; 30 <appendix> member <vmtarget> ; 76  @bci org/example/loadtest/ServerApp buildServer (Lorg/example/loadtest/Config;)Lorg/example/http/HttpServer; 44 <appendix> member <vmtarget> ; 97 java/lang/String methods 0
ciMethodData org/example/loadtest/ServerApp handleRequest2 (Ljava/lang/String;Z)Lorg/example/http/HttpResponse; 2 1856 orig 80 1 0 0 0 0 0 0 0 0 0 0 0 0 0 0 0 0 0 0 0 0 0 0 0 0 0 0 0 0 0 0 0 0 0 0 0 0 0 2 0 0 0 0 0 0 0 0 0 0 0 0 0 0 0 0 0 0 0 0 0 0 0 0 0 0 0 0 0 0 0 0 0 0 0 0 0 0 0 0 0 data 193 0x8000000600060007 0x27 0x200 0x717 0xa0002 0x717 0xd0004 0x0 0x1a75b9c9b08 0x71c 0x0 0x0 0x160005 0x0 0x1a75b9c9b08 0x70b 0x0 0x0 0x1b0004 0x0 0x1a75902e058 0x70e 0x0 0x0 0x220005 0x0 0x1a75902e058 0x710 0x0 0x0 0x2b0005 0x0 0x1a75b9c9bb8 0x4d34 0x0 0x0 0x300007 0x71b 0xc8 0x465b 0x350005 0x0 0x1a75b9c9bb8 0x466f 0x0 0x0 0x3f0004 0x0 0x1a75902eb68 0x469c 0x0 0x0 0x420005 0x0 0x1a75902eb68 0x4664 0x0 0x0 0x4a0003 0x463a 0xffffffffffffff20 0x4d0003 0x718 0x1d0 0x560005 0x26 0x0 0x0 0x0 0x0 0x590004 0x0 0x1a75b9bdeb8 0x26 0x0 0x0 0x620005 0x28 0x0 0x0 0x0 0x0 0x650005 0x27 0x0 0x0 0x0 0x0 0x6c0005 0x0 0x1a75b9c9bb8 0x1b7 0x0 0x0 0x710007 0x28 0xc8 0x18f 0x760005 0x0 0x1a75b9c9bb8 0x18e 0x0 0x0 0x7b0004 0x0 0x1a75b9c9c68 0x18f 0x0 0x0 0x830005 0x0 0x1a75b9c9c68 0x18f 0x0 0x0 0x8b0003 0x18e 0xffffffffffffff20 0x900007 0x0 0x38 0x745 0x980003 0x743 0x18 0x9f0007 0x28 0x88 0x717 0xa50002 0x716 0xac0002 0x6fa 0xb30002 0x701 0xb60002 0x707 0xb90002 0x717 0xbe0003 0x724 0x118 0xc50002 0x28 0xcf0002 0x28 0xd20005 0x26 0x0 0x0 0x0 0x0 0xdb0002 0x28 0xde0005 0x28 0x0 0x0 0x0 0x0 0xe70002 0x28 0xea0005 0x26 0x0 0x0 0x0 0x0 0xf20005 0x28 0x0 0x0 0x0 0x0 0xfb0002 0x74d 0x1000005 0x0 0x1a75b6f38e0 0x727 0x0 0x0 0x0 0x0 0x0 0x0 0x0 0x0 0x9 0x2 0x0 0x0 oops 14 8 java/util/LinkedHashMap 14 java/util/LinkedHashMap 20 java/util/ArrayList 26 java/util/ArrayList 32 java/util/ArrayList$Itr 42 java/util/ArrayList$Itr 48 java/lang/Long 54 java/lang/Long 72 com/google/gson/JsonObject 90 java/util/ArrayList$Itr 100 java/util/ArrayList$Itr 106 com/google/gson/JsonPrimitive 112 com/google/gson/JsonPrimitive 179 org/example/http/HttpResponse methods 0
ciMethodData org/example/loadtest/ServerApp lambda$buildServer$1 (Lorg/example/loadtest/Config;Lorg/example/http/HttpRequest;)Lorg/example/http/HttpResponse; 2 1807 orig 80 0 0 0 0 0 0 0 0 0 0 0 0 0 0 0 0 0 0 0 0 0 0 0 0 0 0 0 0 0 0 0 0 0 0 0 0 0 0 0 0 0 0 0 0 0 0 0 0 0 0 0 0 0 0 0 0 0 0 0 0 0 0 0 0 0 0 0 0 0 0 0 0 0 0 0 0 0 0 0 0 data 18 0x10005 0x0 0x1a75b6f3810 0x70e 0x0 0x0 0x80002 0x70f 0x0 0x0 0x0 0x0 0x0 0x0 0x9 0x2 0x0 0x0 oops 1 2 org/example/http/HttpRequest methods 0
ciMethodData  @bci org/example/loadtest/ServerApp buildServer (Lorg/example/loadtest/Config;)Lorg/example/http/HttpServer; 44 <appendix> member <vmtarget> ; handle (Lorg/example/http/HttpRequest;)Lorg/example/http/HttpResponse; 2 1813 orig 80 0 0 0 0 0 0 0 0 0 0 0 0 0 0 0 0 0 0 0 0 0 0 0 0 0 0 0 0 0 0 0 0 0 0 0 0 0 0 0 0 0 0 0 0 0 0 0 0 0 0 0 0 0 0 0 0 0 0 0 0 0 0 0 0 0 0 0 0 0 0 0 0 0 0 0 0 0 0 0 0 data 12 0x50002 0x716 0x0 0x0 0x0 0x0 0x0 0x0 0x9 0x2 0x0 0x0 oops 0 methods 0
ciMethod com/google/gson/reflect/TypeToken <init> (Ljava/lang/reflect/Type;)V 512 0 1432 0 0
ciMethod com/google/gson/reflect/TypeToken hashCode ()I 256 0 128 0 0
ciMethod com/google/gson/reflect/TypeToken equals (Ljava/lang/Object;)Z 512 0 1433 0 0
ciMethod com/google/gson/reflect/TypeToken get (Ljava/lang/Class;)Lcom/google/gson/reflect/TypeToken; 512 0 1432 0 0
ciMethod com/google/gson/internal/$Gson$Types canonicalize (Ljava/lang/reflect/Type;)Ljava/lang/reflect/Type; 506 0 1429 0 0
ciMethod com/google/gson/internal/$Gson$Types getRawType (Ljava/lang/reflect/Type;)Ljava/lang/Class; 512 0 1434 0 0
ciMethod com/google/gson/internal/$Gson$Types equal (Ljava/lang/Object;Ljava/lang/Object;)Z 0 0 1 0 -1
ciMethod com/google/gson/internal/$Gson$Types equals (Ljava/lang/reflect/Type;Ljava/lang/reflect/Type;)Z 512 0 1434 0 0
ciMethod com/google/gson/Gson$FutureTypeAdapter <init> ()V 4 0 2 0 -1
ciMethod com/google/gson/Gson$FutureTypeAdapter setDelegate (Lcom/google/gson/TypeAdapter;)V 4 0 2 0 -1
ciMethod com/google/gson/internal/LinkedTreeMap <init> (Z)V 206 0 2864 0 0
ciMethod com/google/gson/internal/LinkedTreeMap <init> (Ljava/util/Comparator;Z)V 206 0 2860 0 0
ciMethod com/google/gson/internal/LinkedTreeMap get (Ljava/lang/Object;)Ljava/lang/Object; 512 0 2844 0 0
ciMethod com/google/gson/internal/LinkedTreeMap put (Ljava/lang/Object;Ljava/lang/Object;)Ljava/lang/Object; 526 0 5395 0 198
ciMethod com/google/gson/internal/LinkedTreeMap find (Ljava/lang/Object;Z)Lcom/google/gson/internal/LinkedTreeMap$Node; 514 88 5409 0 3549
ciMethod com/google/gson/internal/LinkedTreeMap findByObject (Ljava/lang/Object;)Lcom/google/gson/internal/LinkedTreeMap$Node; 514 0 2847 0 -1
ciMethod com/google/gson/internal/LinkedTreeMap rebalance (Lcom/google/gson/internal/LinkedTreeMap$Node;Z)V 176 174 2877 0 -1
ciMethod com/google/gson/internal/LinkedTreeMap entrySet ()Ljava/util/Set; 144 0 1450 0 0
ciMethod com/google/gson/internal/LinkedTreeMap$Node <init> (Z)V 476 0 2867 0 0
ciMethod com/google/gson/internal/LinkedTreeMap$Node <init> (ZLcom/google/gson/internal/LinkedTreeMap$Node;Ljava/lang/Object;Lcom/google/gson/internal/LinkedTreeMap$Node;Lcom/google/gson/internal/LinkedTreeMap$Node;)V 352 0 3625 0 -1
ciMethod com/google/gson/internal/LinkedTreeMap$Node getKey ()Ljava/lang/Object; 288 0 144 0 0
ciMethod com/google/gson/internal/LinkedTreeMap$Node getValue ()Ljava/lang/Object; 280 0 140 0 0
ciMethod com/google/gson/internal/Primitives wrap (Ljava/lang/Class;)Ljava/lang/Class; 512 0 1434 0 0
ciMethod com/google/gson/internal/Streams write (Lcom/google/gson/JsonElement;Lcom/google/gson/stream/JsonWriter;)V 512 0 1440 0 0
ciMethod com/google/gson/internal/Streams writerForAppendable (Ljava/lang/Appendable;)Ljava/io/Writer; 512 0 1436 0 0
ciMethod com/google/gson/internal/LinkedTreeMap$EntrySet <init> (Lcom/google/gson/internal/LinkedTreeMap;)V 512 0 1453 0 0
ciMethod com/google/gson/internal/LinkedTreeMap$EntrySet iterator ()Ljava/util/Iterator; 512 0 1453 0 0
ciMethod com/google/gson/internal/LinkedTreeMap$EntrySet$1 <init> (Lcom/google/gson/internal/LinkedTreeMap$EntrySet;)V 506 0 1450 0 0
ciMethod com/google/gson/internal/LinkedTreeMap$EntrySet$1 next ()Ljava/util/Map$Entry; 514 0 2943 0 0
ciMethod com/google/gson/internal/LinkedTreeMap$EntrySet$1 next ()Ljava/lang/Object; 514 0 2943 0 0
ciMethod com/google/gson/internal/LinkedTreeMap$LinkedTreeMapIterator <init> (Lcom/google/gson/internal/LinkedTreeMap;)V 506 0 1450 0 0
ciMethod com/google/gson/internal/LinkedTreeMap$LinkedTreeMapIterator hasNext ()Z 512 0 4399 0 0
ciMethod com/google/gson/internal/LinkedTreeMap$LinkedTreeMapIterator nextNode ()Lcom/google/gson/internal/LinkedTreeMap$Node; 514 0 2945 0 0
instanceKlass com/google/gson/internal/LinkedTreeMap$EntrySet$1
ciInstanceKlass com/google/gson/internal/LinkedTreeMap$LinkedTreeMapIterator 1 1 82 9 10 9 9 9 9 9 9 100 10 100 10 100 10 10 7 7 100 1 7 1 1 1 1 1 1 1 1 1 1 1 1 1 1 1 1 1 1 1 1 1 1 1 1 1 1 1 1 1 1 1 1 12 12 7 12 12 12 12 12 1 1 1 12 1 1 1 1 1 1 1 1 1 1 100 1 8 1 12 10 1
ciMethodData com/google/gson/stream/JsonWriter peek ()I 2 11383 orig 80 0 0 0 0 0 0 0 0 0 0 0 0 0 0 0 0 0 0 0 0 0 0 0 0 0 0 0 0 0 0 0 0 0 0 0 0 0 0 0 0 0 0 0 0 0 0 0 0 0 0 0 0 0 0 0 0 0 0 0 0 0 0 0 0 0 0 0 0 0 0 0 0 0 0 0 0 0 0 0 0 data 13 0x40007 0x2c7e 0x30 0x0 0xd0002 0x0 0x0 0x0 0x0 0x0 0x9 0x1 0x0 oops 0 methods 0
ciMethodData com/google/gson/stream/JsonReader doPeek ()I 2 5150 orig 80 0 0 0 0 0 0 0 0 0 0 0 0 0 0 0 0 0 0 0 0 0 0 0 0 0 0 0 0 0 0 0 0 0 0 0 0 0 0 0 0 0 0 0 0 0 0 0 0 0 0 0 0 0 0 0 0 0 0 0 0 0 0 0 0 0 0 0 0 0 0 0 0 0 0 0 0 0 0 0 0 data 275 0xe0007 0x13f5 0x38 0x26 0x1d0003 0x26 0x528 0x220007 0x1266 0xd0 0x18f 0x270002 0x18f 0x2c0008 0x8 0x0 0x78 0x166 0x60 0x0 0x50 0x28 0x50 0x580002 0x0 0x5b0003 0x166 0x28 0x610002 0x0 0x650003 0x165 0x458 0x6a0007 0x2ab 0x40 0xfb9 0x6f0007 0xa87 0x1c8 0x531 0x800007 0x2a8 0xb8 0x531 0x850002 0x531 0x8a0008 0x8 0x0 0x78 0x286 0x60 0x0 0x50 0x2ad 0x50 0xb40002 0x0 0xb70003 0x286 0x28 0xbd0002 0x0 0xc30002 0x531 0xc80008 0x8 0x0 0x90 0x530 0x50 0x0 0x50 0x0 0x60 0xf50002 0x0 0x1020007 0x0 0x20 0x0 0x10f0002 0x0 0x1140002 0x0 0x1240002 0x0 0x1270007 0x0 0x20 0x0 0x1350002 0x0 0x13b0007 0x558 0x148 0x530 0x14c0002 0x530 0x1510008 0x6 0x0 0xf0 0x531 0x40 0x0 0x58 0x16c0003 0x531 0xc0 0x1700002 0x0 0x17b0007 0x0 0x50 0x0 0x1800002 0x0 0x1830007 0x0 0x68 0x0 0x1910007 0x0 0x48 0x0 0x19e0003 0x0 0x28 0x1a40002 0x0 0x1a80003 0x531 0x128 0x1ae0007 0x2ab 0x68 0x2ad 0x1b80007 0x0 0x30 0x2ae 0x1bc0002 0x2ae 0x1cc0003 0x2ad 0xc0 0x1d20007 0x0 0x78 0x2ab 0x1d70002 0x2ab 0x1dd0007 0x0 0x20 0x2ae 0x1e90002 0x0 0x1f60003 0x0 0x48 0x1fc0007 0x0 0x30 0x0 0x2050002 0x0 0x20b0002 0x969 0x2100008 0x10 0x188 0x120 0x50a 0x120 0x0 0x110 0x0 0xb0 0x0 0xb0 0x25 0x120 0x0 0x90 0x2a9 0x120 0x2560007 0x0 0x20 0x0 0x2620007 0x0 0x40 0x0 0x2670007 0x0 0x30 0x0 0x26b0002 0x0 0x2830002 0x0 0x2880002 0x0 0x2b40002 0x187 0x2b90007 0x18a 0x20 0x0 0x2bf0002 0x18a 0x2c40007 0x0 0x20 0x18b 0x2d30002 0x0 0x2d60007 0x0 0x30 0x0 0x2dc0002 0x0 0x2e10002 0x0 0x0 0x0 0x0 0x0 0x0 0x0 0x0 0x0 0x0 0x0 0x0 0x0 0x0 0x0 0x0 0x0 0x0 0x0 0x0 0x0 0x0 0x0 0x0 0x0 0x0 0x0 0x0 0x0 0x0 0x0 0x0 0x0 0x0 0x0 0x0 0x0 0x0 0x0 0x0 0x0 0x0 0x0 0x0 0x9 0x1 0x0 oops 0 methods 0
ciMethodData com/google/gson/JsonElement <init> ()V 2 8728 orig 80 0 0 0 0 0 0 0 0 0 0 0 0 0 0 0 0 0 0 0 0 0 0 0 0 0 0 0 0 0 0 0 0 0 0 0 0 0 0 0 0 0 0 0 0 0 0 0 0 0 0 0 0 0 0 0 0 0 0 0 0 0 0 0 0 0 0 0 0 0 0 0 0 0 0 0 0 0 0 0 0 data 7 0x10002 0x2219 0x0 0x0 0x9 0x1 0x0 oops 0 methods 0
ciMethodData com/google/gson/stream/JsonReader peek ()Lcom/google/gson/stream/JsonToken; 2 5122 orig 80 0 0 0 0 0 0 0 0 0 0 0 0 0 0 0 0 0 0 0 0 0 0 0 0 0 0 0 0 0 0 0 0 0 0 0 0 0 0 0 0 0 0 0 0 0 0 0 0 0 0 0 0 0 0 0 0 0 0 0 0 0 0 0 0 0 0 0 0 0 0 0 0 0 0 0 0 0 0 0 0 data 60 0x60007 0x523 0x50 0xede 0xa0005 0x0 0x1a7595b82f8 0xede 0x0 0x0 0xf0008 0x24 0x0 0x130 0x77d 0x130 0x0 0x130 0x23 0x130 0x0 0x130 0x0 0x130 0x0 0x130 0x0 0x130 0x0 0x130 0x73a 0x130 0x0 0x130 0x0 0x130 0x0 0x130 0x0 0x130 0x0 0x130 0x164 0x130 0x0 0x130 0x3c2 0x130 0x8c0002 0x0 0x0 0x0 0x0 0x0 0x0 0x0 0x0 0x9 0x1 0xffffffffffffffff oops 1 6 com/google/gson/stream/JsonReader methods 0
ciMethodData com/google/gson/internal/LinkedTreeMap find (Ljava/lang/Object;Z)Lcom/google/gson/internal/LinkedTreeMap$Node; 2 5152 orig 80 0 0 0 0 0 0 0 0 0 0 0 0 0 0 0 0 0 0 0 0 0 0 0 0 0 0 0 0 0 0 0 0 0 0 0 0 0 0 0 0 0 0 0 0 0 0 0 0 0 0 0 0 0 0 0 0 0 0 0 0 0 0 0 0 0 0 0 0 0 0 0 0 0 0 0 0 0 0 0 0 data 145 0x100007 0x6bd 0x1c8 0xd63 0x170007 0x0 0x68 0xd63 0x1b0004 0x0 0x1a75902aa78 0xd64 0x0 0x0 0x1e0003 0xd65 0x18 0x260007 0x0 0x68 0x10c7 0x300005 0x0 0x1a75902aa78 0x10c7 0x0 0x0 0x350003 0x10c0 0x48 0x3f0005 0x0 0x0 0x0 0x0 0x0 0x480007 0xa21 0x20 0x6a0 0x500007 0x24 0x38 0x9fc 0x580003 0x9fc 0x18 0x640007 0x364 0x38 0x6bc 0x670003 0x6bc 0x30 0x6e0003 0x364 0xfffffffffffffed8 0x720007 0xd77 0x20 0x0 0x7f0007 0x6be 0x1c8 0x6bc 0x860007 0x0 0x180 0x6bc 0x8a0004 0x0 0x1a75902aa78 0x6be 0x0 0x0 0x8d0007 0x6bc 0x130 0x0 0x980002 0x0 0x9c0005 0x0 0x0 0x0 0x0 0x0 0x9f0005 0x0 0x0 0x0 0x0 0x0 0xa20005 0x0 0x0 0x0 0x0 0x0 0xa70005 0x0 0x0 0x0 0x0 0x0 0xaa0005 0x0 0x0 0x0 0x0 0x0 0xad0002 0x0 0xc30002 0x6bc 0xce0003 0x6c0 0x70 0xe30002 0x6bb 0xea0007 0x24 0x38 0x69a 0xf40003 0x69b 0x18 0x1020002 0x6bf 0x0 0x0 0x0 0x0 0x0 0x0 0x0 0x0 0x0 0x0 0x0 0x9 0x3 0x0 0x0 0x0 oops 3 10 java/lang/String 23 java/lang/String 71 java/lang/String methods 0
ciMethodData com/google/gson/JsonElement isJsonPrimitive ()Z 2 7014 orig 80 0 0 0 0 0 0 0 0 0 0 0 0 0 0 0 0 0 0 0 0 0 0 0 0 0 0 0 0 0 0 0 0 0 0 0 0 0 0 0 0 0 0 0 0 0 0 0 0 0 0 0 0 0 0 0 0 0 0 0 0 0 0 0 0 0 0 0 0 0 0 0 0 0 0 0 0 0 0 0 0 data 15 0x10004 0x0 0x1a75b9bdeb8 0x56f 0x1a75b9c9c68 0x15f7 0x0 0x0 0x0 0x0 0x0 0x0 0x9 0x1 0x0 oops 2 2 com/google/gson/JsonObject 4 com/google/gson/JsonPrimitive methods 0
ciMethodData com/google/gson/stream/JsonWriter replaceTop (I)V 2 7015 orig 80 0 0 0 0 0 0 0 0 0 0 0 0 0 0 0 0 0 0 0 0 0 0 0 0 0 0 0 0 0 0 0 0 0 0 0 0 0 0 0 0 0 0 0 0 0 0 0 0 0 0 0 0 0 0 0 0 0 0 0 0 0 0 0 0 0 0 0 0 0 0 0 0 0 0 0 0 0 0 0 0 data 8 0x0 0x0 0x0 0x0 0x9 0x2 0x0 0x0 oops 0 methods 0
ciMethodData com/google/gson/stream/JsonReader hasNext ()Z 2 4439 orig 80 0 0 0 0 0 0 0 0 0 0 0 0 0 0 0 0 0 0 0 0 0 0 0 0 0 0 0 0 0 0 0 0 0 0 0 0 0 0 0 0 0 0 0 0 0 0 0 0 0 0 0 0 0 0 0 0 0 0 0 0 0 0 0 0 0 0 0 0 0 0 0 0 0 0 0 0 0 0 0 0 data 34 0x60007 0x0 0x50 0x1157 0xa0005 0x0 0x1a7595b82f8 0x1156 0x0 0x0 0x100007 0x56b 0x78 0xbe9 0x150007 0x1c 0x58 0xbcd 0x1b0007 0x0 0x38 0xbcd 0x1f0003 0xbcd 0x18 0x0 0x0 0x0 0x0 0x0 0x0 0x9 0x1 0x0 oops 1 6 com/google/gson/stream/JsonReader methods 0
ciMethodData com/google/gson/internal/bind/TypeAdapters$28 tryBeginNesting (Lcom/google/gson/stream/JsonReader;Lcom/google/gson/stream/JsonToken;)Lcom/google/gson/JsonElement; 2 4401 orig 80 0 0 0 0 0 0 0 0 0 0 0 0 0 0 0 0 0 0 0 0 0 0 0 0 0 0 0 0 0 0 0 0 0 0 0 0 0 0 0 0 0 0 0 0 0 0 0 0 0 0 0 0 0 0 0 0 0 0 0 0 0 0 0 0 0 0 0 0 0 0 0 0 0 0 0 0 0 0 0 0 data 41 0x40005 0x0 0x1a75b4ab448 0x112f 0x0 0x0 0x80008 0x6 0xbac 0xc0 0x1b 0x40 0x568 0x80 0x250005 0x0 0x1a7595b82f8 0x1b 0x0 0x0 0x2c0002 0x1b 0x310005 0x0 0x1a7595b82f8 0x569 0x0 0x0 0x380002 0x56a 0x0 0x0 0x0 0x0 0x0 0x0 0x9 0x3 0x0 0x0 0x0 oops 3 2 com/google/gson/stream/JsonToken 16 com/google/gson/stream/JsonReader 24 com/google/gson/stream/JsonReader methods 0
ciMethodData com/google/gson/stream/JsonReader beginArray ()V 1 27 orig 80 0 0 0 0 0 0 0 0 0 0 0 0 0 0 0 0 0 0 0 0 0 0 0 0 0 0 0 0 0 0 0 0 0 0 0 0 0 0 0 0 0 0 0 0 0 0 0 0 0 0 0 0 0 0 0 0 0 0 0 0 0 0 0 0 0 0 0 0 0 0 0 0 0 0 0 0 0 0 0 0 data 30 0x60007 0x1b 0x50 0x0 0xa0005 0x0 0x0 0x0 0x0 0x0 0x100007 0x0 0x48 0x1b 0x150002 0x1b 0x290003 0x1c 0x28 0x2f0002 0x0 0x0 0x0 0x0 0x0 0x0 0x0 0x9 0x1 0xffffffffffffffff oops 0 methods 0
ciMethodData com/google/gson/JsonArray <init> ()V 1 27 orig 80 0 0 0 0 0 0 0 0 0 0 0 0 0 0 0 0 0 0 0 0 0 0 0 0 0 0 0 0 0 0 0 0 0 0 0 0 0 0 0 0 0 0 0 0 0 0 0 0 0 0 0 0 0 0 0 0 0 0 0 0 0 0 0 0 0 0 0 0 0 0 0 0 0 0 0 0 0 0 0 0 data 11 0x10002 0x1b 0x90002 0x1a 0x0 0x0 0x0 0x0 0x9 0x1 0x6 oops 0 methods 0
ciMethodData com/google/gson/stream/JsonReader beginObject ()V 2 1385 orig 80 0 0 0 0 0 0 0 0 0 0 0 0 0 0 0 0 0 0 0 0 0 0 0 0 0 0 0 0 0 0 0 0 0 0 0 0 0 0 0 0 0 0 0 0 0 0 0 0 0 0 0 0 0 0 0 0 0 0 0 0 0 0 0 0 0 0 0 0 0 0 0 0 0 0 0 0 0 0 0 0 data 30 0x60007 0x567 0x50 0x0 0xa0005 0x0 0x0 0x0 0x0 0x0 0x100007 0x0 0x48 0x568 0x150002 0x56a 0x1d0003 0x56a 0x28 0x230002 0x0 0x0 0x0 0x0 0x0 0x0 0x0 0x9 0x1 0xffffffffffffffff oops 0 methods 0
ciMethodData com/google/gson/JsonObject <init> ()V 2 2763 orig 80 0 0 0 0 0 0 0 0 0 0 0 0 0 0 0 0 0 0 0 0 0 0 0 0 0 0 0 0 0 0 0 0 0 0 0 0 0 0 0 0 0 0 0 0 0 0 0 0 0 0 0 0 0 0 0 0 0 0 0 0 0 0 0 0 0 0 0 0 0 0 0 0 0 0 0 0 0 0 0 0 data 11 0x10002 0xacc 0xa0002 0xaca 0x0 0x0 0x0 0x0 0x9 0x1 0x6 oops 0 methods 0
ciMethodData com/google/gson/internal/LinkedTreeMap <init> (Z)V 2 2761 orig 80 0 0 0 0 0 0 0 0 0 0 0 0 0 0 0 0 0 0 0 0 0 0 0 0 0 0 0 0 0 0 0 0 0 0 0 0 0 0 0 0 0 0 0 0 0 0 0 0 0 0 0 0 0 0 0 0 0 0 0 0 0 0 0 0 0 0 0 0 0 0 0 0 0 0 0 0 0 0 0 0 data 9 0x50002 0xaca 0x0 0x0 0x0 0x9 0x2 0x0 0x0 oops 0 methods 0
ciMethodData com/google/gson/internal/LinkedTreeMap <init> (Ljava/util/Comparator;Z)V 2 2757 orig 80 0 0 0 0 0 0 0 0 0 0 0 0 0 0 0 0 0 0 0 0 0 0 0 0 0 0 0 0 0 0 0 0 0 0 0 0 0 0 0 0 0 0 0 0 0 0 0 0 0 0 0 0 0 0 0 0 0 0 0 0 0 0 0 0 0 0 0 0 0 0 0 0 0 0 0 0 0 0 0 0 data 22 0x10002 0xac7 0x100007 0x0 0x38 0xacc 0x140003 0xacb 0x18 0x280002 0xaca 0x0 0x0 0x0 0x0 0x0 0x0 0x9 0x3 0x3c 0x0 0x0 oops 0 methods 0
ciMethodData com/google/gson/JsonPrimitive isNumber ()Z 2 3083 orig 80 0 0 0 0 0 0 0 0 0 0 0 0 0 0 0 0 0 0 0 0 0 0 0 0 0 0 0 0 0 0 0 0 0 0 0 0 0 0 0 0 0 0 0 0 0 0 0 0 0 0 0 0 0 0 0 0 0 0 0 0 0 0 0 0 0 0 0 0 0 0 0 0 0 0 0 0 0 0 0 0 data 15 0x40004 0xad6 0x1a75becb200 0x103 0x1a75902e928 0x34 0x0 0x0 0x0 0x0 0x0 0x0 0x9 0x1 0x0 oops 2 2 com/google/gson/internal/LazilyParsedNumber 4 java/lang/Double methods 0
ciMethodData com/google/gson/stream/JsonWriter string (Ljava/lang/String;)V 2 1243 orig 80 0 0 0 0 0 0 0 0 0 0 0 0 0 0 0 0 0 0 0 0 0 0 0 0 0 0 0 0 0 0 0 0 0 0 0 0 0 0 0 0 0 0 0 0 0 0 0 0 0 0 0 0 0 0 0 0 0 0 0 0 0 0 0 0 0 0 0 0 0 0 0 0 0 0 0 0 0 0 0 0 data 96 0x40007 0x0 0x38 0x4db 0xa0003 0x4db 0x18 0x170005 0x0 0x1a75c2e3468 0x4dc 0x0 0x0 0x1d0005 0x6 0x1a75902aa78 0x4d7 0x0 0x0 0x290007 0x4dc 0x198 0x47a3 0x2f0005 0x1e 0x1a75902aa78 0x4784 0x0 0x0 0x390007 0x0 0x58 0x47a3 0x440007 0x187 0x90 0x461b 0x470003 0x461c 0xf0 0x4f0007 0x0 0x38 0x0 0x560003 0x0 0x38 0x5e0007 0x0 0xa0 0x0 0x680007 0x0 0x50 0x187 0x750005 0x0 0x1a75c2e3468 0x187 0x0 0x0 0x7e0005 0x0 0x1a75c2e3468 0x187 0x0 0x0 0x890003 0x47a3 0xfffffffffffffe80 0x8f0007 0x0 0x50 0x4dc 0x9c0005 0x0 0x1a75c2e3468 0x4dc 0x0 0x0 0xa50005 0x0 0x1a75c2e3468 0x4dd 0x0 0x0 0x0 0x0 0x0 0x0 0x0 0x0 0x9 0x2 0x0 0x0 oops 7 9 java/io/StringWriter 15 java/lang/String 25 java/lang/String 57 java/io/StringWriter 63 java/io/StringWriter 76 java/io/StringWriter 82 java/io/StringWriter methods 0
ciMethodData com/google/gson/stream/JsonReader nextString ()Ljava/lang/String; 2 2939 orig 80 0 0 0 0 0 0 0 0 0 0 0 0 0 0 0 0 0 0 0 0 0 0 0 0 0 0 0 0 0 0 0 0 0 0 0 0 0 0 0 0 0 0 0 0 0 0 0 0 0 0 0 0 0 0 0 0 0 0 0 0 0 0 0 0 0 0 0 0 0 0 0 0 0 0 0 0 0 0 0 0 data 77 0x60007 0xb7b 0x50 0x0 0xa0005 0x0 0x0 0x0 0x0 0x0 0x110007 0xb7b 0x48 0x0 0x150002 0x0 0x190003 0x0 0x180 0x1f0007 0xb7b 0x48 0x0 0x250002 0x0 0x290003 0x0 0x138 0x2f0007 0xd8 0x48 0xaa3 0x350002 0xaa3 0x390003 0xaa4 0xf0 0x3f0007 0xd7 0x38 0x0 0x4c0003 0x0 0xb8 0x520007 0x0 0x48 0xd7 0x590002 0xd8 0x5d0003 0xdb 0x70 0x630007 0x0 0x48 0x0 0x760002 0x0 0x870003 0x0 0x28 0x8d0002 0x0 0x0 0x0 0x0 0x0 0x0 0x0 0x0 0x0 0x0 0x0 0x9 0x1 0x0 oops 0 methods 0
ciMethodData com/google/gson/stream/JsonReader nextQuotedValue (C)Ljava/lang/String; 2 1848 orig 80 0 0 0 0 0 0 0 0 0 0 0 0 0 0 0 0 0 0 0 0 0 0 0 0 0 0 0 0 0 0 0 0 0 0 0 0 0 0 0 0 0 0 0 0 0 0 0 0 0 0 0 0 0 0 0 0 0 0 0 0 0 0 0 0 0 0 0 0 0 0 0 0 0 0 0 0 0 0 0 0 data 112 0x1b0007 0x0 0x240 0x47e8 0x2e0007 0x47e8 0x50 0x0 0x350007 0x0 0x30 0x0 0x3b0002 0x0 0x420007 0x40ad 0xb0 0x739 0x550007 0x0 0x30 0x739 0x610002 0x737 0x6b0005 0x0 0x0 0x0 0x0 0x0 0x700005 0x0 0x0 0x0 0x0 0x0 0x780007 0x40b2 0xe8 0x0 0x8b0007 0x0 0x40 0x0 0x9e0002 0x0 0xa10002 0x0 0xab0005 0x0 0x0 0x0 0x0 0x0 0xb10002 0x0 0xb40005 0x0 0x0 0x0 0x0 0x0 0xc80003 0x0 0x38 0xcf0007 0x40b3 0x20 0x0 0xe20003 0x40ad 0xfffffffffffffdd8 0xe60007 0x0 0x40 0x0 0xfa0002 0x0 0xfd0002 0x0 0x10a0005 0x0 0x0 0x0 0x0 0x0 0x1160002 0x0 0x1190007 0x0 0x30 0x0 0x11f0002 0x0 0x1230003 0x0 0xfffffffffffffd10 0x0 0x0 0x0 0x0 0x0 0x0 0x0 0x0 0x0 0x0 0x0 0x9 0x2 0x0 0x0 oops 0 methods 0
ciMethodData com/google/gson/internal/bind/TypeAdapters$28 readTerminal (Lcom/google/gson/stream/JsonReader;Lcom/google/gson/stream/JsonToken;)Lcom/google/gson/JsonElement; 2 2920 orig 80 0 0 0 0 0 0 0 0 0 0 0 0 0 0 0 0 0 0 0 0 0 0 0 0 0 0 0 0 0 0 0 0 0 0 0 0 0 0 0 0 0 0 0 0 0 0 0 0 0 0 0 0 0 0 0 0 0 0 0 0 0 0 0 0 0 0 0 0 0 0 0 0 0 0 0 0 0 0 0 0 data 89 0x40005 0x0 0x1a75b4ab448 0xb68 0x0 0x0 0x80008 0xe 0x0 0x190 0xc4 0xc0 0xaa3 0x80 0x0 0x110 0x0 0x190 0x0 0x190 0x0 0x160 0x350005 0x0 0x1a7595b82f8 0xaa2 0x0 0x0 0x380002 0xaa4 0x3d0005 0x0 0x1a7595b82f8 0xc4 0x0 0x0 0x4a0002 0xc5 0x4d0002 0xc4 0x560005 0x0 0x0 0x0 0x0 0x0 0x590002 0x0 0x5c0002 0x0 0x610005 0x0 0x0 0x0 0x0 0x0 0x700002 0x0 0x750005 0x0 0x0 0x0 0x0 0x0 0x790005 0x0 0x0 0x0 0x0 0x0 0x7c0005 0x0 0x0 0x0 0x0 0x0 0x7f0002 0x0 0x0 0x0 0x0 0x0 0x0 0x0 0x9 0x3 0x0 0x0 0x0 oops 3 2 com/google/gson/stream/JsonToken 24 com/google/gson/stream/JsonReader 32 com/google/gson/stream/JsonReader methods 0
ciMethodData com/google/gson/internal/LazilyParsedNumber <init> (Ljava/lang/String;)V 1 198 orig 80 0 0 0 0 0 0 0 0 0 0 0 0 0 0 0 0 0 0 0 0 0 0 0 0 0 0 0 0 0 0 0 0 0 0 0 0 0 0 0 0 0 0 0 0 0 0 0 0 0 0 0 0 0 0 0 0 0 0 0 0 0 0 0 0 0 0 0 0 0 0 0 0 0 0 0 0 0 0 0 0 data 10 0x10002 0xc6 0x0 0x0 0x0 0x0 0x9 0x2 0x6 0x0 oops 0 methods 0
ciMethodData com/google/gson/JsonPrimitive <init> (Ljava/lang/Number;)V 1 254 orig 80 0 0 0 0 0 0 0 0 0 0 0 0 0 0 0 0 0 0 0 0 0 0 0 0 0 0 0 0 0 0 0 0 0 0 0 0 0 0 0 0 0 0 0 0 0 0 0 0 0 0 0 0 0 0 0 0 0 0 0 0 0 0 0 0 0 0 0 0 0 0 0 0 0 0 0 0 0 0 0 0 data 14 0x10002 0xfe 0x60002 0x100 0x0 0x0 0x0 0x0 0x0 0x0 0x9 0x2 0x6 0x0 oops 0 methods 0
ciMethodData com/google/gson/JsonPrimitive <init> (Ljava/lang/String;)V 2 4077 orig 80 0 0 0 0 0 0 0 0 0 0 0 0 0 0 0 0 0 0 0 0 0 0 0 0 0 0 0 0 0 0 0 0 0 0 0 0 0 0 0 0 0 0 0 0 0 0 0 0 0 0 0 0 0 0 0 0 0 0 0 0 0 0 0 0 0 0 0 0 0 0 0 0 0 0 0 0 0 0 0 0 data 14 0x10002 0xfed 0x60002 0xfed 0x0 0x0 0x0 0x0 0x0 0x0 0x9 0x2 0x6 0x0 oops 0 methods 0
ciMethodData com/google/gson/JsonPrimitive getAsNumber ()Ljava/lang/Number; 1 234 orig 80 0 0 0 0 0 0 0 0 0 0 0 0 0 0 0 0 0 0 0 0 0 0 0 0 0 0 0 0 0 0 0 0 0 0 0 0 0 0 0 0 0 0 0 0 0 0 0 0 0 0 0 0 0 0 0 0 0 0 0 0 0 0 0 0 0 0 0 0 0 0 0 0 0 0 0 0 0 0 0 0 data 45 0x40004 0x12 0x1a75becb200 0xb4 0x1a75902e928 0x24 0x70007 0x0 0x50 0xea 0xe0004 0x12 0x1a75becb200 0xb4 0x1a75902e928 0x24 0x160004 0x0 0x0 0x0 0x0 0x0 0x190007 0x0 0x60 0x0 0x240004 0x0 0x0 0x0 0x0 0x0 0x270002 0x0 0x310002 0x0 0x0 0x0 0x0 0x0 0x0 0x0 0x9 0x1 0x0 oops 4 2 com/google/gson/internal/LazilyParsedNumber 4 java/lang/Double 12 com/google/gson/internal/LazilyParsedNumber 14 java/lang/Double methods 0
ciMethodData com/google/gson/internal/LinkedTreeMap put (Ljava/lang/Object;Ljava/lang/Object;)Ljava/lang/Object; 2 5132 orig 80 0 0 0 0 0 0 0 0 0 0 0 0 0 0 0 0 0 0 0 0 0 0 0 0 0 0 0 0 0 0 0 0 0 0 0 0 0 0 0 0 0 0 0 0 0 0 0 0 0 0 0 0 0 0 0 0 0 0 0 0 0 0 0 0 0 0 0 0 0 0 0 0 0 0 0 0 0 0 0 0 data 33 0x10007 0x140c 0x30 0x0 0xa0002 0x0 0xf0007 0x140d 0x50 0x0 0x160007 0x0 0x30 0x0 0x1f0002 0x0 0x260005 0x7 0x1a75bcff5f8 0x1404 0x0 0x0 0x0 0x0 0x0 0x0 0x0 0x0 0x9 0x3 0xffffffffffffffff 0xffffffffffffffff 0x0 oops 1 18 com/google/gson/internal/LinkedTreeMap methods 0
ciMethodData com/google/gson/internal/bind/TypeAdapters$28 write (Lcom/google/gson/stream/JsonWriter;Lcom/google/gson/JsonElement;)V 2 4107 orig 80 0 0 0 0 0 0 0 0 0 0 0 0 0 0 0 0 0 0 0 0 0 0 0 0 0 0 0 0 0 0 0 0 0 0 0 0 0 0 0 0 0 0 0 0 0 0 0 0 0 0 0 0 0 0 0 0 0 0 0 0 0 0 0 0 0 0 0 0 0 0 0 0 0 0 0 0 0 0 0 0 data 315 0x10007 0x0 0x70 0x100b 0x50005 0x0 0x1a75b9bdeb8 0x556 0x1a75b9c9c68 0xab4 0x80007 0x100b 0x68 0x0 0xc0005 0x0 0x0 0x0 0x0 0x0 0x100003 0x0 0x8e0 0x140005 0x0 0x1a75b9bdeb8 0x557 0x1a75b9c9c68 0xab4 0x170007 0x557 0x258 0xab4 0x1b0005 0x0 0x1a75b9c9c68 0xab4 0x0 0x0 0x200005 0x6 0x1a75b9c9c68 0xaae 0x0 0x0 0x230007 0xaa2 0x98 0x12 0x280005 0x6 0x1a75b9c9c68 0xc 0x0 0x0 0x2b0005 0x0 0x1a75c396b58 0x12 0x0 0x0 0x2f0003 0x12 0x140 0x330005 0x0 0x1a75b9c9c68 0xaa2 0x0 0x0 0x360007 0x551 0x98 0x551 0x3b0005 0x0 0x1a75b9c9c68 0x551 0x0 0x0 0x3e0005 0x0 0x1a75c396b58 0x551 0x0 0x0 0x420003 0x551 0x78 0x470005 0x0 0x1a75b9c9c68 0x551 0x0 0x0 0x4a0005 0x0 0x1a75c396b58 0x551 0x0 0x0 0x4e0003 0xab4 0x658 0x520005 0x0 0x1a75b9bdeb8 0x557 0x0 0x0 0x550007 0x557 0x1f0 0x0 0x590005 0x0 0x0 0x0 0x0 0x0 0x5e0005 0x0 0x0 0x0 0x0 0x0 0x610005 0x0 0x0 0x0 0x0 0x0 0x660005 0x0 0x0 0x0 0x0 0x0 0x6b0007 0x0 0xc8 0x0 0x6f0005 0x0 0x0 0x0 0x0 0x0 0x740004 0x0 0x0 0x0 0x0 0x0 0x7d0005 0x0 0x0 0x0 0x0 0x0 0x800003 0x0 0xffffffffffffff20 0x840005 0x0 0x0 0x0 0x0 0x0 0x880003 0x0 0x438 0x8c0005 0x0 0x1a75b9bdeb8 0x557 0x0 0x0 0x8f0007 0x0 0x310 0x556 0x930005 0x0 0x1a75c396b58 0x556 0x0 0x0 0x980005 0x0 0x1a75b9bdeb8 0x557 0x0 0x0 0x9b0005 0x2 0x1a75b9bdeb8 0x555 0x0 0x0 0x9e0005 0x0 0x1a75c4cc1d0 0x557 0x0 0x0 0xa50005 0x0 0x1a75c4cc280 0x100a 0x0 0x0 0xaa0007 0x557 0x1b8 0xab4 0xae0005 0x0 0x1a75c4cc280 0xab4 0x0 0x0 0xb30004 0x0 0x1a75bd02890 0xab4 0x0 0x0 0xbb0005 0x0 0x1a75bd02890 0xab4 0x0 0x0 0xc00004 0x0 0x1a75902aa78 0xab4 0x0 0x0 0xc30005 0x0 0x1a75c396b58 0xab4 0x0 0x0 0xcb0005 0x0 0x1a75bd02890 0xab4 0x0 0x0 0xd00004 0x0 0x1a75b9c9c68 0xab4 0x0 0x0 0xd30005 0x0 0x1a75bc67210 0xab4 0x0 0x0 0xd60003 0xab4 0xfffffffffffffe30 0xda0005 0x0 0x1a75c396b58 0x557 0x0 0x0 0xde0003 0x557 0xf8 0xe90002 0x0 0xee0005 0x0 0x0 0x0 0x0 0x0 0xf20005 0x0 0x0 0x0 0x0 0x0 0xf50005 0x0 0x0 0x0 0x0 0x0 0xf80005 0x0 0x0 0x0 0x0 0x0 0xfb0002 0x0 0x0 0x0 0x0 0x0 0x0 0x0 0x9 0x3 0x0 0x0 0x0 oops 29 6 com/google/gson/JsonObject 8 com/google/gson/JsonPrimitive 25 com/google/gson/JsonObject 27 com/google/gson/JsonPrimitive 35 com/google/gson/JsonPrimitive 41 com/google/gson/JsonPrimitive 51 com/google/gson/JsonPrimitive 57 com/google/gson/stream/JsonWriter 66 com/google/gson/JsonPrimitive 76 com/google/gson/JsonPrimitive 82 com/google/gson/stream/JsonWriter 91 com/google/gson/JsonPrimitive 97 com/google/gson/stream/JsonWriter 106 com/google/gson/JsonObject 174 com/google/gson/JsonObject 184 com/google/gson/stream/JsonWriter 190 com/google/gson/JsonObject 196 com/google/gson/JsonObject 202 com/google/gson/internal/LinkedTreeMap$EntrySet 208 com/google/gson/internal/LinkedTreeMap$EntrySet$1 218 com/google/gson/internal/LinkedTreeMap$EntrySet$1 224 com/google/gson/internal/LinkedTreeMap$Node 230 com/google/gson/internal/LinkedTreeMap$Node 236 java/lang/String 242 com/google/gson/stream/JsonWriter 248 com/google/gson/internal/LinkedTreeMap$Node 254 com/google/gson/JsonPrimitive 260 com/google/gson/internal/bind/TypeAdapters$28 269 com/google/gson/stream/JsonWriter methods 0
ciMethodData com/google/gson/JsonElement isJsonNull ()Z 2 4107 orig 80 0 0 0 0 0 0 0 0 0 0 0 0 0 0 0 0 0 0 0 0 0 0 0 0 0 0 0 0 0 0 0 0 0 0 0 0 0 0 0 0 0 0 0 0 0 0 0 0 0 0 0 0 0 0 0 0 0 0 0 0 0 0 0 0 0 0 0 0 0 0 0 0 0 0 0 0 0 0 0 0 data 15 0x10004 0x0 0x1a75b9bdeb8 0x557 0x1a75b9c9c68 0xab4 0x0 0x0 0x0 0x0 0x0 0x0 0x9 0x1 0x0 oops 2 2 com/google/gson/JsonObject 4 com/google/gson/JsonPrimitive methods 0
ciMethodData com/google/gson/JsonElement getAsJsonPrimitive ()Lcom/google/gson/JsonPrimitive; 2 2766 orig 80 0 0 0 0 0 0 0 0 0 0 0 0 0 0 0 0 0 0 0 0 0 0 0 0 0 0 0 0 0 0 0 0 0 0 0 0 0 0 0 0 0 0 0 0 0 0 0 0 0 0 0 0 0 0 0 0 0 0 0 0 0 0 0 0 0 0 0 0 0 0 0 0 0 0 0 0 0 0 0 0 data 47 0x10005 0x0 0x1a75b9c9c68 0xace 0x0 0x0 0x40007 0x0 0x50 0xace 0x80004 0x0 0x1a75b9c9c68 0xace 0x0 0x0 0x140002 0x0 0x190005 0x0 0x0 0x0 0x0 0x0 0x1d0005 0x0 0x0 0x0 0x0 0x0 0x200005 0x0 0x0 0x0 0x0 0x0 0x230002 0x0 0x0 0x0 0x0 0x0 0x0 0x0 0x9 0x1 0x0 oops 2 2 com/google/gson/JsonPrimitive 12 com/google/gson/JsonPrimitive methods 0
ciMethodData com/google/gson/JsonPrimitive isBoolean ()Z 2 4248 orig 80 0 0 0 0 0 0 0 0 0 0 0 0 0 0 0 0 0 0 0 0 0 0 0 0 0 0 0 0 0 0 0 0 0 0 0 0 0 0 0 0 0 0 0 0 0 0 0 0 0 0 0 0 0 0 0 0 0 0 0 0 0 0 0 0 0 0 0 0 0 0 0 0 0 0 0 0 0 0 0 0 data 15 0x40004 0x0 0x1a75902e6c8 0xb10 0x1a75902aa78 0x588 0x0 0x0 0x0 0x0 0x0 0x0 0x9 0x1 0x0 oops 2 2 java/lang/Boolean 4 java/lang/String methods 0
ciMethodData com/google/gson/internal/LinkedTreeMap$LinkedTreeMapIterator hasNext ()Z 2 4143 orig 80 0 0 0 0 0 0 0 0 0 0 0 0 0 0 0 0 0 0 0 0 0 0 0 0 0 0 0 0 0 0 0 0 0 0 0 0 0 0 0 0 0 0 0 0 0 0 0 0 0 0 0 0 0 0 0 0 0 0 0 0 0 0 0 0 0 0 0 0 0 0 0 0 0 0 0 0 0 0 0 0 data 16 0xb0007 0x563 0x38 0xacc 0xf0003 0xacc 0x18 0x0 0x0 0x0 0x0 0x0 0x0 0x9 0x1 0x0 oops 0 methods 0
ciMethodData com/google/gson/stream/JsonWriter value (Ljava/lang/Number;)Lcom/google/gson/stream/JsonWriter; 1 18 orig 80 0 0 0 0 0 0 0 0 0 0 0 0 0 0 0 0 0 0 0 0 0 0 0 0 0 0 0 0 0 0 0 0 0 0 0 0 0 0 0 0 0 0 0 0 0 0 0 0 0 0 0 0 0 0 0 0 0 0 0 0 0 0 0 0 0 0 0 0 0 0 0 0 0 0 0 0 0 0 0 0 data 155 0x10007 0x12 0x50 0x0 0x50005 0x0 0x0 0x0 0x0 0x0 0xa0002 0x12 0xe0005 0x0 0x1a75902e928 0xc 0x1a75902ead8 0x6 0x150005 0x12 0x0 0x0 0x0 0x0 0x180007 0x0 0xc0 0x12 0x1e0005 0x12 0x0 0x0 0x0 0x0 0x210007 0x0 0x70 0x12 0x270005 0x12 0x0 0x0 0x0 0x0 0x2a0007 0x12 0xf0 0x0 0x340007 0x0 0x2c0 0x0 0x3f0002 0x0 0x440005 0x0 0x0 0x0 0x0 0x0 0x480005 0x0 0x0 0x0 0x0 0x0 0x4b0005 0x0 0x0 0x0 0x0 0x0 0x4e0002 0x0 0x530005 0x12 0x0 0x0 0x0 0x0 0x580002 0x12 0x5b0007 0x12 0x1b0 0x0 0x620005 0x0 0x0 0x0 0x0 0x0 0x650005 0x0 0x0 0x0 0x0 0x0 0x680007 0x0 0x130 0x0 0x730002 0x0 0x780005 0x0 0x0 0x0 0x0 0x0 0x7c0005 0x0 0x0 0x0 0x0 0x0 0x810005 0x0 0x0 0x0 0x0 0x0 0x850005 0x0 0x0 0x0 0x0 0x0 0x880005 0x0 0x0 0x0 0x0 0x0 0x8b0002 0x0 0x900002 0x12 0x980005 0x0 0x1a75c2e3468 0x12 0x0 0x0 0x0 0x0 0x0 0x0 0x0 0x0 0x0 0x9 0x2 0x0 0x0 oops 3 14 java/lang/Double 16 java/lang/Integer 140 java/io/StringWriter methods 0
ciMethodData com/google/gson/JsonPrimitive getAsBoolean ()Z 2 1416 orig 80 0 0 0 0 0 0 0 0 0 0 0 0 0 0 0 0 0 0 0 0 0 0 0 0 0 0 0 0 0 0 0 0 0 0 0 0 0 0 0 0 0 0 0 0 0 0 0 0 0 0 0 0 0 0 0 0 0 0 0 0 0 0 0 0 0 0 0 0 0 0 0 0 0 0 0 0 0 0 0 0 data 39 0x10005 0x0 0x1a75b9c9c68 0x588 0x0 0x0 0x40007 0x0 0x80 0x588 0xb0004 0x0 0x1a75902e6c8 0x588 0x0 0x0 0xe0005 0x0 0x1a75902e6c8 0x588 0x0 0x0 0x130005 0x0 0x0 0x0 0x0 0x0 0x160002 0x0 0x0 0x0 0x0 0x0 0x0 0x0 0x9 0x1 0x0 oops 3 2 com/google/gson/JsonPrimitive 12 java/lang/Boolean 18 java/lang/Boolean methods 0
ciMethodData com/google/gson/JsonPrimitive getAsString ()Ljava/lang/String; 2 4259 orig 80 0 0 0 0 0 0 0 0 0 0 0 0 0 0 0 0 0 0 0 0 0 0 0 0 0 0 0 0 0 0 0 0 0 0 0 0 0 0 0 0 0 0 0 0 0 0 0 0 0 0 0 0 0 0 0 0 0 0 0 0 0 0 0 0 0 0 0 0 0 0 0 0 0 0 0 0 0 0 0 0 data 97 0x40004 0x0 0x1a75902aa78 0x10a3 0x0 0x0 0x70007 0x0 0x50 0x10a3 0xe0004 0x0 0x1a75902aa78 0x10a3 0x0 0x0 0x130005 0x0 0x0 0x0 0x0 0x0 0x160007 0x0 0x80 0x0 0x1a0005 0x0 0x0 0x0 0x0 0x0 0x1d0005 0x0 0x0 0x0 0x0 0x0 0x220005 0x0 0x0 0x0 0x0 0x0 0x250007 0x0 0x80 0x0 0x2c0004 0x0 0x0 0x0 0x0 0x0 0x2f0005 0x0 0x0 0x0 0x0 0x0 0x3b0002 0x0 0x400005 0x0 0x0 0x0 0x0 0x0 0x470005 0x0 0x0 0x0 0x0 0x0 0x4a0005 0x0 0x0 0x0 0x0 0x0 0x4d0005 0x0 0x0 0x0 0x0 0x0 0x500002 0x0 0x0 0x0 0x0 0x0 0x0 0x0 0x9 0x1 0x0 oops 2 2 java/lang/String 12 java/lang/String methods 0
ciMethodData com/google/gson/stream/JsonWriter value (Z)Lcom/google/gson/stream/JsonWriter; 2 1416 orig 80 0 0 0 0 0 0 0 0 0 0 0 0 0 0 0 0 0 0 0 0 0 0 0 0 0 0 0 0 0 0 0 0 0 0 0 0 0 0 0 0 0 0 0 0 0 0 0 0 0 0 0 0 0 0 0 0 0 0 0 0 0 0 0 0 0 0 0 0 0 0 0 0 0 0 0 0 0 0 0 0 data 27 0x10002 0x588 0x50002 0x588 0xd0007 0x0 0x38 0x588 0x120003 0x588 0x18 0x170005 0x0 0x1a75c2e3468 0x588 0x0 0x0 0x0 0x0 0x0 0x0 0x0 0x0 0x9 0x2 0xffffffffffffffff 0x0 oops 1 13 java/io/StringWriter methods 0
ciMethodData com/google/gson/stream/JsonWriter writeDeferredName ()V 2 4107 orig 80 0 0 0 0 0 0 0 0 0 0 0 0 0 0 0 0 0 0 0 0 0 0 0 0 0 0 0 0 0 0 0 0 0 0 0 0 0 0 0 0 0 0 0 0 0 0 0 0 0 0 0 0 0 0 0 0 0 0 0 0 0 0 0 0 0 0 0 0 0 0 0 0 0 0 0 0 0 0 0 0 data 17 0x40007 0x557 0x40 0xab4 0x80002 0xab4 0x100002 0xab4 0x0 0x0 0x0 0x0 0x0 0x0 0x9 0x1 0xffffffffffffffff oops 0 methods 0
ciMethodData com/google/gson/stream/JsonWriter beforeName ()V 2 2740 orig 80 0 0 0 0 0 0 0 0 0 0 0 0 0 0 0 0 0 0 0 0 0 0 0 0 0 0 0 0 0 0 0 0 0 0 0 0 0 0 0 0 0 0 0 0 0 0 0 0 0 0 0 0 0 0 0 0 0 0 0 0 0 0 0 0 0 0 0 0 0 0 0 0 0 0 0 0 0 0 0 0 data 34 0x10002 0xab4 0x70007 0x557 0x68 0x55d 0x120005 0x0 0x1a75c2e3468 0x55d 0x0 0x0 0x150003 0x55d 0x48 0x1a0007 0x557 0x30 0x0 0x230002 0x0 0x280002 0xab4 0x2d0002 0xab4 0x0 0x0 0x0 0x0 0x0 0x0 0x9 0x1 0x0 oops 1 8 java/io/StringWriter methods 0
ciMethodData com/google/gson/stream/JsonWriter beforeValue ()V 2 4107 orig 80 0 0 0 0 0 0 0 0 0 0 0 0 0 0 0 0 0 0 0 0 0 0 0 0 0 0 0 0 0 0 0 0 0 0 0 0 0 0 0 0 0 0 0 0 0 0 0 0 0 0 0 0 0 0 0 0 0 0 0 0 0 0 0 0 0 0 0 0 0 0 0 0 0 0 0 0 0 0 0 0 data 72 0x10002 0x100b 0x40008 0x10 0x0 0x1d0 0x0 0xe8 0x0 0x120 0x0 0x1d0 0xab4 0x178 0x0 0x1d0 0x557 0xc0 0x0 0x90 0x370007 0x0 0x30 0x0 0x400002 0x0 0x470002 0x557 0x4a0003 0x557 0x110 0x4f0002 0x0 0x530002 0x0 0x560003 0x0 0xd8 0x610005 0x0 0x0 0x0 0x0 0x0 0x660002 0x0 0x690003 0x0 0x80 0x740005 0x0 0x1a75c2e3468 0xab4 0x0 0x0 0x7a0002 0xab4 0x7d0003 0xab4 0x28 0x860002 0x0 0x0 0x0 0x0 0x0 0x0 0x0 0x0 0x9 0x1 0x0 oops 1 51 java/io/StringWriter methods 0
ciMethodData com/google/gson/stream/JsonWriter value (Ljava/lang/String;)Lcom/google/gson/stream/JsonWriter; 2 1416 orig 80 0 0 0 0 0 0 0 0 0 0 0 0 0 0 0 0 0 0 0 0 0 0 0 0 0 0 0 0 0 0 0 0 0 0 0 0 0 0 0 0 0 0 0 0 0 0 0 0 0 0 0 0 0 0 0 0 0 0 0 0 0 0 0 0 0 0 0 0 0 0 0 0 0 0 0 0 0 0 0 0 data 26 0x10007 0x588 0x50 0x0 0x50005 0x0 0x0 0x0 0x0 0x0 0xa0002 0x588 0xe0002 0x588 0x130002 0x588 0x0 0x0 0x0 0x0 0x0 0x0 0x9 0x2 0xffffffffffffffff 0xffffffffffffffff oops 0 methods 0
ciMethodData com/google/gson/JsonElement isJsonArray ()Z 2 1367 orig 80 0 0 0 0 0 0 0 0 0 0 0 0 0 0 0 0 0 0 0 0 0 0 0 0 0 0 0 0 0 0 0 0 0 0 0 0 0 0 0 0 0 0 0 0 0 0 0 0 0 0 0 0 0 0 0 0 0 0 0 0 0 0 0 0 0 0 0 0 0 0 0 0 0 0 0 0 0 0 0 0 data 15 0x10004 0x0 0x1a75b9bdeb8 0x557 0x0 0x0 0x0 0x0 0x0 0x0 0x0 0x0 0x9 0x1 0x0 oops 1 2 com/google/gson/JsonObject methods 0
ciMethodData com/google/gson/stream/JsonWriter openScope (IC)Lcom/google/gson/stream/JsonWriter; 2 1367 orig 80 0 0 0 0 0 0 0 0 0 0 0 0 0 0 0 0 0 0 0 0 0 0 0 0 0 0 0 0 0 0 0 0 0 0 0 0 0 0 0 0 0 0 0 0 0 0 0 0 0 0 0 0 0 0 0 0 0 0 0 0 0 0 0 0 0 0 0 0 0 0 0 0 0 0 0 0 0 0 0 0 data 21 0x10002 0x557 0x60002 0x556 0xe0005 0x0 0x1a75c2e3468 0x557 0x0 0x0 0x0 0x0 0x0 0x0 0x0 0x0 0x9 0x3 0x0 0x0 0x0 oops 1 6 java/io/StringWriter methods 0
ciMethodData com/google/gson/stream/JsonWriter push (I)V 2 2730 orig 80 0 0 0 0 0 0 0 0 0 0 0 0 0 0 0 0 0 0 0 0 0 0 0 0 0 0 0 0 0 0 0 0 0 0 0 0 0 0 0 0 0 0 0 0 0 0 0 0 0 0 0 0 0 0 0 0 0 0 0 0 0 0 0 0 0 0 0 0 0 0 0 0 0 0 0 0 0 0 0 0 data 16 0x90007 0xaaa 0x30 0x0 0x170002 0x0 0x0 0x0 0x0 0x0 0x0 0x0 0x9 0x2 0xe 0x0 oops 0 methods 0
ciMethodData com/google/gson/JsonArray iterator ()Ljava/util/Iterator; 1 6 orig 80 0 0 0 0 0 0 0 0 0 0 0 0 0 0 0 0 0 0 0 0 0 0 0 0 0 0 0 0 0 0 0 0 0 0 0 0 0 0 0 0 0 0 0 0 0 0 0 0 0 0 0 0 0 0 0 0 0 0 0 0 0 0 0 0 0 0 0 0 0 0 0 0 0 0 0 0 0 0 0 0 data 15 0x40005 0x0 0x1a75902e058 0x5 0x0 0x0 0x0 0x0 0x0 0x0 0x0 0x0 0x9 0x1 0x0 oops 1 2 java/util/ArrayList methods 0
ciMethodData com/google/gson/stream/JsonWriter closeScope (IIC)Lcom/google/gson/stream/JsonWriter; 2 1422 orig 80 0 0 0 0 0 0 0 0 0 0 0 0 0 0 0 0 0 0 0 0 0 0 0 0 0 0 0 0 0 0 0 0 0 0 0 0 0 0 0 0 0 0 0 0 0 0 0 0 0 0 0 0 0 0 0 0 0 0 0 0 0 0 0 0 0 0 0 0 0 0 0 0 0 0 0 0 0 0 0 0 data 62 0x10002 0x58e 0x90007 0x58e 0x50 0x0 0xf0007 0x0 0x30 0x0 0x180002 0x0 0x200007 0x58e 0xd0 0x0 0x2b0002 0x0 0x300005 0x0 0x0 0x0 0x0 0x0 0x370005 0x0 0x0 0x0 0x0 0x0 0x3a0005 0x0 0x0 0x0 0x0 0x0 0x3d0002 0x0 0x4e0007 0x0 0x30 0x58e 0x520002 0x58e 0x5a0005 0x0 0x1a75c2e3468 0x58e 0x0 0x0 0x0 0x0 0x0 0x0 0x0 0x0 0x9 0x4 0x6 0x0 0x0 0x0 oops 1 46 java/io/StringWriter methods 0
ciMethodData com/google/gson/JsonElement isJsonObject ()Z 2 2734 orig 80 0 0 0 0 0 0 0 0 0 0 0 0 0 0 0 0 0 0 0 0 0 0 0 0 0 0 0 0 0 0 0 0 0 0 0 0 0 0 0 0 0 0 0 0 0 0 0 0 0 0 0 0 0 0 0 0 0 0 0 0 0 0 0 0 0 0 0 0 0 0 0 0 0 0 0 0 0 0 0 0 data 15 0x10004 0x0 0x1a75b9bdeb8 0xaad 0x0 0x0 0x0 0x0 0x0 0x0 0x0 0x0 0x9 0x1 0x0 oops 1 2 com/google/gson/JsonObject methods 0
ciMethodData com/google/gson/stream/JsonWriter beginObject ()Lcom/google/gson/stream/JsonWriter; 2 1366 orig 80 0 0 0 0 0 0 0 0 0 0 0 0 0 0 0 0 0 0 0 0 0 0 0 0 0 0 0 0 0 0 0 0 0 0 0 0 0 0 0 0 0 0 0 0 0 0 0 0 0 0 0 0 0 0 0 0 0 0 0 0 0 0 0 0 0 0 0 0 0 0 0 0 0 0 0 0 0 0 0 0 data 10 0x10002 0x556 0x80002 0x557 0x0 0x0 0x0 0x9 0x1 0x0 oops 0 methods 0
ciMethodData com/google/gson/JsonElement getAsJsonObject ()Lcom/google/gson/JsonObject; 2 1378 orig 80 0 0 0 0 0 0 0 0 0 0 0 0 0 0 0 0 0 0 0 0 0 0 0 0 0 0 0 0 0 0 0 0 0 0 0 0 0 0 0 0 0 0 0 0 0 0 0 0 0 0 0 0 0 0 0 0 0 0 0 0 0 0 0 0 0 0 0 0 0 0 0 0 0 0 0 0 0 0 0 0 data 47 0x10005 0x0 0x1a75b9bdeb8 0x562 0x0 0x0 0x40007 0x0 0x50 0x562 0x80004 0x0 0x1a75b9bdeb8 0x562 0x0 0x0 0x140002 0x0 0x190005 0x0 0x0 0x0 0x0 0x0 0x1d0005 0x0 0x0 0x0 0x0 0x0 0x200005 0x0 0x0 0x0 0x0 0x0 0x230002 0x0 0x0 0x0 0x0 0x0 0x0 0x0 0x9 0x1 0x0 oops 2 2 com/google/gson/JsonObject 12 com/google/gson/JsonObject methods 0
ciMethodData com/google/gson/JsonObject entrySet ()Ljava/util/Set; 2 1378 orig 80 0 0 0 0 0 0 0 0 0 0 0 0 0 0 0 0 0 0 0 0 0 0 0 0 0 0 0 0 0 0 0 0 0 0 0 0 0 0 0 0 0 0 0 0 0 0 0 0 0 0 0 0 0 0 0 0 0 0 0 0 0 0 0 0 0 0 0 0 0 0 0 0 0 0 0 0 0 0 0 0 data 15 0x40005 0x1 0x1a75bcff5f8 0x560 0x0 0x0 0x0 0x0 0x0 0x0 0x0 0x0 0x9 0x1 0x0 oops 1 2 com/google/gson/internal/LinkedTreeMap methods 0
ciMethodData com/google/gson/internal/LinkedTreeMap entrySet ()Ljava/util/Set; 2 1379 orig 80 0 0 0 0 0 0 0 0 0 0 0 0 0 0 0 0 0 0 0 0 0 0 0 0 0 0 0 0 0 0 0 0 0 0 0 0 0 0 0 0 0 0 0 0 0 0 0 0 0 0 0 0 0 0 0 0 0 0 0 0 0 0 0 0 0 0 0 0 0 0 0 0 0 0 0 0 0 0 0 0 data 18 0x60007 0x563 0x38 0x0 0xa0003 0x0 0x28 0x130002 0x563 0x0 0x0 0x0 0x0 0x0 0x0 0x9 0x1 0x0 oops 0 methods 0
ciMethodData com/google/gson/stream/JsonWriter name (Ljava/lang/String;)Lcom/google/gson/stream/JsonWriter; 2 2766 orig 80 0 0 0 0 0 0 0 0 0 0 0 0 0 0 0 0 0 0 0 0 0 0 0 0 0 0 0 0 0 0 0 0 0 0 0 0 0 0 0 0 0 0 0 0 0 0 0 0 0 0 0 0 0 0 0 0 0 0 0 0 0 0 0 0 0 0 0 0 0 0 0 0 0 0 0 0 0 0 0 0 data 30 0x30002 0xace 0xb0007 0xace 0x30 0x0 0x140002 0x0 0x190002 0xace 0x1f0007 0x564 0x50 0x56a 0x240007 0x56a 0x30 0x0 0x2d0002 0x0 0x0 0x0 0x0 0x0 0x0 0x0 0x9 0x2 0x0 0x0 oops 0 methods 0
ciMethodData com/google/gson/stream/JsonWriter endObject ()Lcom/google/gson/stream/JsonWriter; 2 1422 orig 80 0 0 0 0 0 0 0 0 0 0 0 0 0 0 0 0 0 0 0 0 0 0 0 0 0 0 0 0 0 0 0 0 0 0 0 0 0 0 0 0 0 0 0 0 0 0 0 0 0 0 0 0 0 0 0 0 0 0 0 0 0 0 0 0 0 0 0 0 0 0 0 0 0 0 0 0 0 0 0 0 data 7 0x50002 0x58e 0x0 0x0 0x9 0x1 0x6 oops 0 methods 0
ciMethodData com/google/gson/stream/JsonWriter newline ()V 2 4099 orig 80 0 0 0 0 0 0 0 0 0 0 0 0 0 0 0 0 0 0 0 0 0 0 0 0 0 0 0 0 0 0 0 0 0 0 0 0 0 0 0 0 0 0 0 0 0 0 0 0 0 0 0 0 0 0 0 0 0 0 0 0 0 0 0 0 0 0 0 0 0 0 0 0 0 0 0 0 0 0 0 0 data 44 0x40007 0x0 0x20 0x1003 0x100005 0x0 0x0 0x0 0x0 0x0 0x130005 0x0 0x0 0x0 0x0 0x0 0x1f0007 0x0 0x98 0x0 0x2a0005 0x0 0x0 0x0 0x0 0x0 0x2d0005 0x0 0x0 0x0 0x0 0x0 0x330003 0x0 0xffffffffffffff80 0x0 0x0 0x0 0x0 0x0 0x0 0x9 0x1 0x0 oops 0 methods 0
ciMethodData com/google/gson/JsonPrimitive getAsDouble ()D 1 0 orig 80 0 0 0 0 0 0 0 0 0 0 0 0 0 0 0 0 0 0 0 0 0 0 0 0 0 0 0 0 0 0 0 0 0 0 0 0 0 0 0 0 0 0 0 0 0 0 0 0 0 0 0 0 0 0 0 0 0 0 0 0 0 0 0 0 0 0 0 0 0 0 0 0 0 0 0 0 0 0 0 0 data 42 0x10005 0x0 0x0 0x0 0x0 0x0 0x40007 0x0 0x98 0x0 0x80005 0x0 0x0 0x0 0x0 0x0 0xb0005 0x0 0x0 0x0 0x0 0x0 0xe0003 0x0 0x58 0x120005 0x0 0x0 0x0 0x0 0x0 0x150002 0x0 0x0 0x0 0x0 0x0 0x0 0x0 0x9 0x1 0x0 oops 0 methods 0
ciMethodData com/google/gson/stream/JsonReader setStrictness (Lcom/google/gson/Strictness;)V 2 4044 orig 80 0 0 0 0 0 0 0 0 0 0 0 0 0 0 0 0 0 0 0 0 0 0 0 0 0 0 0 0 0 0 0 0 0 0 0 0 0 0 0 0 0 0 0 0 0 0 0 0 0 0 0 0 0 0 0 0 0 0 0 0 0 0 0 0 0 0 0 0 0 0 0 0 0 0 0 0 0 0 0 0 data 12 0x10002 0xfcc 0x0 0x0 0x0 0x0 0x0 0x0 0x9 0x2 0x0 0x0 oops 0 methods 0
ciMethodData com/google/gson/stream/JsonWriter setStrictness (Lcom/google/gson/Strictness;)V 2 4062 orig 80 0 0 0 0 0 0 0 0 0 0 0 0 0 0 0 0 0 0 0 0 0 0 0 0 0 0 0 0 0 0 0 0 0 0 0 0 0 0 0 0 0 0 0 0 0 0 0 0 0 0 0 0 0 0 0 0 0 0 0 0 0 0 0 0 0 0 0 0 0 0 0 0 0 0 0 0 0 0 0 0 data 18 0x20002 0xfde 0x50004 0x0 0x1a7595b9568 0x49f 0x0 0x0 0x0 0x0 0x0 0x0 0x0 0x0 0x9 0x2 0x20 0x0 oops 1 4 com/google/gson/Strictness methods 0
ciMethodData com/google/gson/JsonObject add (Ljava/lang/String;Lcom/google/gson/JsonElement;)V 2 5365 orig 80 0 0 0 0 0 0 0 0 0 0 0 0 0 0 0 0 0 0 0 0 0 0 0 0 0 0 0 0 0 0 0 0 0 0 0 0 0 0 0 0 0 0 0 0 0 0 0 0 0 0 0 0 0 0 0 0 0 0 0 0 0 0 0 0 0 0 0 0 0 0 0 0 0 0 0 0 0 0 0 0 data 24 0x60007 0x14f4 0x38 0x0 0xc0003 0x0 0x18 0x100005 0x0 0x1a75bcff5f8 0x14f5 0x0 0x0 0x0 0x0 0x0 0x0 0x0 0x0 0x9 0x3 0x0 0xffffffffffffffff 0x0 oops 1 9 com/google/gson/internal/LinkedTreeMap methods 0
ciMethodData com/google/gson/internal/LinkedTreeMap$LinkedTreeMapIterator nextNode ()Lcom/google/gson/internal/LinkedTreeMap$Node; 2 2688 orig 80 0 0 0 0 0 0 0 0 0 0 0 0 0 0 0 0 0 0 0 0 0 0 0 0 0 0 0 0 0 0 0 0 0 0 0 0 0 0 0 0 0 0 0 0 0 0 0 0 0 0 0 0 0 0 0 0 0 0 0 0 0 0 0 0 0 0 0 0 0 0 0 0 0 0 0 0 0 0 0 0 data 21 0xd0007 0xa80 0x30 0x0 0x140002 0x0 0x230007 0xa80 0x30 0x0 0x2a0002 0x0 0x0 0x0 0x0 0x0 0x0 0x0 0x9 0x1 0xc oops 0 methods 0
ciMethodData com/google/gson/internal/LinkedTreeMap$EntrySet$1 next ()Ljava/util/Map$Entry; 2 2686 orig 80 0 0 0 0 0 0 0 0 0 0 0 0 0 0 0 0 0 0 0 0 0 0 0 0 0 0 0 0 0 0 0 0 0 0 0 0 0 0 0 0 0 0 0 0 0 0 0 0 0 0 0 0 0 0 0 0 0 0 0 0 0 0 0 0 0 0 0 0 0 0 0 0 0 0 0 0 0 0 0 0 data 15 0x10005 0x0 0x1a75c4cc280 0xa7e 0x0 0x0 0x0 0x0 0x0 0x0 0x0 0x0 0x9 0x1 0x0 oops 1 2 com/google/gson/internal/LinkedTreeMap$EntrySet$1 methods 0
ciMethodData com/google/gson/internal/LinkedTreeMap$EntrySet$1 next ()Ljava/lang/Object; 2 2686 orig 80 0 0 0 0 0 0 0 0 0 0 0 0 0 0 0 0 0 0 0 0 0 0 0 0 0 0 0 0 0 0 0 0 0 0 0 0 0 0 0 0 0 0 0 0 0 0 0 0 0 0 0 0 0 0 0 0 0 0 0 0 0 0 0 0 0 0 0 0 0 0 0 0 0 0 0 0 0 0 0 0 data 15 0x10005 0x0 0x1a75c4cc280 0xa7e 0x0 0x0 0x0 0x0 0x0 0x0 0x0 0x0 0x9 0x1 0x0 oops 1 2 com/google/gson/internal/LinkedTreeMap$EntrySet$1 methods 0
ciMethodData com/google/gson/internal/LinkedTreeMap$Node <init> (Z)V 2 2629 orig 80 0 0 0 0 0 0 0 0 0 0 0 0 0 0 0 0 0 0 0 0 0 0 0 0 0 0 0 0 0 0 0 0 0 0 0 0 0 0 0 0 0 0 0 0 0 0 0 0 0 0 0 0 0 0 0 0 0 0 0 0 0 0 0 0 0 0 0 0 0 0 0 0 0 0 0 0 0 0 0 0 data 10 0x10002 0xa45 0x0 0x0 0x0 0x0 0x9 0x2 0x34 0x0 oops 0 methods 0
ciMethodData com/google/gson/stream/JsonWriter setFormattingStyle (Lcom/google/gson/FormattingStyle;)V 2 2622 orig 80 0 0 0 0 0 0 0 0 0 0 0 0 0 0 0 0 0 0 0 0 0 0 0 0 0 0 0 0 0 0 0 0 0 0 0 0 0 0 0 0 0 0 0 0 0 0 0 0 0 0 0 0 0 0 0 0 0 0 0 0 0 0 0 0 0 0 0 0 0 0 0 0 0 0 0 0 0 0 0 0 data 83 0x20002 0xa3e 0x50004 0x0 0x0 0x0 0x0 0x0 0x150005 0x0 0x1a75c399db0 0xa3e 0x0 0x0 0x180007 0xa3e 0xb8 0x0 0x250005 0x0 0x0 0x0 0x0 0x0 0x280005 0x0 0x0 0x0 0x0 0x0 0x2b0007 0x0 0x38 0x0 0x340003 0x0 0x18 0x420005 0x0 0x1a75c399db0 0xa3e 0x0 0x0 0x450005 0x0 0x1a75902aa78 0xa3e 0x0 0x0 0x480007 0x0 0xb8 0xa3e 0x4f0005 0x0 0x1a75c399db0 0xa3e 0x0 0x0 0x520005 0x0 0x1a75902aa78 0xa3e 0x0 0x0 0x550007 0x0 0x38 0xa3e 0x590003 0xa3e 0x18 0x0 0x0 0x0 0x0 0x0 0x0 0x0 0x9 0x2 0x3c 0x0 oops 5 10 com/google/gson/FormattingStyle 39 com/google/gson/FormattingStyle 45 java/lang/String 55 com/google/gson/FormattingStyle 61 java/lang/String methods 0
ciMethodData com/google/gson/internal/LinkedTreeMap get (Ljava/lang/Object;)Ljava/lang/Object; 2 2706 orig 80 0 0 0 0 0 0 0 0 0 0 0 0 0 0 0 0 0 0 0 0 0 0 0 0 0 0 0 0 0 0 0 0 0 0 0 0 0 0 0 0 0 0 0 0 0 0 0 0 0 0 0 0 0 0 0 0 0 0 0 0 0 0 0 0 0 0 0 0 0 0 0 0 0 0 0 0 0 0 0 0 data 23 0x20005 0x0 0x1a75bcff5f8 0xa92 0x0 0x0 0x70007 0x0 0x38 0xa92 0xe0003 0xa92 0x18 0x0 0x0 0x0 0x0 0x0 0x0 0x9 0x2 0xffffffffffffffff 0xffffffffffffffff oops 1 2 com/google/gson/internal/LinkedTreeMap methods 0
ciMethodData com/google/gson/stream/JsonReader nextName ()Ljava/lang/String; 2 2578 orig 80 0 0 0 0 0 0 0 0 0 0 0 0 0 0 0 0 0 0 0 0 0 0 0 0 0 0 0 0 0 0 0 0 0 0 0 0 0 0 0 0 0 0 0 0 0 0 0 0 0 0 0 0 0 0 0 0 0 0 0 0 0 0 0 0 0 0 0 0 0 0 0 0 0 0 0 0 0 0 0 0 data 54 0x60007 0xa12 0x50 0x0 0xa0005 0x0 0x0 0x0 0x0 0x0 0x110007 0xa12 0x48 0x0 0x150002 0x0 0x190003 0x0 0xb8 0x1f0007 0xa12 0x48 0x0 0x250002 0x0 0x290003 0x0 0x70 0x2f0007 0x0 0x48 0xa12 0x350002 0xa12 0x390003 0xa12 0x28 0x3f0002 0x0 0x530004 0x0 0x1a75902aa78 0xa12 0x0 0x0 0x0 0x0 0x0 0x0 0x0 0x0 0x9 0x1 0x0 oops 1 41 java/lang/String methods 0
ciMethodData com/google/gson/stream/JsonReader push (I)V 2 1221 orig 80 0 0 0 0 0 0 0 0 0 0 0 0 0 0 0 0 0 0 0 0 0 0 0 0 0 0 0 0 0 0 0 0 0 0 0 0 0 0 0 0 0 0 0 0 0 0 0 0 0 0 0 0 0 0 0 0 0 0 0 0 0 0 0 0 0 0 0 0 0 0 0 0 0 0 0 0 0 0 0 0 data 27 0x90007 0x4c5 0x80 0x0 0x190002 0x0 0x250002 0x0 0x310002 0x0 0x340004 0x0 0x0 0x0 0x0 0x0 0x0 0x0 0x0 0x0 0x0 0x0 0x0 0x9 0x2 0x0 0x0 oops 0 methods 0
ciMethodData com/google/gson/Gson newJsonReader (Ljava/io/Reader;)Lcom/google/gson/stream/JsonReader; 2 1179 orig 80 0 0 0 0 0 0 0 0 0 0 0 0 0 0 0 0 0 0 0 0 0 0 0 0 0 0 0 0 0 0 0 0 0 0 0 0 0 0 0 0 0 0 0 0 0 0 0 0 0 0 0 0 0 0 0 0 0 0 0 0 0 0 0 0 0 0 0 0 0 0 0 0 0 0 0 0 0 0 0 0 data 25 0x50002 0x49b 0xe0007 0x0 0x38 0x49b 0x140003 0x49b 0x18 0x1b0005 0x1 0x1a7595b82f8 0x49a 0x0 0x0 0x0 0x0 0x0 0x0 0x0 0x0 0x9 0x2 0x0 0x0 oops 1 11 com/google/gson/stream/JsonReader methods 0
ciMethodData com/google/gson/stream/JsonReader <init> (Ljava/io/Reader;)V 2 1179 orig 80 0 0 0 0 0 0 0 0 0 0 0 0 0 0 0 0 0 0 0 0 0 0 0 0 0 0 0 0 0 0 0 0 0 0 0 0 0 0 0 0 0 0 0 0 0 0 0 0 0 0 0 0 0 0 0 0 0 0 0 0 0 0 0 0 0 0 0 0 0 0 0 0 0 0 0 0 0 0 0 0 data 25 0x10002 0x49b 0x610002 0x49b 0x640004 0x0 0x1a75b735e10 0x81 0x0 0x0 0x0 0x0 0x0 0x0 0x0 0x0 0x0 0x0 0x0 0x0 0x0 0x9 0x2 0x3fe 0x0 oops 1 6 java/io/StringReader methods 0
ciMethodData com/google/gson/Gson fromJson (Lcom/google/gson/stream/JsonReader;Lcom/google/gson/reflect/TypeToken;)Ljava/lang/Object; 2 1180 orig 80 0 0 0 0 0 0 0 0 0 0 0 0 0 0 0 0 0 0 0 0 0 0 0 0 0 0 0 0 0 0 0 0 0 0 0 0 0 0 0 0 0 0 0 0 0 0 0 0 0 0 0 0 0 0 0 0 0 0 0 0 0 0 0 0 0 0 0 0 0 0 0 0 0 0 0 0 0 0 0 0 data 127 0x30005 0x81 0x1a7595b82f8 0x41b 0x0 0x0 0xc0007 0x49c 0x68 0x0 0x140005 0x0 0x0 0x0 0x0 0x0 0x170003 0x0 0x98 0x1b0005 0x81 0x1a7595b82f8 0x41b 0x0 0x0 0x210007 0x0 0x50 0x49c 0x280005 0x81 0x1a7595b82f8 0x41b 0x0 0x0 0x2c0005 0x0 0x1a7595b82f8 0x49c 0x0 0x0 0x350005 0x81 0x1a75b9bdda8 0x41b 0x0 0x0 0x3d0005 0x0 0x1a75ba20a68 0x49c 0x0 0x0 0x450005 0x81 0x1a7595b82f8 0x41b 0x0 0x0 0x4e0007 0x0 0x50 0x0 0x570005 0x0 0x0 0x0 0x0 0x0 0x630002 0x0 0x6f0002 0x0 0x7b0002 0x0 0x890002 0x0 0x8e0005 0x0 0x0 0x0 0x0 0x0 0x930005 0x0 0x0 0x0 0x0 0x0 0x960005 0x0 0x0 0x0 0x0 0x0 0x990005 0x0 0x0 0x0 0x0 0x0 0x9e0002 0x0 0xa70005 0x0 0x0 0x0 0x0 0x0 0x0 0x0 0x0 0x0 0x0 0x0 0x9 0x3 0x0 0x0 0x0 0x4b0001 0x670001 0x730001 0x7f0001 0xa20001 0xa20001 0xa20001 oops 7 2 com/google/gson/stream/JsonReader 21 com/google/gson/stream/JsonReader 31 com/google/gson/stream/JsonReader 37 com/google/gson/stream/JsonReader 43 com/google/gson/Gson 49 com/google/gson/internal/bind/TypeAdapters$34$1 55 com/google/gson/stream/JsonReader methods 0
ciMethodData com/google/gson/Gson assertFullConsumption (Ljava/lang/Object;Lcom/google/gson/stream/JsonReader;)V 2 1187 orig 80 0 0 0 0 0 0 0 0 0 0 0 0 0 0 0 0 0 0 0 0 0 0 0 0 0 0 0 0 0 0 0 0 0 0 0 0 0 0 0 0 0 0 0 0 0 0 0 0 0 0 0 0 0 0 0 0 0 0 0 0 0 0 0 0 0 0 0 0 0 0 0 0 0 0 0 0 0 0 0 0 data 35 0x10007 0x0 0x80 0x4a3 0x50005 0x0 0x1a7595b82f8 0x4a3 0x0 0x0 0xb0007 0x4a3 0x30 0x0 0x140002 0x0 0x180003 0x4a3 0x38 0x210002 0x0 0x2b0002 0x0 0x0 0x0 0x0 0x0 0x0 0x0 0x9 0x2 0x0 0x0 0x1b0001 0x250001 oops 1 6 com/google/gson/stream/JsonReader methods 0
ciMethodData com/google/gson/stream/JsonReader endObject ()V 2 1187 orig 80 0 0 0 0 0 0 0 0 0 0 0 0 0 0 0 0 0 0 0 0 0 0 0 0 0 0 0 0 0 0 0 0 0 0 0 0 0 0 0 0 0 0 0 0 0 0 0 0 0 0 0 0 0 0 0 0 0 0 0 0 0 0 0 0 0 0 0 0 0 0 0 0 0 0 0 0 0 0 0 0 data 34 0x60007 0x4a3 0x50 0x0 0xa0005 0x0 0x0 0x0 0x0 0x0 0x100007 0x0 0x68 0x4a3 0x260104 0x0 0x0 0x0 0x0 0x0 0x3b0003 0x4a3 0x28 0x410002 0x0 0x0 0x0 0x0 0x0 0x0 0x0 0x9 0x1 0x0 oops 0 methods 0
ciMethodData com/google/gson/internal/$Gson$Types getRawType (Ljava/lang/reflect/Type;)Ljava/lang/Class; 2 1178 orig 80 0 0 0 0 0 0 0 0 0 0 0 0 0 0 0 0 0 0 0 0 0 0 0 0 0 0 0 0 0 0 0 0 0 0 0 0 0 0 0 0 0 0 0 0 0 0 0 0 0 0 0 0 0 0 0 0 0 0 0 0 0 0 0 0 0 0 0 0 0 0 0 0 0 0 0 0 0 0 0 0 data 192 0x10004 0x0 0x1a75902ab08 0x49a 0x0 0x0 0x40007 0x0 0x50 0x49a 0x80004 0x0 0x1a75902ab08 0x49a 0x0 0x0 0xd0004 0x0 0x0 0x0 0x0 0x0 0x100007 0x0 0xf0 0x0 0x140004 0x0 0x0 0x0 0x0 0x0 0x190005 0x0 0x0 0x0 0x0 0x0 0x200004 0x0 0x0 0x0 0x0 0x0 0x230002 0x0 0x270004 0x0 0x0 0x0 0x0 0x0 0x2c0004 0x0 0x0 0x0 0x0 0x0 0x2f0007 0x0 0xd0 0x0 0x330004 0x0 0x0 0x0 0x0 0x0 0x360005 0x0 0x0 0x0 0x0 0x0 0x3d0002 0x0 0x410002 0x0 0x440005 0x0 0x0 0x0 0x0 0x0 0x490004 0x0 0x0 0x0 0x0 0x0 0x4c0007 0x0 0x20 0x0 0x530004 0x0 0x0 0x0 0x0 0x0 0x560007 0x0 0xe0 0x0 0x5a0004 0x0 0x0 0x0 0x0 0x0 0x5d0005 0x0 0x0 0x0 0x0 0x0 0x660007 0x0 0x50 0x0 0x6c0007 0x0 0x30 0x0 0x730002 0x0 0x7a0002 0x0 0x7f0007 0x0 0x38 0x0 0x840003 0x0 0x78 0x880005 0x0 0x0 0x0 0x0 0x0 0x8b0005 0x0 0x0 0x0 0x0 0x0 0x970002 0x0 0x9c0005 0x0 0x0 0x0 0x0 0x0 0xa00005 0x0 0x0 0x0 0x0 0x0 0xa50005 0x0 0x0 0x0 0x0 0x0 0xa90005 0x0 0x0 0x0 0x0 0x0 0xac0005 0x0 0x0 0x0 0x0 0x0 0xaf0002 0x0 0x0 0x0 0x0 0x0 0x0 0x0 0x0 0x0 0x9 0x1 0x0 oops 2 2 java/lang/Class 12 java/lang/Class methods 0
ciMethodData com/google/gson/internal/Primitives wrap (Ljava/lang/Class;)Ljava/lang/Class; 2 1246 orig 80 0 0 0 0 0 0 0 0 0 0 0 0 0 0 0 0 0 0 0 0 0 0 0 0 0 0 0 0 0 0 0 0 0 0 0 0 0 0 0 0 0 0 0 0 0 0 0 0 0 0 0 0 0 0 0 0 0 0 0 0 0 0 0 0 0 0 0 0 0 0 0 0 0 0 0 0 0 0 0 0 data 50 0x40007 0x4de 0x20 0x0 0xe0007 0x4de 0x20 0x0 0x180007 0x4de 0x20 0x0 0x220007 0x4de 0x20 0x0 0x2c0007 0x4de 0x20 0x0 0x360007 0x4de 0x20 0x0 0x400007 0x4de 0x20 0x0 0x4a0007 0x4de 0x20 0x0 0x540007 0x4de 0x20 0x0 0x0 0x0 0x0 0x0 0x0 0x0 0x0 0x0 0x0 0x0 0x0 0x9 0x1 0x0 oops 0 methods 0
ciMethodData com/google/gson/internal/bind/TypeAdapters$34$1 read (Lcom/google/gson/stream/JsonReader;)Ljava/lang/Object; 2 1180 orig 80 0 0 0 0 0 0 0 0 0 0 0 0 0 0 0 0 0 0 0 0 0 0 0 0 0 0 0 0 0 0 0 0 0 0 0 0 0 0 0 0 0 0 0 0 0 0 0 0 0 0 0 0 0 0 0 0 0 0 0 0 0 0 0 0 0 0 0 0 0 0 0 0 0 0 0 0 0 0 0 0 data 100 0x80005 0x0 0x1a75bc67210 0x49c 0x0 0x0 0xd0007 0x0 0x2a0 0x49b 0x150005 0x0 0x1a75902ab08 0x49b 0x0 0x0 0x180007 0x49b 0x250 0x0 0x230002 0x0 0x280005 0x0 0x0 0x0 0x0 0x0 0x2f0005 0x0 0x0 0x0 0x0 0x0 0x320005 0x0 0x0 0x0 0x0 0x0 0x370005 0x0 0x0 0x0 0x0 0x0 0x3b0005 0x0 0x0 0x0 0x0 0x0 0x3e0005 0x0 0x0 0x0 0x0 0x0 0x410005 0x0 0x0 0x0 0x0 0x0 0x460005 0x0 0x0 0x0 0x0 0x0 0x4a0005 0x0 0x0 0x0 0x0 0x0 0x4d0005 0x0 0x0 0x0 0x0 0x0 0x500005 0x0 0x0 0x0 0x0 0x0 0x530002 0x0 0x0 0x0 0x0 0x0 0x0 0x0 0x9 0x2 0x0 0x0 oops 2 2 com/google/gson/internal/bind/TypeAdapters$28 12 java/lang/Class methods 0
ciMethodData com/google/gson/Gson getAdapter (Lcom/google/gson/reflect/TypeToken;)Lcom/google/gson/TypeAdapter; 2 1179 orig 80 0 0 0 0 0 0 0 0 0 0 0 0 0 0 0 0 0 0 0 0 0 0 0 0 0 0 0 0 0 0 0 0 0 0 0 0 0 0 0 0 0 0 0 0 0 0 0 0 0 0 0 0 0 0 0 0 0 0 0 0 0 0 0 0 0 0 0 0 0 0 0 0 0 0 0 0 0 0 0 0 data 197 0x30002 0x49b 0xc0005 0x0 0x1a75902df18 0x49b 0x0 0x0 0x110004 0x0 0x1a75ba20a68 0x49b 0x0 0x0 0x160007 0x0 0x20 0x49b 0x210005 0x0 0x0 0x0 0x0 0x0 0x240004 0x0 0x0 0x0 0x0 0x0 0x2c0007 0x0 0x78 0x0 0x330002 0x0 0x3c0005 0x0 0x0 0x0 0x0 0x0 0x420003 0x0 0x98 0x470005 0x0 0x0 0x0 0x0 0x0 0x4c0004 0x0 0x0 0x0 0x0 0x0 0x530007 0x0 0x20 0x0 0x600002 0x0 0x690005 0x0 0x0 0x0 0x0 0x0 0x730005 0x0 0x0 0x0 0x0 0x0 0x7c0005 0x0 0x0 0x0 0x0 0x0 0x810007 0x0 0x160 0x0 0x860005 0x0 0x0 0x0 0x0 0x0 0x8b0004 0x0 0x0 0x0 0x0 0x0 0x940005 0x0 0x0 0x0 0x0 0x0 0x9d0007 0x0 0x98 0x0 0xa40005 0x0 0x0 0x0 0x0 0x0 0xab0005 0x0 0x0 0x0 0x0 0x0 0xb10003 0x0 0x30 0xb40003 0x0 0xfffffffffffffe88 0xb90007 0x0 0xb8 0x0 0xc00005 0x0 0x0 0x0 0x0 0x0 0xc30003 0x0 0x68 0xca0007 0x0 0x50 0x0 0xd10005 0x0 0x0 0x0 0x0 0x0 0xd90007 0x0 0xd0 0x0 0xe40002 0x0 0xe90005 0x0 0x0 0x0 0x0 0x0 0xed0005 0x0 0x0 0x0 0x0 0x0 0xf00005 0x0 0x0 0x0 0x0 0x0 0xf30002 0x0 0xf90007 0x0 0x50 0x0 0x1010005 0x0 0x0 0x0 0x0 0x0 0x0 0x0 0x0 0x0 0x0 0x0 0x0 0x9 0x2 0x0 0x0 0xc60001 0xc60001 oops 2 4 java/util/concurrent/ConcurrentHashMap 10 com/google/gson/internal/bind/TypeAdapters$34$1 methods 0
ciMethodData com/google/gson/internal/bind/TypeAdapters$28 read (Lcom/google/gson/stream/JsonReader;)Lcom/google/gson/JsonElement; 2 1180 orig 80 0 0 0 0 0 0 0 0 0 0 0 0 0 0 0 0 0 0 0 0 0 0 0 0 0 0 0 0 0 0 0 0 0 0 0 0 0 0 0 0 0 0 0 0 0 0 0 0 0 0 0 0 0 0 0 0 0 0 0 0 0 0 0 0 0 0 0 0 0 0 0 0 0 0 0 0 0 0 0 0 data 195 0x10004 0x0 0x1a7595b82f8 0x49c 0x0 0x0 0x40007 0x49c 0x80 0x0 0x80004 0x0 0x0 0x0 0x0 0x0 0xb0005 0x0 0x0 0x0 0x0 0x0 0x100005 0x0 0x1a7595b82f8 0x49c 0x0 0x0 0x170002 0x49c 0x1c0007 0x49c 0x30 0x0 0x220002 0x0 0x2a0002 0x49c 0x300005 0x0 0x1a7595b82f8 0xdd4 0x0 0x0 0x330007 0x49c 0x2d8 0x938 0x3a0004 0x0 0x1a75b9bdeb8 0x938 0x0 0x0 0x3d0007 0x0 0x50 0x938 0x410005 0x0 0x1a7595b82f8 0x938 0x0 0x0 0x470005 0x0 0x1a7595b82f8 0x938 0x0 0x0 0x4e0002 0x938 0x550007 0x938 0x38 0x0 0x590003 0x0 0x18 0x610007 0x0 0x30 0x938 0x670002 0x938 0x6d0004 0x0 0x1a75b9bdeb8 0x938 0x0 0x0 0x700007 0x938 0x98 0x0 0x740004 0x0 0x0 0x0 0x0 0x0 0x790005 0x0 0x0 0x0 0x0 0x0 0x7c0003 0x0 0x78 0x800004 0x0 0x1a75b9bdeb8 0x938 0x0 0x0 0x870005 0x2 0x1a75b9bdeb8 0x936 0x0 0x0 0x8c0007 0x938 0x50 0x0 0x920005 0x0 0x0 0x0 0x0 0x0 0x9a0003 0x938 0xfffffffffffffd10 0x9e0004 0x0 0x1a75b9bdeb8 0x49c 0x0 0x0 0xa10007 0x49c 0x68 0x0 0xa50005 0x0 0x0 0x0 0x0 0x0 0xa80003 0x0 0x48 0xac0005 0x0 0x1a7595b82f8 0x49c 0x0 0x0 0xb10005 0x0 0x1a75bc6a5b0 0x49c 0x0 0x0 0xb60007 0x0 0x20 0x49c 0xbd0005 0x0 0x0 0x0 0x0 0x0 0xc20004 0x0 0x0 0x0 0x0 0x0 0xc60003 0x0 0xfffffffffffffb80 0x0 0x0 0x0 0x0 0x0 0x0 0x9 0x2 0x0 0x0 oops 12 2 com/google/gson/stream/JsonReader 24 com/google/gson/stream/JsonReader 40 com/google/gson/stream/JsonReader 50 com/google/gson/JsonObject 60 com/google/gson/stream/JsonReader 66 com/google/gson/stream/JsonReader 87 com/google/gson/JsonObject 112 com/google/gson/JsonObject 118 com/google/gson/JsonObject 137 com/google/gson/JsonObject 156 com/google/gson/stream/JsonReader 162 java/util/ArrayDeque methods 0
ciMethodData com/google/gson/reflect/TypeToken get (Ljava/lang/Class;)Lcom/google/gson/reflect/TypeToken; 2 1176 orig 80 0 0 0 0 0 0 0 0 0 0 0 0 0 0 0 0 0 0 0 0 0 0 0 0 0 0 0 0 0 0 0 0 0 0 0 0 0 0 0 0 0 0 0 0 0 0 0 0 0 0 0 0 0 0 0 0 0 0 0 0 0 0 0 0 0 0 0 0 0 0 0 0 0 0 0 0 0 0 0 0 data 8 0x50002 0x498 0x0 0x0 0x0 0x9 0x1 0x0 oops 0 methods 0
ciMethodData com/google/gson/reflect/TypeToken <init> (Ljava/lang/reflect/Type;)V 2 1176 orig 80 0 0 0 0 0 0 0 0 0 0 0 0 0 0 0 0 0 0 0 0 0 0 0 0 0 0 0 0 0 0 0 0 0 0 0 0 0 0 0 0 0 0 0 0 0 0 0 0 0 0 0 0 0 0 0 0 0 0 0 0 0 0 0 0 0 0 0 0 0 0 0 0 0 0 0 0 0 0 0 0 data 30 0x10002 0x498 0x60002 0x498 0x90004 0x0 0x1a75902ab08 0x498 0x0 0x0 0xc0002 0x498 0x170002 0x498 0x220005 0x0 0x1a75902ab08 0x498 0x0 0x0 0x0 0x0 0x0 0x0 0x0 0x0 0x9 0x2 0xe 0x0 oops 2 6 java/lang/Class 16 java/lang/Class methods 0
ciMethodData com/google/gson/internal/$Gson$Types canonicalize (Ljava/lang/reflect/Type;)Ljava/lang/reflect/Type; 2 1176 orig 80 0 0 0 0 0 0 0 0 0 0 0 0 0 0 0 0 0 0 0 0 0 0 0 0 0 0 0 0 0 0 0 0 0 0 0 0 0 0 0 0 0 0 0 0 0 0 0 0 0 0 0 0 0 0 0 0 0 0 0 0 0 0 0 0 0 0 0 0 0 0 0 0 0 0 0 0 0 0 0 0 data 144 0x10004 0x0 0x1a75902ab08 0x498 0x0 0x0 0x40007 0x0 0x138 0x498 0x80004 0x0 0x1a75902ab08 0x498 0x0 0x0 0xd0005 0x81 0x1a75902ab08 0x417 0x0 0x0 0x100007 0x498 0x88 0x0 0x180005 0x0 0x0 0x0 0x0 0x0 0x1b0002 0x0 0x1e0002 0x0 0x210003 0x0 0x18 0x250004 0x0 0x1a75902ab08 0x498 0x0 0x0 0x2a0004 0x0 0x0 0x0 0x0 0x0 0x2d0007 0x0 0xf0 0x0 0x310004 0x0 0x0 0x0 0x0 0x0 0x3a0005 0x0 0x0 0x0 0x0 0x0 0x400005 0x0 0x0 0x0 0x0 0x0 0x460005 0x0 0x0 0x0 0x0 0x0 0x4b0002 0x0 0x500004 0x0 0x0 0x0 0x0 0x0 0x530007 0x0 0x90 0x0 0x570004 0x0 0x0 0x0 0x0 0x0 0x600005 0x0 0x0 0x0 0x0 0x0 0x650002 0x0 0x6a0004 0x0 0x0 0x0 0x0 0x0 0x6d0007 0x0 0xc0 0x0 0x710004 0x0 0x0 0x0 0x0 0x0 0x7a0005 0x0 0x0 0x0 0x0 0x0 0x800005 0x0 0x0 0x0 0x0 0x0 0x850002 0x0 0x0 0x0 0x0 0x0 0x0 0x0 0x9 0x1 0x0 oops 4 2 java/lang/Class 12 java/lang/Class 18 java/lang/Class 41 java/lang/Class methods 0
ciMethodData com/google/gson/internal/$Gson$Types equals (Ljava/lang/reflect/Type;Ljava/lang/reflect/Type;)Z 2 1178 orig 80 0 0 0 0 0 0 0 0 0 0 0 0 0 0 0 0 0 0 0 0 0 0 0 0 0 0 0 0 0 0 0 0 0 0 0 0 0 0 0 0 0 0 0 0 0 0 0 0 0 0 0 0 0 0 0 0 0 0 0 0 0 0 0 0 0 0 0 0 0 0 0 0 0 0 0 0 0 0 0 0 data 315 0x20007 0x0 0x20 0x49a 0x80004 0x0 0x0 0x0 0x0 0x0 0xb0007 0x0 0x50 0x0 0x100005 0x0 0x0 0x0 0x0 0x0 0x150004 0x0 0x0 0x0 0x0 0x0 0x180007 0x0 0x2b8 0x0 0x1c0004 0x0 0x0 0x0 0x0 0x0 0x1f0007 0x0 0x20 0x0 0x250004 0x0 0x0 0x0 0x0 0x0 0x2a0004 0x0 0x0 0x0 0x0 0x0 0x2f0005 0x0 0x0 0x0 0x0 0x0 0x350005 0x0 0x0 0x0 0x0 0x0 0x3a0002 0x0 0x3d0007 0x0 0x178 0x0 0x410005 0x0 0x0 0x0 0x0 0x0 0x470005 0x0 0x0 0x0 0x0 0x0 0x4c0005 0x0 0x0 0x0 0x0 0x0 0x4f0007 0x0 0xc8 0x0 0x530005 0x0 0x0 0x0 0x0 0x0 0x590005 0x0 0x0 0x0 0x0 0x0 0x5e0002 0x0 0x610007 0x0 0x38 0x0 0x650003 0x0 0x18 0x6b0004 0x0 0x0 0x0 0x0 0x0 0x6e0007 0x0 0x140 0x0 0x720004 0x0 0x0 0x0 0x0 0x0 0x750007 0x0 0x20 0x0 0x7b0004 0x0 0x0 0x0 0x0 0x0 0x800004 0x0 0x0 0x0 0x0 0x0 0x850005 0x0 0x0 0x0 0x0 0x0 0x8b0005 0x0 0x0 0x0 0x0 0x0 0x900002 0x0 0x950004 0x0 0x0 0x0 0x0 0x0 0x980007 0x0 0x208 0x0 0x9c0004 0x0 0x0 0x0 0x0 0x0 0x9f0007 0x0 0x20 0x0 0xa50004 0x0 0x0 0x0 0x0 0x0 0xaa0004 0x0 0x0 0x0 0x0 0x0 0xaf0005 0x0 0x0 0x0 0x0 0x0 0xb50005 0x0 0x0 0x0 0x0 0x0 0xba0002 0x0 0xbd0007 0x0 0xc8 0x0 0xc10005 0x0 0x0 0x0 0x0 0x0 0xc70005 0x0 0x0 0x0 0x0 0x0 0xcc0002 0x0 0xcf0007 0x0 0x38 0x0 0xd30003 0x0 0x18 0xd90004 0x0 0x0 0x0 0x0 0x0 0xdc0007 0x0 0x228 0x0 0xe00004 0x0 0x0 0x0 0x0 0x0 0xe30007 0x0 0x20 0x0 0xe90004 0x0 0x0 0x0 0x0 0x0 0xee0004 0x0 0x0 0x0 0x0 0x0 0xf30005 0x0 0x0 0x0 0x0 0x0 0xf90005 0x0 0x0 0x0 0x0 0x0 0xfe0002 0x0 0x1010007 0x0 0xe8 0x0 0x1050005 0x0 0x0 0x0 0x0 0x0 0x10b0005 0x0 0x0 0x0 0x0 0x0 0x1100005 0x0 0x0 0x0 0x0 0x0 0x1130007 0x0 0x38 0x0 0x1170003 0x0 0x18 0x0 0x0 0x0 0x0 0x0 0x0 0x9 0x2 0x0 0x0 oops 0 methods 0
ciMethodData com/google/gson/reflect/TypeToken equals (Ljava/lang/Object;)Z 2 1177 orig 80 0 0 0 0 0 0 0 0 0 0 0 0 0 0 0 0 0 0 0 0 0 0 0 0 0 0 0 0 0 0 0 0 0 0 0 0 0 0 0 0 0 0 0 0 0 0 0 0 0 0 0 0 0 0 0 0 0 0 0 0 0 0 0 0 0 0 0 0 0 0 0 0 0 0 0 0 0 0 0 0 data 35 0x10004 0x0 0x1a759376ac8 0x499 0x0 0x0 0x40007 0x0 0x98 0x499 0xc0004 0x0 0x1a759376ac8 0x499 0x0 0x0 0x120002 0x499 0x150007 0x0 0x38 0x499 0x190003 0x499 0x18 0x0 0x0 0x0 0x0 0x0 0x0 0x9 0x2 0x0 0x0 oops 2 2 com/google/gson/reflect/TypeToken 12 com/google/gson/reflect/TypeToken methods 0
ciMethodData com/google/gson/internal/bind/TypeAdapters$28 read (Lcom/google/gson/stream/JsonReader;)Ljava/lang/Object; 2 1177 orig 80 0 0 0 0 0 0 0 0 0 0 0 0 0 0 0 0 0 0 0 0 0 0 0 0 0 0 0 0 0 0 0 0 0 0 0 0 0 0 0 0 0 0 0 0 0 0 0 0 0 0 0 0 0 0 0 0 0 0 0 0 0 0 0 0 0 0 0 0 0 0 0 0 0 0 0 0 0 0 0 0 data 16 0x20005 0x0 0x1a75bc67210 0x499 0x0 0x0 0x0 0x0 0x0 0x0 0x0 0x0 0x9 0x2 0x0 0x0 oops 1 2 com/google/gson/internal/bind/TypeAdapters$28 methods 0
ciMethodData com/google/gson/internal/Streams write (Lcom/google/gson/JsonElement;Lcom/google/gson/stream/JsonWriter;)V 2 1184 orig 80 0 0 0 0 0 0 0 0 0 0 0 0 0 0 0 0 0 0 0 0 0 0 0 0 0 0 0 0 0 0 0 0 0 0 0 0 0 0 0 0 0 0 0 0 0 0 0 0 0 0 0 0 0 0 0 0 0 0 0 0 0 0 0 0 0 0 0 0 0 0 0 0 0 0 0 0 0 0 0 0 data 16 0x50005 0x0 0x1a75bc67210 0x4a0 0x0 0x0 0x0 0x0 0x0 0x0 0x0 0x0 0x9 0x2 0x0 0x0 oops 1 2 com/google/gson/internal/bind/TypeAdapters$28 methods 0
ciMethodData com/google/gson/internal/bind/TypeAdapters$28 write (Lcom/google/gson/stream/JsonWriter;Ljava/lang/Object;)V 2 1184 orig 80 0 0 0 0 0 0 0 0 0 0 0 0 0 0 0 0 0 0 0 0 0 0 0 0 0 0 0 0 0 0 0 0 0 0 0 0 0 0 0 0 0 0 0 0 0 0 0 0 0 0 0 0 0 0 0 0 0 0 0 0 0 0 0 0 0 0 0 0 0 0 0 0 0 0 0 0 0 0 0 0 data 23 0x30004 0x0 0x0 0x0 0x0 0x0 0x60005 0x0 0x1a75bc67210 0x4a0 0x0 0x0 0x0 0x0 0x0 0x0 0x0 0x0 0x9 0x3 0x0 0x0 0x0 oops 1 8 com/google/gson/internal/bind/TypeAdapters$28 methods 0
ciMethodData com/google/gson/stream/JsonWriter <init> (Ljava/io/Writer;)V 2 1183 orig 80 0 0 0 0 0 0 0 0 0 0 0 0 0 0 0 0 0 0 0 0 0 0 0 0 0 0 0 0 0 0 0 0 0 0 0 0 0 0 0 0 0 0 0 0 0 0 0 0 0 0 0 0 0 0 0 0 0 0 0 0 0 0 0 0 0 0 0 0 0 0 0 0 0 0 0 0 0 0 0 0 data 28 0x10002 0x49f 0x140002 0x49f 0x270002 0x49f 0x2a0004 0x0 0x1a75c2e3468 0x81 0x0 0x0 0x340005 0x81 0x1a75c396b58 0x41e 0x0 0x0 0x0 0x0 0x0 0x0 0x0 0x0 0x9 0x2 0x3e 0x0 oops 2 8 java/io/StringWriter 14 com/google/gson/stream/JsonWriter methods 0
ciMethodData com/google/gson/internal/LinkedTreeMap$EntrySet <init> (Lcom/google/gson/internal/LinkedTreeMap;)V 2 1197 orig 80 0 0 0 0 0 0 0 0 0 0 0 0 0 0 0 0 0 0 0 0 0 0 0 0 0 0 0 0 0 0 0 0 0 0 0 0 0 0 0 0 0 0 0 0 0 0 0 0 0 0 0 0 0 0 0 0 0 0 0 0 0 0 0 0 0 0 0 0 0 0 0 0 0 0 0 0 0 0 0 0 data 10 0x60002 0x4ad 0x0 0x0 0x0 0x0 0x9 0x2 0x6 0x0 oops 0 methods 0
ciMethodData com/google/gson/internal/LinkedTreeMap$EntrySet iterator ()Ljava/util/Iterator; 2 1197 orig 80 0 0 0 0 0 0 0 0 0 0 0 0 0 0 0 0 0 0 0 0 0 0 0 0 0 0 0 0 0 0 0 0 0 0 0 0 0 0 0 0 0 0 0 0 0 0 0 0 0 0 0 0 0 0 0 0 0 0 0 0 0 0 0 0 0 0 0 0 0 0 0 0 0 0 0 0 0 0 0 0 data 8 0x50002 0x4ad 0x0 0x0 0x0 0x9 0x1 0x0 oops 0 methods 0
ciMethodData com/google/gson/internal/LinkedTreeMap$EntrySet$1 <init> (Lcom/google/gson/internal/LinkedTreeMap$EntrySet;)V 2 1197 orig 80 0 0 0 0 0 0 0 0 0 0 0 0 0 0 0 0 0 0 0 0 0 0 0 0 0 0 0 0 0 0 0 0 0 0 0 0 0 0 0 0 0 0 0 0 0 0 0 0 0 0 0 0 0 0 0 0 0 0 0 0 0 0 0 0 0 0 0 0 0 0 0 0 0 0 0 0 0 0 0 0 data 10 0xa0002 0x4ad 0x0 0x0 0x0 0x0 0x9 0x2 0x1e 0x0 oops 0 methods 0
ciMethodData com/google/gson/internal/LinkedTreeMap$LinkedTreeMapIterator <init> (Lcom/google/gson/internal/LinkedTreeMap;)V 2 1197 orig 80 0 0 0 0 0 0 0 0 0 0 0 0 0 0 0 0 0 0 0 0 0 0 0 0 0 0 0 0 0 0 0 0 0 0 0 0 0 0 0 0 0 0 0 0 0 0 0 0 0 0 0 0 0 0 0 0 0 0 0 0 0 0 0 0 0 0 0 0 0 0 0 0 0 0 0 0 0 0 0 0 data 11 0x60002 0x4ad 0x0 0x0 0x0 0x0 0x0 0x9 0x2 0xe 0x0 oops 0 methods 0
ciMethodData com/google/gson/internal/Streams writerForAppendable (Ljava/lang/Appendable;)Ljava/io/Writer; 2 1180 orig 80 0 0 0 0 0 0 0 0 0 0 0 0 0 0 0 0 0 0 0 0 0 0 0 0 0 0 0 0 0 0 0 0 0 0 0 0 0 0 0 0 0 0 0 0 0 0 0 0 0 0 0 0 0 0 0 0 0 0 0 0 0 0 0 0 0 0 0 0 0 0 0 0 0 0 0 0 0 0 0 0 data 30 0x10004 0x0 0x1a75c2e3468 0x49c 0x0 0x0 0x40007 0x0 0x68 0x49c 0x80004 0x0 0x1a75c2e3468 0x49c 0x0 0x0 0xb0003 0x49c 0x28 0x130002 0x0 0x0 0x0 0x0 0x0 0x0 0x0 0x9 0x1 0xffffffffffffffff oops 2 2 java/io/StringWriter 12 java/io/StringWriter methods 0
compile org/example/http/HttpServerImpl dispatch (Lorg/example/http/HttpRequest;)Lorg/example/http/HttpResponse; -1 4 inline 352 0 -1 0 org/example/http/HttpServerImpl dispatch (Lorg/example/http/HttpRequest;)Lorg/example/http/HttpResponse; 1 5 0 org/example/http/HttpRequest getPath ()Ljava/lang/String; 1 8 0 java/util/HashMap get (Ljava/lang/Object;)Ljava/lang/Object; 2 2 0 java/util/HashMap getNode (Ljava/lang/Object;)Ljava/util/HashMap$Node; 3 23 0 java/util/HashMap hash (Ljava/lang/Object;)I 4 9 0 java/lang/String hashCode ()I 5 17 0 java/lang/String isLatin1 ()Z 5 27 0 java/lang/StringLatin1 hashCode ([B)I 6 5 0 jdk/internal/util/ArraysSupport hashCodeOfUnsigned ([BIII)I 7 39 0 java/lang/Byte toUnsignedInt (B)I 3 63 0 java/lang/String equals (Ljava/lang/Object;)Z 1 46 0 org/example/http/HttpRequest getMethod ()Lorg/example/http/HttpMethod; 1 49 0 java/util/HashMap get (Ljava/lang/Object;)Ljava/lang/Object; 2 2 0 java/util/HashMap getNode (Ljava/lang/Object;)Ljava/util/HashMap$Node; 3 23 0 java/util/HashMap hash (Ljava/lang/Object;)I 4 9 0 java/lang/Enum hashCode ()I 3 63 0 java/lang/Enum equals (Ljava/lang/Object;)Z 1 87 0  @bci org/example/loadtest/ServerApp buildServer (Lorg/example/loadtest/Config;)Lorg/example/http/HttpServer; 30 <appendix> member <vmtarget> ; handle (Lorg/example/http/HttpRequest;)Lorg/example/http/HttpResponse; 1 87 0  @bci org/example/loadtest/ServerApp buildServer (Lorg/example/loadtest/Config;)Lorg/example/http/HttpServer; 44 <appendix> member <vmtarget> ; handle (Lorg/example/http/HttpRequest;)Lorg/example/http/HttpResponse; 2 5 0 org/example/loadtest/ServerApp lambda$buildServer$1 (Lorg/example/loadtest/Config;Lorg/example/http/HttpRequest;)Lorg/example/http/HttpResponse; 3 1 0 org/example/http/HttpRequest getBody ()Ljava/lang/String; 3 8 0 org/example/loadtest/ServerApp handleRequest2 (Ljava/lang/String;Z)Lorg/example/http/HttpResponse; 4 10 0 org/example/json/Json parse (Ljava/lang/String;)Ljava/lang/Object; 5 9 0 org/example/json/JsonTokenizer <init> (Ljava/lang/String;)V 6 1 0 java/lang/Object <init> ()V 6 16 0 java/lang/String trim ()Ljava/lang/String; 7 1 0 java/lang/String isLatin1 ()Z 7 11 0 java/lang/StringLatin1 trim ([B)Ljava/lang/String; 8 68 0 java/lang/StringLatin1 newString ([BII)Ljava/lang/String; 9 16 0 java/util/Arrays copyOfRange ([BII)[B 9 20 0 java/lang/String <init> ([BB)V 10 1 0 java/lang/Object <init> ()V 5 12 0 org/example/json/JsonParser <init> (Lorg/example/json/JsonTokenizer;)V 6 1 0 java/lang/Object <init> ()V 4 22 0 java/util/LinkedHashMap get (Ljava/lang/Object;)Ljava/lang/Object; 5 2 0 java/util/HashMap getNode (Ljava/lang/Object;)Ljava/util/HashMap$Node; 6 23 0 java/util/HashMap hash (Ljava/lang/Object;)I 7 9 0 java/lang/String hashCode ()I 8 17 0 java/lang/String isLatin1 ()Z 8 27 0 java/lang/StringLatin1 hashCode ([B)I 9 5 0 jdk/internal/util/ArraysSupport hashCodeOfUnsigned ([BIII)I 6 63 0 java/lang/String equals (Ljava/lang/Object;)Z 4 34 0 java/util/ArrayList iterator ()Ljava/util/Iterator; 5 5 0 java/util/ArrayList$Itr <init> (Ljava/util/ArrayList;)V 6 6 0 java/lang/Object <init> ()V 4 43 0 java/util/ArrayList$Itr hasNext ()Z 4 53 0 java/util/ArrayList$Itr next ()Ljava/lang/Object; 5 1 0 java/util/ArrayList$Itr checkForComodification ()V 4 66 0 java/lang/Long doubleValue ()D 4 86 0 com/google/gson/Gson fromJson (Ljava/lang/String;Ljava/lang/Class;)Ljava/lang/Object; 5 3 0 com/google/gson/reflect/TypeToken get (Ljava/lang/Class;)Lcom/google/gson/reflect/TypeToken; 6 5 0 com/google/gson/reflect/TypeToken <init> (Ljava/lang/reflect/Type;)V 7 1 0 java/lang/Object <init> ()V 7 6 0 java/util/Objects requireNonNull (Ljava/lang/Object;)Ljava/lang/Object; 7 12 0 com/google/gson/internal/$Gson$Types canonicalize (Ljava/lang/reflect/Type;)Ljava/lang/reflect/Type; 7 23 0 com/google/gson/internal/$Gson$Types getRawType (Ljava/lang/reflect/Type;)Ljava/lang/Class; 5 6 0 com/google/gson/Gson fromJson (Ljava/lang/String;Lcom/google/gson/reflect/TypeToken;)Ljava/lang/Object; 6 11 0 java/io/StringReader <init> (Ljava/lang/String;)V 7 1 0 java/io/Reader <init> ()V 8 1 0 java/lang/Object <init> ()V 7 6 0 java/io/Reader of (Ljava/lang/CharSequence;)Ljava/io/Reader; 8 1 0 java/util/Objects requireNonNull (Ljava/lang/Object;)Ljava/lang/Object; 8 10 0 java/io/Reader$2 <init> (Ljava/lang/CharSequence;)V 9 6 0 java/io/Reader <init> ()V 10 1 0 java/lang/Object <init> ()V 6 18 0 com/google/gson/Gson fromJson (Ljava/io/Reader;Lcom/google/gson/reflect/TypeToken;)Ljava/lang/Object; 7 2 0 com/google/gson/Gson newJsonReader (Ljava/io/Reader;)Lcom/google/gson/stream/JsonReader; 8 5 0 com/google/gson/stream/JsonReader <init> (Ljava/io/Reader;)V 9 1 0 java/lang/Object <init> ()V 9 97 0 java/util/Objects requireNonNull (Ljava/lang/Object;Ljava/lang/String;)Ljava/lang/Object; 8 27 0 com/google/gson/stream/JsonReader setStrictness (Lcom/google/gson/Strictness;)V 9 1 0 java/util/Objects requireNonNull (Ljava/lang/Object;)Ljava/lang/Object; 7 9 0 com/google/gson/Gson fromJson (Lcom/google/gson/stream/JsonReader;Lcom/google/gson/reflect/TypeToken;)Ljava/lang/Object; 8 3 0 com/google/gson/stream/JsonReader getStrictness ()Lcom/google/gson/Strictness; 8 27 0 com/google/gson/stream/JsonReader getStrictness ()Lcom/google/gson/Strictness; 8 40 0 com/google/gson/stream/JsonReader setStrictness (Lcom/google/gson/Strictness;)V 9 1 0 java/util/Objects requireNonNull (Ljava/lang/Object;)Ljava/lang/Object; 8 44 0 com/google/gson/stream/JsonReader peek ()Lcom/google/gson/stream/JsonToken; 8 53 0 com/google/gson/Gson getAdapter (Lcom/google/gson/reflect/TypeToken;)Lcom/google/gson/TypeAdapter; 9 3 0 java/util/Objects requireNonNull (Ljava/lang/Object;Ljava/lang/String;)Ljava/lang/Object; 9 12 0 java/util/concurrent/ConcurrentHashMap get (Ljava/lang/Object;)Ljava/lang/Object; 10 1 0 com/google/gson/reflect/TypeToken hashCode ()I 10 4 0 java/util/concurrent/ConcurrentHashMap spread (I)I 10 34 0 java/util/concurrent/ConcurrentHashMap tabAt ([Ljava/util/concurrent/ConcurrentHashMap$Node;I)Ljava/util/concurrent/ConcurrentHashMap$Node; 10 73 0 com/google/gson/reflect/TypeToken equals (Ljava/lang/Object;)Z 11 18 0 com/google/gson/internal/$Gson$Types equals (Ljava/lang/reflect/Type;Ljava/lang/reflect/Type;)Z 10 149 0 com/google/gson/reflect/TypeToken equals (Ljava/lang/Object;)Z 11 18 0 com/google/gson/internal/$Gson$Types equals (Ljava/lang/reflect/Type;Ljava/lang/reflect/Type;)Z 8 61 0 com/google/gson/internal/bind/TypeAdapters$34$1 read (Lcom/google/gson/stream/JsonReader;)Ljava/lang/Object; 9 8 0 com/google/gson/internal/bind/TypeAdapters$28 read (Lcom/google/gson/stream/JsonReader;)Ljava/lang/Object; 10 2 0 com/google/gson/internal/bind/TypeAdapters$28 read (Lcom/google/gson/stream/JsonReader;)Lcom/google/gson/JsonElement; 11 16 0 com/google/gson/stream/JsonReader peek ()Lcom/google/gson/stream/JsonToken; 11 23 0 com/google/gson/internal/bind/TypeAdapters$28 tryBeginNesting (Lcom/google/gson/stream/JsonReader;Lcom/google/gson/stream/JsonToken;)Lcom/google/gson/JsonElement; 12 4 0 java/lang/Enum ordinal ()I 12 49 0 com/google/gson/stream/JsonReader beginObject ()V 13 21 0 com/google/gson/stream/JsonReader push (I)V 12 56 0 com/google/gson/JsonObject <init> ()V 13 1 0 com/google/gson/JsonElement <init> ()V 14 1 0 java/lang/Object <init> ()V 13 10 0 com/google/gson/internal/LinkedTreeMap <init> (Z)V 14 5 0 com/google/gson/internal/LinkedTreeMap <init> (Ljava/util/Comparator;Z)V 15 1 0 java/util/AbstractMap <init> ()V 16 1 0 java/lang/Object <init> ()V 15 40 0 com/google/gson/internal/LinkedTreeMap$Node <init> (Z)V 16 1 0 java/lang/Object <init> ()V 12 44 0 com/google/gson/JsonArray <init> ()V 13 1 0 com/google/gson/JsonElement <init> ()V 14 1 0 java/lang/Object <init> ()V 13 9 0 java/util/ArrayList <init> ()V 14 1 0 java/util/AbstractList <init> ()V 15 1 0 java/util/AbstractCollection <init> ()V 16 1 0 java/lang/Object <init> ()V 11 42 0 java/util/ArrayDeque <init> ()V 12 1 0 java/util/AbstractCollection <init> ()V 13 1 0 java/lang/Object <init> ()V 11 48 0 com/google/gson/stream/JsonReader hasNext ()Z 11 65 0 com/google/gson/stream/JsonReader nextName ()Ljava/lang/String; 12 53 0 com/google/gson/stream/JsonReader nextQuotedValue (C)Ljava/lang/String; 13 97 0 java/lang/String <init> ([CII)V 14 7 0 java/lang/String rangeCheck ([CII)Ljava/lang/Void; 15 4 0 java/lang/String checkBoundsOffCount (III)I 16 6 0 jdk/internal/util/Preconditions checkFromIndexSize (IIILjava/util/function/BiFunction;)I 14 10 0 java/lang/String <init> ([CIILjava/lang/Void;)V 15 1 0 java/lang/Object <init> ()V 15 36 0 java/lang/StringUTF16 compress ([CII)[B 15 45 0 java/lang/StringUTF16 coderFromArrayLen ([BI)B 11 71 0 com/google/gson/stream/JsonReader peek ()Lcom/google/gson/stream/JsonToken; 11 78 0 com/google/gson/internal/bind/TypeAdapters$28 tryBeginNesting (Lcom/google/gson/stream/JsonReader;Lcom/google/gson/stream/JsonToken;)Lcom/google/gson/JsonElement; 12 4 0 java/lang/Enum ordinal ()I 12 49 0 com/google/gson/stream/JsonReader beginObject ()V 13 21 0 com/google/gson/stream/JsonReader push (I)V 12 56 0 com/google/gson/JsonObject <init> ()V 13 1 0 com/google/gson/JsonElement <init> ()V 14 1 0 java/lang/Object <init> ()V 13 10 0 com/google/gson/internal/LinkedTreeMap <init> (Z)V 14 5 0 com/google/gson/internal/LinkedTreeMap <init> (Ljava/util/Comparator;Z)V 15 1 0 java/util/AbstractMap <init> ()V 16 1 0 java/lang/Object <init> ()V 15 40 0 com/google/gson/internal/LinkedTreeMap$Node <init> (Z)V 16 1 0 java/lang/Object <init> ()V 12 44 0 com/google/gson/JsonArray <init> ()V 13 1 0 com/google/gson/JsonElement <init> ()V 14 1 0 java/lang/Object <init> ()V 13 9 0 java/util/ArrayList <init> ()V 14 1 0 java/util/AbstractList <init> ()V 15 1 0 java/util/AbstractCollection <init> ()V 16 1 0 java/lang/Object <init> ()V 11 103 0 com/google/gson/internal/bind/TypeAdapters$28 readTerminal (Lcom/google/gson/stream/JsonReader;Lcom/google/gson/stream/JsonToken;)Lcom/google/gson/JsonElement; 12 4 0 java/lang/Enum ordinal ()I 12 53 0 com/google/gson/stream/JsonReader nextString ()Ljava/lang/String; 13 53 0 com/google/gson/stream/JsonReader nextQuotedValue (C)Ljava/lang/String; 14 97 0 java/lang/String <init> ([CII)V 15 7 0 java/lang/String rangeCheck ([CII)Ljava/lang/Void; 16 4 0 java/lang/String checkBoundsOffCount (III)I 15 10 0 java/lang/String <init> ([CIILjava/lang/Void;)V 16 1 0 java/lang/Object <init> ()V 16 36 0 java/lang/StringUTF16 compress ([CII)[B 16 45 0 java/lang/StringUTF16 coderFromArrayLen ([BI)B 12 56 0 com/google/gson/JsonPrimitive <init> (Ljava/lang/String;)V 13 1 0 com/google/gson/JsonElement <init> ()V 14 1 0 java/lang/Object <init> ()V 13 6 0 java/util/Objects requireNonNull (Ljava/lang/Object;)Ljava/lang/Object; 12 74 0 com/google/gson/internal/LazilyParsedNumber <init> (Ljava/lang/String;)V 13 1 0 java/lang/Number <init> ()V 14 1 0 java/lang/Object <init> ()V 12 77 0 com/google/gson/JsonPrimitive <init> (Ljava/lang/Number;)V 13 1 0 com/google/gson/JsonElement <init> ()V 14 1 0 java/lang/Object <init> ()V 13 6 0 java/util/Objects requireNonNull (Ljava/lang/Object;)Ljava/lang/Object; 11 135 0 com/google/gson/JsonObject add (Ljava/lang/String;Lcom/google/gson/JsonElement;)V 12 16 0 com/google/gson/internal/LinkedTreeMap put (Ljava/lang/Object;Ljava/lang/Object;)Ljava/lang/Object; 11 172 0 com/google/gson/stream/JsonReader endObject ()V 11 177 0 java/util/ArrayDeque isEmpty ()Z 8 69 0 com/google/gson/stream/JsonReader setStrictness (Lcom/google/gson/Strictness;)V 9 1 0 java/util/Objects requireNonNull (Ljava/lang/Object;)Ljava/lang/Object; 7 17 0 com/google/gson/Gson assertFullConsumption (Ljava/lang/Object;Lcom/google/gson/stream/JsonReader;)V 8 5 0 com/google/gson/stream/JsonReader peek ()Lcom/google/gson/stream/JsonToken; 4 98 0 com/google/gson/JsonObject getAsJsonArray (Ljava/lang/String;)Lcom/google/gson/JsonArray; 4 101 0 com/google/gson/JsonArray iterator ()Ljava/util/Iterator; 5 4 0 java/util/ArrayList iterator ()Ljava/util/Iterator; 6 5 0 java/util/ArrayList$Itr <init> (Ljava/util/ArrayList;)V 7 6 0 java/lang/Object <init> ()V 4 108 0 java/util/ArrayList$Itr hasNext ()Z 4 131 0 com/google/gson/JsonPrimitive getAsDouble ()D 5 21 0 java/lang/Double parseDouble (Ljava/lang/String;)D 4 165 0 java/lang/Double valueOf (D)Ljava/lang/Double; 5 5 0 java/lang/Double <init> (D)V 6 1 0 java/lang/Number <init> ()V 7 1 0 java/lang/Object <init> ()V 4 172 0 java/lang/Double valueOf (D)Ljava/lang/Double; 5 5 0 java/lang/Double <init> (D)V 6 1 0 java/lang/Number <init> ()V 7 1 0 java/lang/Object <init> ()V 4 179 0 java/lang/Integer valueOf (I)Ljava/lang/Integer; 5 28 0 java/lang/Integer <init> (I)V 6 1 0 java/lang/Number <init> ()V 7 1 0 java/lang/Object <init> ()V 4 182 0 java/util/Map of (Ljava/lang/Object;Ljava/lang/Object;Ljava/lang/Object;Ljava/lang/Object;Ljava/lang/Object;Ljava/lang/Object;)Ljava/util/Map; 5 35 0 java/util/ImmutableCollections$MapN <init> ([Ljava/lang/Object;)V 6 1 0 java/util/ImmutableCollections$AbstractImmutableMap <init> ()V 7 1 0 java/util/AbstractMap <init> ()V 8 1 0 java/lang/Object <init> ()V 6 60 0 java/util/Objects requireNonNull (Ljava/lang/Object;)Ljava/lang/Object; 6 70 0 java/util/Objects requireNonNull (Ljava/lang/Object;)Ljava/lang/Object; 6 78 0 java/util/ImmutableCollections$MapN probe (Ljava/lang/Object;)I 7 1 0 java/lang/String hashCode ()I 8 17 0 java/lang/String isLatin1 ()Z 8 27 0 java/lang/StringLatin1 hashCode ([B)I 9 5 0 jdk/internal/util/ArraysSupport hashCodeOfUnsigned ([BIII)I 10 39 0 java/lang/Byte toUnsignedInt (B)I 7 11 0 java/lang/Math floorMod (II)I 4 185 0 org/example/json/Json toJson (Ljava/lang/Object;)Ljava/lang/String; 5 4 0 org/example/json/JsonSerializer <init> ()V 6 1 0 java/lang/Object <init> ()V 5 8 0 org/example/json/JsonSerializer serialize (Ljava/lang/Object;)Ljava/lang/String; 6 4 0 java/lang/StringBuilder <init> ()V 6 15 0 java/lang/StringBuilder toString ()Ljava/lang/String; 7 1 0 java/lang/StringBuilder length ()I 8 1 0 java/lang/AbstractStringBuilder length ()I 4 197 0 com/google/gson/JsonObject <init> ()V 5 1 0 com/google/gson/JsonElement <init> ()V 6 1 0 java/lang/Object <init> ()V 5 10 0 com/google/gson/internal/LinkedTreeMap <init> (Z)V 6 5 0 com/google/gson/internal/LinkedTreeMap <init> (Ljava/util/Comparator;Z)V 7 1 0 java/util/AbstractMap <init> ()V 8 1 0 java/lang/Object <init> ()V 7 40 0 com/google/gson/internal/LinkedTreeMap$Node <init> (Z)V 8 1 0 java/lang/Object <init> ()V 4 207 0 java/lang/Double valueOf (D)Ljava/lang/Double; 5 5 0 java/lang/Double <init> (D)V 6 1 0 java/lang/Number <init> ()V 7 1 0 java/lang/Object <init> ()V 4 210 0 com/google/gson/JsonObject addProperty (Ljava/lang/String;Ljava/lang/Number;)V 5 17 0 com/google/gson/JsonPrimitive <init> (Ljava/lang/Number;)V 6 1 0 com/google/gson/JsonElement <init> ()V 7 1 0 java/lang/Object <init> ()V 6 6 0 java/util/Objects requireNonNull (Ljava/lang/Object;)Ljava/lang/Object; 4 219 0 java/lang/Double valueOf (D)Ljava/lang/Double; 5 5 0 java/lang/Double <init> (D)V 6 1 0 java/lang/Number <init> ()V 7 1 0 java/lang/Object <init> ()V 4 222 0 com/google/gson/JsonObject addProperty (Ljava/lang/String;Ljava/lang/Number;)V 5 17 0 com/google/gson/JsonPrimitive <init> (Ljava/lang/Number;)V 6 1 0 com/google/gson/JsonElement <init> ()V 7 1 0 java/lang/Object <init> ()V 6 6 0 java/util/Objects requireNonNull (Ljava/lang/Object;)Ljava/lang/Object; 4 231 0 java/lang/Integer valueOf (I)Ljava/lang/Integer; 5 28 0 java/lang/Integer <init> (I)V 6 1 0 java/lang/Number <init> ()V 7 1 0 java/lang/Object <init> ()V 4 234 0 com/google/gson/JsonObject addProperty (Ljava/lang/String;Ljava/lang/Number;)V 5 17 0 com/google/gson/JsonPrimitive <init> (Ljava/lang/Number;)V 6 1 0 com/google/gson/JsonElement <init> ()V 7 1 0 java/lang/Object <init> ()V 6 6 0 java/util/Objects requireNonNull (Ljava/lang/Object;)Ljava/lang/Object; 4 242 0 com/google/gson/Gson toJson (Lcom/google/gson/JsonElement;)Ljava/lang/String; 5 4 0 java/io/StringWriter <init> ()V 6 1 0 java/io/Writer <init> ()V 7 1 0 java/lang/Object <init> ()V 6 9 0 java/lang/StringBuffer <init> ()V 5 11 0 com/google/gson/Gson toJson (Lcom/google/gson/JsonElement;Ljava/lang/Appendable;)V 6 2 0 com/google/gson/internal/Streams writerForAppendable (Ljava/lang/Appendable;)Ljava/io/Writer; 6 5 0 com/google/gson/Gson newJsonWriter (Ljava/io/Writer;)Lcom/google/gson/stream/JsonWriter; 7 18 0 com/google/gson/stream/JsonWriter <init> (Ljava/io/Writer;)V 8 1 0 java/lang/Object <init> ()V 8 20 0 com/google/gson/stream/JsonWriter push (I)V 8 39 0 java/util/Objects requireNonNull (Ljava/lang/Object;Ljava/lang/String;)Ljava/lang/Object; 8 52 0 com/google/gson/stream/JsonWriter setFormattingStyle (Lcom/google/gson/FormattingStyle;)V 9 2 0 java/util/Objects requireNonNull (Ljava/lang/Object;)Ljava/lang/Object; 9 21 0 com/google/gson/FormattingStyle usesSpaceAfterSeparators ()Z 9 66 0 com/google/gson/FormattingStyle getNewline ()Ljava/lang/String; 9 69 0 java/lang/String isEmpty ()Z 9 79 0 com/google/gson/FormattingStyle getIndent ()Ljava/lang/String; 9 82 0 java/lang/String isEmpty ()Z 7 27 0 com/google/gson/stream/JsonWriter setFormattingStyle (Lcom/google/gson/FormattingStyle;)V 8 2 0 java/util/Objects requireNonNull (Ljava/lang/Object;)Ljava/lang/Object; 8 21 0 com/google/gson/FormattingStyle usesSpaceAfterSeparators ()Z 8 66 0 com/google/gson/FormattingStyle getNewline ()Ljava/lang/String; 8 69 0 java/lang/String isEmpty ()Z 8 79 0 com/google/gson/FormattingStyle getIndent ()Ljava/lang/String; 8 82 0 java/lang/String isEmpty ()Z 7 35 0 com/google/gson/stream/JsonWriter setHtmlSafe (Z)V 7 56 0 com/google/gson/stream/JsonWriter setStrictness (Lcom/google/gson/Strictness;)V 8 2 0 java/util/Objects requireNonNull (Ljava/lang/Object;)Ljava/lang/Object; 7 64 0 com/google/gson/stream/JsonWriter setSerializeNulls (Z)V 6 12 0 com/google/gson/Gson toJson (Lcom/google/gson/JsonElement;Lcom/google/gson/stream/JsonWriter;)V 7 1 0 com/google/gson/stream/JsonWriter getStrictness ()Lcom/google/gson/Strictness; 7 6 0 com/google/gson/stream/JsonWriter isHtmlSafe ()Z 7 12 0 com/google/gson/stream/JsonWriter getSerializeNulls ()Z 7 22 0 com/google/gson/stream/JsonWriter setHtmlSafe (Z)V 7 30 0 com/google/gson/stream/JsonWriter setSerializeNulls (Z)V 7 52 0 com/google/gson/stream/JsonWriter getStrictness ()Lcom/google/gson/Strictness; 7 65 0 com/google/gson/stream/JsonWriter setStrictness (Lcom/google/gson/Strictness;)V 8 2 0 java/util/Objects requireNonNull (Ljava/lang/Object;)Ljava/lang/Object; 7 70 0 com/google/gson/internal/Streams write (Lcom/google/gson/JsonElement;Lcom/google/gson/stream/JsonWriter;)V 8 5 0 com/google/gson/internal/bind/TypeAdapters$28 write (Lcom/google/gson/stream/JsonWriter;Ljava/lang/Object;)V 9 6 0 com/google/gson/internal/bind/TypeAdapters$28 write (Lcom/google/gson/stream/JsonWriter;Lcom/google/gson/JsonElement;)V 10 5 0 com/google/gson/JsonElement isJsonNull ()Z 10 20 0 com/google/gson/JsonElement isJsonPrimitive ()Z 10 82 0 com/google/gson/JsonElement isJsonArray ()Z 10 140 0 com/google/gson/JsonElement isJsonObject ()Z 10 147 0 com/google/gson/stream/JsonWriter beginObject ()Lcom/google/gson/stream/JsonWriter; 11 1 0 com/google/gson/stream/JsonWriter writeDeferredName ()V 12 8 0 com/google/gson/stream/JsonWriter beforeName ()V 13 1 0 com/google/gson/stream/JsonWriter peek ()I 13 18 0 java/io/StringWriter write (Ljava/lang/String;)V 14 5 0 java/lang/StringBuffer append (Ljava/lang/String;)Ljava/lang/StringBuffer; 13 40 0 com/google/gson/stream/JsonWriter newline ()V 13 45 0 com/google/gson/stream/JsonWriter replaceTop (I)V 11 8 0 com/google/gson/stream/JsonWriter openScope (IC)Lcom/google/gson/stream/JsonWriter; 12 1 0 com/google/gson/stream/JsonWriter beforeValue ()V 13 1 0 com/google/gson/stream/JsonWriter peek ()I 13 71 0 com/google/gson/stream/JsonWriter replaceTop (I)V 13 116 0 java/io/StringWriter append (Ljava/lang/CharSequence;)Ljava/io/Writer; 14 2 0 java/io/StringWriter append (Ljava/lang/CharSequence;)Ljava/io/StringWriter; 15 2 0 java/lang/String valueOf (Ljava/lang/Object;)Ljava/lang/String; 16 11 0 java/lang/String toString ()Ljava/lang/String; 15 5 0 java/io/StringWriter write (Ljava/lang/String;)V 16 5 0 java/lang/StringBuffer append (Ljava/lang/String;)Ljava/lang/StringBuffer; 13 122 0 com/google/gson/stream/JsonWriter replaceTop (I)V 12 6 0 com/google/gson/stream/JsonWriter push (I)V 12 14 0 java/io/StringWriter write (I)V 13 6 0 java/lang/StringBuffer append (C)Ljava/lang/StringBuffer; 10 152 0 com/google/gson/JsonElement getAsJsonObject ()Lcom/google/gson/JsonObject; 11 1 0 com/google/gson/JsonElement isJsonObject ()Z 10 155 0 com/google/gson/JsonObject entrySet ()Ljava/util/Set; 11 4 0 com/google/gson/internal/LinkedTreeMap entrySet ()Ljava/util/Set; 12 19 0 com/google/gson/internal/LinkedTreeMap$EntrySet <init> (Lcom/google/gson/internal/LinkedTreeMap;)V 13 6 0 java/util/AbstractSet <init> ()V 14 1 0 java/util/AbstractCollection <init> ()V 15 1 0 java/lang/Object <init> ()V 10 158 0 com/google/gson/internal/LinkedTreeMap$EntrySet iterator ()Ljava/util/Iterator; 11 5 0 com/google/gson/internal/LinkedTreeMap$EntrySet$1 <init> (Lcom/google/gson/internal/LinkedTreeMap$EntrySet;)V 12 10 0 com/google/gson/internal/LinkedTreeMap$LinkedTreeMapIterator <init> (Lcom/google/gson/internal/LinkedTreeMap;)V 13 6 0 java/lang/Object <init> ()V 10 165 0 com/google/gson/internal/LinkedTreeMap$LinkedTreeMapIterator hasNext ()Z 10 174 0 com/google/gson/internal/LinkedTreeMap$EntrySet$1 next ()Ljava/lang/Object; 11 1 0 com/google/gson/internal/LinkedTreeMap$EntrySet$1 next ()Ljava/util/Map$Entry; 12 1 0 com/google/gson/internal/LinkedTreeMap$LinkedTreeMapIterator nextNode ()Lcom/google/gson/internal/LinkedTreeMap$Node; 10 187 0 com/google/gson/internal/LinkedTreeMap$Node getKey ()Ljava/lang/Object; 10 195 0 com/google/gson/stream/JsonWriter name (Ljava/lang/String;)Lcom/google/gson/stream/JsonWriter; 11 3 0 java/util/Objects requireNonNull (Ljava/lang/Object;Ljava/lang/String;)Ljava/lang/Object; 11 25 0 com/google/gson/stream/JsonWriter peek ()I 10 203 0 com/google/gson/internal/LinkedTreeMap$Node getValue ()Ljava/lang/Object; 10 211 0 com/google/gson/internal/bind/TypeAdapters$28 write (Lcom/google/gson/stream/JsonWriter;Lcom/google/gson/JsonElement;)V 11 5 0 com/google/gson/JsonElement isJsonNull ()Z 11 20 0 com/google/gson/JsonElement isJsonPrimitive ()Z 11 27 0 com/google/gson/JsonElement getAsJsonPrimitive ()Lcom/google/gson/JsonPrimitive; 12 1 0 com/google/gson/JsonElement isJsonPrimitive ()Z 11 32 0 com/google/gson/JsonPrimitive isNumber ()Z 7 81 0 com/google/gson/stream/JsonWriter setHtmlSafe (Z)V 7 87 0 com/google/gson/stream/JsonWriter setSerializeNulls (Z)V
